  0
SECTION
  2
HEADER
  9
$ACADVER
  1
AC1024
  9
$ACADMAINTVER
 70
6
  9
$DWGCODEPAGE
  3
ANSI_1252
  9
$LASTSAVEDBY
  1
ezdxf
  9
$INSBASE
 10
0.0
 20
0.0
 30
0.0
  9
$EXTMIN
 10
1e+20
 20
1e+20
 30
1e+20
  9
$EXTMAX
 10
-1e+20
 20
-1e+20
 30
-1e+20
  9
$LIMMIN
 10
0.0
 20
0.0
  9
$LIMMAX
 10
420.0
 20
297.0
  9
$ORTHOMODE
 70
0
  9
$REGENMODE
 70
1
  9
$FILLMODE
 70
1
  9
$QTEXTMODE
 70
0
  9
$MIRRTEXT
 70
1
  9
$LTSCALE
 40
1.0
  9
$ATTMODE
 70
1
  9
$TEXTSIZE
 40
2.5
  9
$TRACEWID
 40
1.0
  9
$TEXTSTYLE
  7
OpenSans
  9
$CLAYER
  8
0
  9
$CELTYPE
  6
ByLayer
  9
$CECOLOR
 62
256
  9
$CELTSCALE
 40
1.0
  9
$DISPSILH
 70
0
  9
$DIMSCALE
 40
1.0
  9
$DIMASZ
 40
0.175
  9
$DIMEXO
 40
0.125
  9
$DIMDLI
 40
3.75
  9
$DIMRND
 40
0.0
  9
$DIMDLE
 40
0.0
  9
$DIMEXE
 40
0.375
  9
$DIMTP
 40
0.0
  9
$DIMTM
 40
0.0
  9
$DIMTXT
 40
0.25
  9
$DIMCEN
 40
2.5
  9
$DIMTSZ
 40
0.0
  9
$DIMTOL
 70
0
  9
$DIMLIM
 70
0
  9
$DIMTIH
 70
0
  9
$DIMTOH
 70
0
  9
$DIMSE1
 70
0
  9
$DIMSE2
 70
0
  9
$DIMTAD
 70
1
  9
$DIMZIN
 70
12
  9
$DIMBLK
  1
ARCHTICK
  9
$DIMASO
 70
1
  9
$DIMSHO
 70
1
  9
$DIMPOST
  1

  9
$DIMAPOST
  1

  9
$DIMALT
 70
0
  9
$DIMALTD
 70
3
  9
$DIMALTF
 40
0.03937007874
  9
$DIMLFAC
 40
100.0
  9
$DIMTOFL
 70
1
  9
$DIMTVP
 40
0.0
  9
$DIMTIX
 70
0
  9
$DIMSOXD
 70
0
  9
$DIMSAH
 70
0
  9
$DIMBLK1
  1

  9
$DIMBLK2
  1

  9
$DIMSTYLE
  2
EZDXF
  9
$DIMCLRD
 70
0
  9
$DIMCLRE
 70
0
  9
$DIMCLRT
 70
0
  9
$DIMTFAC
 40
0.5
  9
$DIMGAP
 40
0.1
  9
$DIMJUST
 70
0
  9
$DIMSD1
 70
0
  9
$DIMSD2
 70
0
  9
$DIMTOLJ
 70
0
  9
$DIMTZIN
 70
8
  9
$DIMALTZ
 70
0
  9
$DIMALTTZ
 70
0
  9
$DIMUPT
 70
1
  9
$DIMDEC
 70
2
  9
$DIMTDEC
 70
2
  9
$DIMALTU
 70
2
  9
$DIMALTTD
 70
3
  9
$DIMTXSTY
  7
OpenSansCondensed-Light
  9
$DIMAUNIT
 70
0
  9
$DIMADEC
 70
2
  9
$DIMALTRND
 40
0.0
  9
$DIMAZIN
 70
3
  9
$DIMDSEP
 70
46
  9
$DIMATFIT
 70
3
  9
$DIMFRAC
 70
0
  9
$DIMLDRBLK
  1

  9
$DIMLUNIT
 70
2
  9
$DIMLWD
 70
-2
  9
$DIMLWE
 70
-2
  9
$DIMTMOVE
 70
2
  9
$DIMFXL
 40
1.0
  9
$DIMFXLON
 70
0
  9
$DIMJOGANG
 40
0.785398163397
  9
$DIMTFILL
 70
0
  9
$DIMTFILLCLR
 70
0
  9
$DIMARCSYM
 70
0
  9
$DIMLTYPE
  6

  9
$DIMLTEX1
  6

  9
$DIMLTEX2
  6

  9
$DIMTXTDIRECTION
 70
0
  9
$LUNITS
 70
2
  9
$LUPREC
 70
4
  9
$SKETCHINC
 40
1.0
  9
$FILLETRAD
 40
10.0
  9
$AUNITS
 70
0
  9
$AUPREC
 70
2
  9
$MENU
  1
.
  9
$ELEVATION
 40
0.0
  9
$PELEVATION
 40
0.0
  9
$THICKNESS
 40
0.0
  9
$LIMCHECK
 70
0
  9
$CHAMFERA
 40
0.0
  9
$CHAMFERB
 40
0.0
  9
$CHAMFERC
 40
0.0
  9
$CHAMFERD
 40
0.0
  9
$SKPOLY
 70
0
  9
$TDCREATE
 40
2461318.426076389
  9
$TDUCREATE
 40
2458532.153996898
  9
$TDUPDATE
 40
2461318.426087963
  9
$TDUUPDATE
 40
2458532.1544311
  9
$TDINDWG
 40
0.0
  9
$TDUSRTIMER
 40
0.0
  9
$USRTIMER
 70
1
  9
$ANGBASE
 50
0.0
  9
$ANGDIR
 70
0
  9
$PDMODE
 70
0
  9
$PDSIZE
 40
0.0
  9
$PLINEWID
 40
0.0
  9
$SPLFRAME
 70
0
  9
$SPLINETYPE
 70
6
  9
$SPLINESEGS
 70
8
  9
$HANDSEED
  5
13D9
  9
$SURFTAB1
 70
6
  9
$SURFTAB2
 70
6
  9
$SURFTYPE
 70
6
  9
$SURFU
 70
6
  9
$SURFV
 70
6
  9
$UCSBASE
  2

  9
$UCSNAME
  2

  9
$UCSORG
 10
0.0
 20
0.0
 30
0.0
  9
$UCSXDIR
 10
1.0
 20
0.0
 30
0.0
  9
$UCSYDIR
 10
0.0
 20
1.0
 30
0.0
  9
$UCSORTHOREF
  2

  9
$UCSORTHOVIEW
 70
0
  9
$UCSORGTOP
 10
0.0
 20
0.0
 30
0.0
  9
$UCSORGBOTTOM
 10
0.0
 20
0.0
 30
0.0
  9
$UCSORGLEFT
 10
0.0
 20
0.0
 30
0.0
  9
$UCSORGRIGHT
 10
0.0
 20
0.0
 30
0.0
  9
$UCSORGFRONT
 10
0.0
 20
0.0
 30
0.0
  9
$UCSORGBACK
 10
0.0
 20
0.0
 30
0.0
  9
$PUCSBASE
  2

  9
$PUCSNAME
  2

  9
$PUCSORG
 10
0.0
 20
0.0
 30
0.0
  9
$PUCSXDIR
 10
1.0
 20
0.0
 30
0.0
  9
$PUCSYDIR
 10
0.0
 20
1.0
 30
0.0
  9
$PUCSORTHOREF
  2

  9
$PUCSORTHOVIEW
 70
0
  9
$PUCSORGTOP
 10
0.0
 20
0.0
 30
0.0
  9
$PUCSORGBOTTOM
 10
0.0
 20
0.0
 30
0.0
  9
$PUCSORGLEFT
 10
0.0
 20
0.0
 30
0.0
  9
$PUCSORGRIGHT
 10
0.0
 20
0.0
 30
0.0
  9
$PUCSORGFRONT
 10
0.0
 20
0.0
 30
0.0
  9
$PUCSORGBACK
 10
0.0
 20
0.0
 30
0.0
  9
$USERI1
 70
0
  9
$USERI2
 70
0
  9
$USERI3
 70
0
  9
$USERI4
 70
0
  9
$USERI5
 70
0
  9
$USERR1
 40
0.0
  9
$USERR2
 40
0.0
  9
$USERR3
 40
0.0
  9
$USERR4
 40
0.0
  9
$USERR5
 40
0.0
  9
$WORLDVIEW
 70
1
  9
$SHADEDGE
 70
3
  9
$SHADEDIF
 70
70
  9
$TILEMODE
 70
1
  9
$MAXACTVP
 70
64
  9
$PINSBASE
 10
0.0
 20
0.0
 30
0.0
  9
$PLIMCHECK
 70
0
  9
$PEXTMIN
 10
1e+20
 20
1e+20
 30
1e+20
  9
$PEXTMAX
 10
-1e+20
 20
-1e+20
 30
-1e+20
  9
$PLIMMIN
 10
0.0
 20
0.0
  9
$PLIMMAX
 10
420.0
 20
297.0
  9
$UNITMODE
 70
0
  9
$VISRETAIN
 70
1
  9
$PLINEGEN
 70
0
  9
$PSLTSCALE
 70
1
  9
$TREEDEPTH
 70
3020
  9
$CMLSTYLE
  2
Standard
  9
$CMLJUST
 70
0
  9
$CMLSCALE
 40
20.0
  9
$PROXYGRAPHICS
 70
1
  9
$MEASUREMENT
 70
1
  9
$CELWEIGHT
370
-1
  9
$ENDCAPS
280
0
  9
$JOINSTYLE
280
0
  9
$LWDISPLAY
290
0
  9
$INSUNITS
 70
5
  9
$HYPERLINKBASE
  1

  9
$STYLESHEET
  1

  9
$XEDIT
290
1
  9
$CEPSNTYPE
380
0
  9
$PSTYLEMODE
290
1
  9
$FINGERPRINTGUID
  2
{58E60902-ECEE-4A2C-82A4-0B363D5D9F69}
  9
$VERSIONGUID
  2
{4EF07EAC-E439-4906-935C-0D34F9DECF51}
  9
$EXTNAMES
290
1
  9
$PSVPSCALE
 40
0.0
  9
$OLESTARTUP
290
0
  9
$SORTENTS
280
127
  9
$INDEXCTL
280
0
  9
$HIDETEXT
280
1
  9
$XCLIPFRAME
280
1
  9
$HALOGAP
280
0
  9
$OBSCOLOR
 70
257
  9
$OBSLTYPE
280
0
  9
$INTERSECTIONDISPLAY
280
0
  9
$INTERSECTIONCOLOR
 70
257
  9
$DIMASSOC
280
2
  9
$PROJECTNAME
  1

  9
$CAMERADISPLAY
290
0
  9
$LENSLENGTH
 40
50.0
  9
$CAMERAHEIGHT
 40
0.0
  9
$STEPSPERSEC
 40
24.0
  9
$STEPSIZE
 40
100.0
  9
$3DDWFPREC
 40
2.0
  9
$PSOLWIDTH
 40
0.005
  9
$PSOLHEIGHT
 40
0.08
  9
$LOFTANG1
 40
1.570796326795
  9
$LOFTANG2
 40
1.570796326795
  9
$LOFTMAG1
 40
0.0
  9
$LOFTMAG2
 40
0.0
  9
$LOFTPARAM
 70
7
  9
$LOFTNORMALS
280
1
  9
$LATITUDE
 40
37.795
  9
$LONGITUDE
 40
-122.394
  9
$NORTHDIRECTION
 40
0.0
  9
$TIMEZONE
 70
-8000
  9
$LIGHTGLYPHDISPLAY
280
1
  9
$TILEMODELIGHTSYNCH
280
1
  9
$CMATERIAL
347
20
  9
$SOLIDHIST
280
0
  9
$SHOWHIST
280
1
  9
$DWFFRAME
280
2
  9
$DGNFRAME
280
2
  9
$REALWORLDSCALE
290
1
  9
$INTERFERECOLOR
 62
256
  9
$CSHADOW
280
0
  9
$SHADOWPLANELOCATION
 40
0.0
  0
ENDSEC
  0
SECTION
  2
CLASSES
  0
CLASS
  1
ACDBDICTIONARYWDFLT
  2
AcDbDictionaryWithDefault
  3
ObjectDBX Classes
 90
0
 91
0
280
0
281
0
  0
CLASS
  1
SUN
  2
AcDbSun
  3
SCENEOE
 90
1153
 91
0
280
0
281
0
  0
CLASS
  1
VISUALSTYLE
  2
AcDbVisualStyle
  3
ObjectDBX Classes
 90
4095
 91
0
280
0
281
0
  0
CLASS
  1
MATERIAL
  2
AcDbMaterial
  3
ObjectDBX Classes
 90
1153
 91
0
280
0
281
0
  0
CLASS
  1
SCALE
  2
AcDbScale
  3
ObjectDBX Classes
 90
1153
 91
0
280
0
281
0
  0
CLASS
  1
TABLESTYLE
  2
AcDbTableStyle
  3
ObjectDBX Classes
 90
4095
 91
0
280
0
281
0
  0
CLASS
  1
MLEADERSTYLE
  2
AcDbMLeaderStyle
  3
ACDB_MLEADERSTYLE_CLASS
 90
4095
 91
0
280
0
281
0
  0
CLASS
  1
DICTIONARYVAR
  2
AcDbDictionaryVar
  3
ObjectDBX Classes
 90
0
 91
0
280
0
281
0
  0
CLASS
  1
CELLSTYLEMAP
  2
AcDbCellStyleMap
  3
ObjectDBX Classes
 90
1152
 91
0
280
0
281
0
  0
CLASS
  1
MENTALRAYRENDERSETTINGS
  2
AcDbMentalRayRenderSettings
  3
SCENEOE
 90
1024
 91
0
280
0
281
0
  0
CLASS
  1
ACDBDETAILVIEWSTYLE
  2
AcDbDetailViewStyle
  3
ObjectDBX Classes
 90
1025
 91
0
280
0
281
0
  0
CLASS
  1
ACDBSECTIONVIEWSTYLE
  2
AcDbSectionViewStyle
  3
ObjectDBX Classes
 90
1025
 91
0
280
0
281
0
  0
CLASS
  1
RASTERVARIABLES
  2
AcDbRasterVariables
  3
ISM
 90
0
 91
0
280
0
281
0
  0
CLASS
  1
ACDBPLACEHOLDER
  2
AcDbPlaceHolder
  3
ObjectDBX Classes
 90
0
 91
0
280
0
281
0
  0
CLASS
  1
LAYOUT
  2
AcDbLayout
  3
ObjectDBX Classes
 90
0
 91
0
280
0
281
0
  0
ENDSEC
  0
SECTION
  2
TABLES
  0
TABLE
  2
VPORT
  5
8
330
0
100
AcDbSymbolTable
 70
1
  0
VPORT
  5
23
330
8
100
AcDbSymbolTableRecord
100
AcDbViewportTableRecord
  2
*Active
 70
0
 10
0.0
 20
0.0
 11
1.0
 21
1.0
 12
0.0
 22
0.0
 13
0.0
 23
0.0
 14
0.5
 24
0.5
 15
0.5
 25
0.5
 16
0.0
 26
0.0
 36
1.0
 17
0.0
 27
0.0
 37
0.0
 40
1000.0
 41
1.34
 42
50.0
 43
0.0
 44
0.0
 50
0.0
 51
0.0
 71
0
 72
1000
 73
1
 74
3
 75
0
 76
0
 77
0
 78
0
281
0
 65
0
146
0.0
  0
ENDTAB
  0
TABLE
  2
LTYPE
  5
2
330
0
100
AcDbSymbolTable
 70
21
  0
LTYPE
  5
24
330
2
100
AcDbSymbolTableRecord
100
AcDbLinetypeTableRecord
  2
ByBlock
 70
0
  3

 72
65
 73
0
 40
0.0
  0
LTYPE
  5
25
330
2
100
AcDbSymbolTableRecord
100
AcDbLinetypeTableRecord
  2
ByLayer
 70
0
  3

 72
65
 73
0
 40
0.0
  0
LTYPE
  5
26
330
2
100
AcDbSymbolTableRecord
100
AcDbLinetypeTableRecord
  2
Continuous
 70
0
  3

 72
65
 73
0
 40
0.0
  0
LTYPE
  5
2F
330
2
100
AcDbSymbolTableRecord
100
AcDbLinetypeTableRecord
  2
CENTER
 70
0
  3
Center ____ _ ____ _ ____ _ ____ _ ____ _ ____
 72
65
 73
4
 40
5.08
 49
3.175
 74
0
 49
-0.635
 74
0
 49
0.635
 74
0
 49
-0.635
 74
0
  0
LTYPE
  5
30
330
2
100
AcDbSymbolTableRecord
100
AcDbLinetypeTableRecord
  2
CENTERX2
 70
0
  3
Center (2x) ________  __  ________  __  ________
 72
65
 73
4
 40
8.89
 49
6.35
 74
0
 49
-0.635
 74
0
 49
1.27
 74
0
 49
-0.635
 74
0
  0
LTYPE
  5
31
330
2
100
AcDbSymbolTableRecord
100
AcDbLinetypeTableRecord
  2
CENTER2
 70
0
  3
Center (.5x) ____ _ ____ _ ____ _ ____ _ ____
 72
65
 73
4
 40
2.54
 49
1.587
 74
0
 49
-0.318
 74
0
 49
0.318
 74
0
 49
-0.318
 74
0
  0
LTYPE
  5
32
330
2
100
AcDbSymbolTableRecord
100
AcDbLinetypeTableRecord
  2
DASHED
 70
0
  3
Dashed __ __ __ __ __ __ __ __ __ __ __ __ __ _
 72
65
 73
2
 40
1.524
 49
1.27
 74
0
 49
-0.254
 74
0
  0
LTYPE
  5
33
330
2
100
AcDbSymbolTableRecord
100
AcDbLinetypeTableRecord
  2
DASHEDX2
 70
0
  3
Dashed (2x) ____  ____  ____  ____  ____  ____
 72
65
 73
2
 40
3.048
 49
2.54
 74
0
 49
-0.508
 74
0
  0
LTYPE
  5
34
330
2
100
AcDbSymbolTableRecord
100
AcDbLinetypeTableRecord
  2
DASHED2
 70
0
  3
Dashed (.5x) _ _ _ _ _ _ _ _ _ _ _ _ _ _
 72
65
 73
2
 40
0.762
 49
0.635
 74
0
 49
-0.127
 74
0
  0
LTYPE
  5
35
330
2
100
AcDbSymbolTableRecord
100
AcDbLinetypeTableRecord
  2
PHANTOM
 70
0
  3
Phantom ______  __  __  ______  __  __  ______
 72
65
 73
6
 40
6.35
 49
3.175
 74
0
 49
-0.635
 74
0
 49
0.635
 74
0
 49
-0.635
 74
0
 49
0.635
 74
0
 49
-0.635
 74
0
  0
LTYPE
  5
36
330
2
100
AcDbSymbolTableRecord
100
AcDbLinetypeTableRecord
  2
PHANTOMX2
 70
0
  3
Phantom (2x)____________    ____    ____    ____________
 72
65
 73
6
 40
10.795
 49
6.35
 74
0
 49
-0.635
 74
0
 49
1.27
 74
0
 49
-0.635
 74
0
 49
1.27
 74
0
 49
-0.635
 74
0
  0
LTYPE
  5
37
330
2
100
AcDbSymbolTableRecord
100
AcDbLinetypeTableRecord
  2
PHANTOM2
 70
0
  3
Phantom (.5x) ___ _ _ ___ _ _ ___ _ _ ___ _ _ ___
 72
65
 73
6
 40
3.175
 49
1.587
 74
0
 49
-0.318
 74
0
 49
0.318
 74
0
 49
-0.318
 74
0
 49
0.318
 74
0
 49
-0.318
 74
0
  0
LTYPE
  5
38
330
2
100
AcDbSymbolTableRecord
100
AcDbLinetypeTableRecord
  2
DASHDOT
 70
0
  3
Dash dot __ . __ . __ . __ . __ . __ . __ . __
 72
65
 73
4
 40
3.556
 49
2.54
 74
0
 49
-0.508
 74
0
 49
0.0
 74
0
 49
-0.508
 74
0
  0
LTYPE
  5
39
330
2
100
AcDbSymbolTableRecord
100
AcDbLinetypeTableRecord
  2
DASHDOTX2
 70
0
  3
Dash dot (2x) ____  .  ____  .  ____  .  ____
 72
65
 73
4
 40
6.096
 49
5.08
 74
0
 49
-0.508
 74
0
 49
0.0
 74
0
 49
-0.508
 74
0
  0
LTYPE
  5
3A
330
2
100
AcDbSymbolTableRecord
100
AcDbLinetypeTableRecord
  2
DASHDOT2
 70
0
  3
Dash dot (.5x) _ . _ . _ . _ . _ . _ . _ . _
 72
65
 73
4
 40
1.778
 49
1.27
 74
0
 49
-0.254
 74
0
 49
0.0
 74
0
 49
-0.254
 74
0
  0
LTYPE
  5
3B
330
2
100
AcDbSymbolTableRecord
100
AcDbLinetypeTableRecord
  2
DOT
 70
0
  3
Dot .  .  .  .  .  .  .  .  .  .  .  .  .  .  .  .
 72
65
 73
2
 40
0.508
 49
0.0
 74
0
 49
-0.508
 74
0
  0
LTYPE
  5
3C
330
2
100
AcDbSymbolTableRecord
100
AcDbLinetypeTableRecord
  2
DOTX2
 70
0
  3
Dot (2x) .    .    .    .    .    .    .    . 
 72
65
 73
2
 40
1.016
 49
0.0
 74
0
 49
-1.016
 74
0
  0
LTYPE
  5
3D
330
2
100
AcDbSymbolTableRecord
100
AcDbLinetypeTableRecord
  2
DOT2
 70
0
  3
Dot (.5) . . . . . . . . . . . . . . . . . . . 
 72
65
 73
2
 40
0.254
 49
0.0
 74
0
 49
-0.254
 74
0
  0
LTYPE
  5
3E
330
2
100
AcDbSymbolTableRecord
100
AcDbLinetypeTableRecord
  2
DIVIDE
 70
0
  3
Divide __ . . __ . . __ . . __ . . __ . . __
 72
65
 73
6
 40
4.064
 49
2.54
 74
0
 49
-0.508
 74
0
 49
0.0
 74
0
 49
-0.508
 74
0
 49
0.0
 74
0
 49
-0.508
 74
0
  0
LTYPE
  5
3F
330
2
100
AcDbSymbolTableRecord
100
AcDbLinetypeTableRecord
  2
DIVIDEX2
 70
0
  3
Divide (2x) ____  . .  ____  . .  ____  . .  ____
 72
65
 73
6
 40
6.604
 49
5.08
 74
0
 49
-0.508
 74
0
 49
0.0
 74
0
 49
-0.508
 74
0
 49
0.0
 74
0
 49
-0.508
 74
0
  0
LTYPE
  5
40
330
2
100
AcDbSymbolTableRecord
100
AcDbLinetypeTableRecord
  2
DIVIDE2
 70
0
  3
Divide(.5x) _ . _ . _ . _ . _ . _ . _ . _
 72
65
 73
6
 40
2.032
 49
1.27
 74
0
 49
-0.254
 74
0
 49
0.0
 74
0
 49
-0.254
 74
0
 49
0.0
 74
0
 49
-0.254
 74
0
  0
ENDTAB
  0
TABLE
  2
LAYER
  5
1
330
0
100
AcDbSymbolTable
 70
19
  0
LAYER
  5
27
330
1
100
AcDbSymbolTableRecord
100
AcDbLayerTableRecord
  2
0
 70
0
 62
7
  6
Continuous
370
-3
390
13
347
21
  0
LAYER
  5
28
330
1
100
AcDbSymbolTableRecord
100
AcDbLayerTableRecord
  2
Defpoints
 70
0
 62
7
  6
Continuous
290
0
370
-3
390
13
347
21
  0
LAYER
  5
8A
330
1
100
AcDbSymbolTableRecord
100
AcDbLayerTableRecord
  2
SLAB
 70
0
 62
7
  6
Continuous
370
-3
390
13
347
21
  0
LAYER
  5
8B
330
1
100
AcDbSymbolTableRecord
100
AcDbLayerTableRecord
  2
OPENING
 70
0
 62
1
  6
Continuous
370
-3
390
13
347
21
  0
LAYER
  5
8C
330
1
100
AcDbSymbolTableRecord
100
AcDbLayerTableRecord
  2
COLUMN
 70
0
 62
3
  6
Continuous
370
-3
390
13
347
21
  0
LAYER
  5
8D
330
1
100
AcDbSymbolTableRecord
100
AcDbLayerTableRecord
  2
WALL
 70
0
 62
4
  6
Continuous
370
-3
390
13
347
21
  0
LAYER
  5
8E
330
1
100
AcDbSymbolTableRecord
100
AcDbLayerTableRecord
  2
AXIS
 70
0
 62
8
  6
Continuous
370
-3
390
13
347
21
  0
LAYER
  5
112
330
1
100
AcDbSymbolTableRecord
100
AcDbLayerTableRecord
  2
FW_WALL_HATCH
 70
0
 62
8
  6
Continuous
370
-3
390
13
347
21
  0
LAYER
  5
113
330
1
100
AcDbSymbolTableRecord
100
AcDbLayerTableRecord
  2
FW_COLUMN_HATCH
 70
0
 62
8
  6
Continuous
370
-3
390
13
347
21
  0
LAYER
  5
114
330
1
100
AcDbSymbolTableRecord
100
AcDbLayerTableRecord
  2
FW_SLAB_SECTION
 70
0
 62
8
  6
Continuous
370
-3
390
13
347
21
  0
LAYER
  5
115
330
1
100
AcDbSymbolTableRecord
100
AcDbLayerTableRecord
  2
FW_DIM
 70
0
 62
7
  6
Continuous
370
-3
390
13
347
21
  0
LAYER
  5
116
330
1
100
AcDbSymbolTableRecord
100
AcDbLayerTableRecord
  2
FW_TEXT
 70
0
 62
7
  6
Continuous
370
-3
390
13
347
21
  0
LAYER
  5
117
330
1
100
AcDbSymbolTableRecord
100
AcDbLayerTableRecord
  2
FW_AXIS
 70
0
 62
7
  6
Continuous
370
-3
390
13
347
21
  0
LAYER
  5
118
330
1
100
AcDbSymbolTableRecord
100
AcDbLayerTableRecord
  2
FW_OPENING
 70
0
 62
1
  6
Continuous
370
-3
390
13
347
21
  0
LAYER
  5
D2C
330
1
100
AcDbSymbolTableRecord
100
AcDbLayerTableRecord
  2
REB_BOT_MESH_X
 70
0
 62
5
  6
Continuous
370
-3
390
13
347
21
  0
LAYER
  5
EA6
330
1
100
AcDbSymbolTableRecord
100
AcDbLayerTableRecord
  2
REB_NOTES
 70
0
 62
7
  6
Continuous
370
-3
390
13
347
21
  0
LAYER
  5
EE8
330
1
100
AcDbSymbolTableRecord
100
AcDbLayerTableRecord
  2
REB_BOT_MESH_Y
 70
0
 62
5
  6
Continuous
370
-3
390
13
347
21
  0
LAYER
  5
1089
330
1
100
AcDbSymbolTableRecord
100
AcDbLayerTableRecord
  2
REB_TOP_MESH_X
 70
0
 62
5
  6
Continuous
370
-3
390
13
347
21
  0
LAYER
  5
1251
330
1
100
AcDbSymbolTableRecord
100
AcDbLayerTableRecord
  2
REB_TOP_MESH_Y
 70
0
 62
5
  6
Continuous
370
-3
390
13
347
21
  0
ENDTAB
  0
TABLE
  2
STYLE
  5
5
330
0
100
AcDbSymbolTable
 70
27
  0
STYLE
  5
29
330
5
100
AcDbSymbolTableRecord
100
AcDbTextStyleTableRecord
  2
Standard
 70
0
 40
0.0
 41
1.0
 50
0.0
 71
0
 42
2.5
  3
txt
  4

  0
STYLE
  5
41
330
5
100
AcDbSymbolTableRecord
100
AcDbTextStyleTableRecord
  2
OpenSans-Light
 70
0
 40
0.0
 41
1.0
 50
0.0
 71
0
 42
2.5
  3
OpenSans-Light.ttf
  4

  0
STYLE
  5
42
330
5
100
AcDbSymbolTableRecord
100
AcDbTextStyleTableRecord
  2
OpenSans-Light-Italic
 70
0
 40
0.0
 41
1.0
 50
0.0
 71
0
 42
2.5
  3
OpenSans-LightItalic.ttf
  4

  0
STYLE
  5
43
330
5
100
AcDbSymbolTableRecord
100
AcDbTextStyleTableRecord
  2
OpenSans
 70
0
 40
0.0
 41
1.0
 50
0.0
 71
0
 42
2.5
  3
OpenSans-Regular.ttf
  4

  0
STYLE
  5
44
330
5
100
AcDbSymbolTableRecord
100
AcDbTextStyleTableRecord
  2
OpenSans-Italic
 70
0
 40
0.0
 41
1.0
 50
0.0
 71
0
 42
2.5
  3
OpenSans-Italic.ttf
  4

  0
STYLE
  5
45
330
5
100
AcDbSymbolTableRecord
100
AcDbTextStyleTableRecord
  2
OpenSans-SemiBold
 70
0
 40
0.0
 41
1.0
 50
0.0
 71
0
 42
2.5
  3
OpenSans-SemiBold.ttf
  4

  0
STYLE
  5
46
330
5
100
AcDbSymbolTableRecord
100
AcDbTextStyleTableRecord
  2
OpenSans-SemiBoldItalic
 70
0
 40
0.0
 41
1.0
 50
0.0
 71
0
 42
2.5
  3
OpenSans-SemiBoldItalic.ttf
  4

  0
STYLE
  5
47
330
5
100
AcDbSymbolTableRecord
100
AcDbTextStyleTableRecord
  2
OpenSans-Bold
 70
0
 40
0.0
 41
1.0
 50
0.0
 71
0
 42
2.5
  3
OpenSans-Bold.ttf
  4

  0
STYLE
  5
48
330
5
100
AcDbSymbolTableRecord
100
AcDbTextStyleTableRecord
  2
OpenSans-BoldItalic
 70
0
 40
0.0
 41
1.0
 50
0.0
 71
0
 42
2.5
  3
OpenSans-BoldItalic.ttf
  4

  0
STYLE
  5
49
330
5
100
AcDbSymbolTableRecord
100
AcDbTextStyleTableRecord
  2
OpenSans-ExtraBold
 70
0
 40
0.0
 41
1.0
 50
0.0
 71
0
 42
2.5
  3
OpenSans-ExtraBold.ttf
  4

  0
STYLE
  5
4A
330
5
100
AcDbSymbolTableRecord
100
AcDbTextStyleTableRecord
  2
OpenSans-ExtraBoldItalic
 70
0
 40
0.0
 41
1.0
 50
0.0
 71
0
 42
2.5
  3
OpenSans-ExtraBoldItalic.ttf
  4

  0
STYLE
  5
4B
330
5
100
AcDbSymbolTableRecord
100
AcDbTextStyleTableRecord
  2
OpenSansCondensed-Bold
 70
0
 40
0.0
 41
1.0
 50
0.0
 71
0
 42
2.5
  3
OpenSansCondensed-Bold.ttf
  4

  0
STYLE
  5
4C
330
5
100
AcDbSymbolTableRecord
100
AcDbTextStyleTableRecord
  2
OpenSansCondensed-Light
 70
0
 40
0.0
 41
1.0
 50
0.0
 71
0
 42
2.5
  3
OpenSansCondensed-Light.ttf
  4

  0
STYLE
  5
4D
330
5
100
AcDbSymbolTableRecord
100
AcDbTextStyleTableRecord
  2
OpenSansCondensed-Italic
 70
0
 40
0.0
 41
1.0
 50
0.0
 71
0
 42
2.5
  3
OpenSansCondensed-LightItalic.ttf
  4

  0
STYLE
  5
4E
330
5
100
AcDbSymbolTableRecord
100
AcDbTextStyleTableRecord
  2
LiberationSans
 70
0
 40
0.0
 41
1.0
 50
0.0
 71
0
 42
2.5
  3
LiberationSans-Regular.ttf
  4

  0
STYLE
  5
4F
330
5
100
AcDbSymbolTableRecord
100
AcDbTextStyleTableRecord
  2
LiberationSans-Bold
 70
0
 40
0.0
 41
1.0
 50
0.0
 71
0
 42
2.5
  3
LiberationSans-Bold.ttf
  4

  0
STYLE
  5
50
330
5
100
AcDbSymbolTableRecord
100
AcDbTextStyleTableRecord
  2
LiberationSans-BoldItalic
 70
0
 40
0.0
 41
1.0
 50
0.0
 71
0
 42
2.5
  3
LiberationSans-BoldItalic.ttf
  4

  0
STYLE
  5
51
330
5
100
AcDbSymbolTableRecord
100
AcDbTextStyleTableRecord
  2
LiberationSans-Italic
 70
0
 40
0.0
 41
1.0
 50
0.0
 71
0
 42
2.5
  3
LiberationSans-Italic.ttf
  4

  0
STYLE
  5
52
330
5
100
AcDbSymbolTableRecord
100
AcDbTextStyleTableRecord
  2
LiberationSerif
 70
0
 40
0.0
 41
1.0
 50
0.0
 71
0
 42
2.5
  3
LiberationSerif-Regular.ttf
  4

  0
STYLE
  5
53
330
5
100
AcDbSymbolTableRecord
100
AcDbTextStyleTableRecord
  2
LiberationSerif-Bold
 70
0
 40
0.0
 41
1.0
 50
0.0
 71
0
 42
2.5
  3
LiberationSerif-Bold.ttf
  4

  0
STYLE
  5
54
330
5
100
AcDbSymbolTableRecord
100
AcDbTextStyleTableRecord
  2
LiberationSerif-BoldItalic
 70
0
 40
0.0
 41
1.0
 50
0.0
 71
0
 42
2.5
  3
LiberationSerif-BoldItalic.ttf
  4

  0
STYLE
  5
55
330
5
100
AcDbSymbolTableRecord
100
AcDbTextStyleTableRecord
  2
LiberationSerif-Italic
 70
0
 40
0.0
 41
1.0
 50
0.0
 71
0
 42
2.5
  3
LiberationSerif-Italic.ttf
  4

  0
STYLE
  5
56
330
5
100
AcDbSymbolTableRecord
100
AcDbTextStyleTableRecord
  2
LiberationMono
 70
0
 40
0.0
 41
1.0
 50
0.0
 71
0
 42
2.5
  3
LiberationMono-Regular.ttf
  4

  0
STYLE
  5
57
330
5
100
AcDbSymbolTableRecord
100
AcDbTextStyleTableRecord
  2
LiberationMono-Bold
 70
0
 40
0.0
 41
1.0
 50
0.0
 71
0
 42
2.5
  3
LiberationMono-Bold.ttf
  4

  0
STYLE
  5
58
330
5
100
AcDbSymbolTableRecord
100
AcDbTextStyleTableRecord
  2
LiberationMono-BoldItalic
 70
0
 40
0.0
 41
1.0
 50
0.0
 71
0
 42
2.5
  3
LiberationMono-BoldItalic.ttf
  4

  0
STYLE
  5
59
330
5
100
AcDbSymbolTableRecord
100
AcDbTextStyleTableRecord
  2
LiberationMono-Italic
 70
0
 40
0.0
 41
1.0
 50
0.0
 71
0
 42
2.5
  3
LiberationMono-Italic.ttf
  4

  0
STYLE
  5
D26
330
5
100
AcDbSymbolTableRecord
100
AcDbTextStyleTableRecord
  2
REBAR_TXT
 70
0
 40
0.0
 41
1.0
 50
0.0
 71
0
 42
2.5
  3
arial.ttf
  4

  0
ENDTAB
  0
TABLE
  2
VIEW
  5
7
330
0
100
AcDbSymbolTable
 70
0
  0
ENDTAB
  0
TABLE
  2
UCS
  5
6
330
0
100
AcDbSymbolTable
 70
0
  0
ENDTAB
  0
TABLE
  2
APPID
  5
3
330
0
100
AcDbSymbolTable
 70
3
  0
APPID
  5
2A
330
3
100
AcDbSymbolTableRecord
100
AcDbRegAppTableRecord
  2
ACAD
 70
0
  0
APPID
  5
CF
330
3
100
AcDbSymbolTableRecord
100
AcDbRegAppTableRecord
  2
HATCHBACKGROUNDCOLOR
 70
0
  0
APPID
  5
D0
330
3
100
AcDbSymbolTableRecord
100
AcDbRegAppTableRecord
  2
EZDXF
 70
0
  0
ENDTAB
  0
TABLE
  2
DIMSTYLE
  5
4
330
0
100
AcDbSymbolTable
 70
15
100
AcDbDimStyleTable
  0
DIMSTYLE
105
2B
330
4
100
AcDbSymbolTableRecord
100
AcDbDimStyleTableRecord
  2
Standard
 70
0
 40
1.0
 41
2.5
 42
0.625
 43
3.75
 44
1.25
 45
0.0
 46
0.0
 47
0.0
 48
0.0
 49
2.5
140
2.5
141
2.5
142
0.0
143
0.03937007874
144
1.0
145
0.0
146
1.0
147
0.625
148
0.0
 69
0
 70
0
 71
0
 72
0
 73
0
 74
0
 75
0
 76
0
 77
1
 78
8
 79
3
170
0
171
3
172
1
173
0
174
0
175
0
176
0
177
0
178
0
179
2
271
2
272
2
273
2
274
3
275
0
276
0
277
2
278
44
279
0
280
0
281
0
282
0
283
0
284
8
285
0
286
0
288
0
289
3
290
0
371
-2
372
-2
  0
DIMSTYLE
105
73
330
4
100
AcDbSymbolTableRecord
100
AcDbDimStyleTableRecord
  2
EZDXF
 70
0
 40
1.0
 41
0.175
 42
0.125
 43
3.75
 44
0.375
 45
0.0
 46
0.0
 47
0.0
 48
0.0
 49
2.5
140
0.25
141
2.5
142
0.0
143
0.03937007874
144
100.0
145
0.0
146
0.5
147
0.1
148
0.0
 69
0
 70
0
 71
0
 72
0
 73
0
 74
0
 75
0
 76
0
 77
1
 78
12
 79
3
170
0
171
3
172
1
173
0
174
0
175
0
176
0
177
0
178
0
179
2
271
2
272
2
273
2
274
3
275
0
276
0
277
2
278
46
279
2
280
0
281
0
282
0
283
0
284
8
285
0
286
0
288
1
289
3
290
0
340
4C
342
74
371
-2
372
-2
  0
DIMSTYLE
105
7C
330
4
100
AcDbSymbolTableRecord
100
AcDbDimStyleTableRecord
  2
EZ_M_100_H25_CM
 70
0
 40
1.0
 41
0.25
 42
0.125
 43
3.75
 44
0.375
 45
0.0
 46
0.0
 47
0.0
 48
0.0
 49
2.5
140
0.25
141
2.5
142
0.125
143
0.03937007874
144
100.0
145
0.0
146
0.5
147
0.1
148
0.0
 69
0
 70
0
 71
0
 72
0
 73
0
 74
0
 75
0
 76
0
 77
1
 78
12
 79
3
170
0
171
3
172
1
173
0
174
0
175
0
176
0
177
0
178
0
179
2
271
2
272
2
273
2
274
3
275
0
276
0
277
2
278
46
279
2
280
0
281
0
282
0
283
0
284
8
285
0
286
0
288
1
289
3
290
0
340
4C
371
-2
372
-2
  0
DIMSTYLE
105
7D
330
4
100
AcDbSymbolTableRecord
100
AcDbDimStyleTableRecord
  2
EZ_M_50_H25_CM
 70
0
 40
1.0
 41
0.125
 42
0.0625
 43
3.75
 44
0.1875
 45
0.0
 46
0.0
 47
0.0
 48
0.0
 49
2.5
140
0.125
141
2.5
142
0.0625
143
0.03937007874
144
100.0
145
0.0
146
0.5
147
0.05
148
0.0
 69
0
 70
0
 71
0
 72
0
 73
0
 74
0
 75
0
 76
0
 77
1
 78
12
 79
3
170
0
171
3
172
1
173
0
174
0
175
0
176
0
177
0
178
0
179
2
271
2
272
2
273
2
274
3
275
0
276
0
277
2
278
46
279
2
280
0
281
0
282
0
283
0
284
8
285
0
286
0
288
1
289
3
290
0
340
4C
371
-2
372
-2
  0
DIMSTYLE
105
7E
330
4
100
AcDbSymbolTableRecord
100
AcDbDimStyleTableRecord
  2
EZ_M_25_H25_CM
 70
0
 40
1.0
 41
0.0625
 42
0.03125
 43
3.75
 44
0.09375
 45
0.0
 46
0.0
 47
0.0
 48
0.0
 49
2.5
140
0.0625
141
2.5
142
0.03125
143
0.03937007874
144
100.0
145
0.0
146
0.5
147
0.025
148
0.0
 69
0
 70
0
 71
0
 72
0
 73
0
 74
0
 75
0
 76
0
 77
1
 78
12
 79
3
170
0
171
3
172
1
173
0
174
0
175
0
176
0
177
0
178
0
179
2
271
2
272
2
273
2
274
3
275
0
276
0
277
2
278
46
279
2
280
0
281
0
282
0
283
0
284
8
285
0
286
0
288
1
289
3
290
0
340
4C
371
-2
372
-2
  0
DIMSTYLE
105
7F
330
4
100
AcDbSymbolTableRecord
100
AcDbDimStyleTableRecord
  2
EZ_M_20_H25_CM
 70
0
 40
1.0
 41
0.05
 42
0.025
 43
3.75
 44
0.07500000000000001
 45
0.0
 46
0.0
 47
0.0
 48
0.0
 49
2.5
140
0.05
141
2.5
142
0.025
143
0.03937007874
144
100.0
145
0.0
146
0.5
147
0.020000000000000004
148
0.0
 69
0
 70
0
 71
0
 72
0
 73
0
 74
0
 75
0
 76
0
 77
1
 78
12
 79
3
170
0
171
3
172
1
173
0
174
0
175
0
176
0
177
0
178
0
179
2
271
2
272
2
273
2
274
3
275
0
276
0
277
2
278
46
279
2
280
0
281
0
282
0
283
0
284
8
285
0
286
0
288
1
289
3
290
0
340
4C
371
-2
372
-2
  0
DIMSTYLE
105
80
330
4
100
AcDbSymbolTableRecord
100
AcDbDimStyleTableRecord
  2
EZ_M_10_H25_CM
 70
0
 40
1.0
 41
0.025
 42
0.0125
 43
3.75
 44
0.037500000000000006
 45
0.0
 46
0.0
 47
0.0
 48
0.0
 49
2.5
140
0.025
141
2.5
142
0.0125
143
0.03937007874
144
100.0
145
0.0
146
0.5
147
0.010000000000000002
148
0.0
 69
0
 70
0
 71
0
 72
0
 73
0
 74
0
 75
0
 76
0
 77
1
 78
12
 79
3
170
0
171
3
172
1
173
0
174
0
175
0
176
0
177
0
178
0
179
2
271
2
272
2
273
2
274
3
275
0
276
0
277
2
278
46
279
2
280
0
281
0
282
0
283
0
284
8
285
0
286
0
288
1
289
3
290
0
340
4C
371
-2
372
-2
  0
DIMSTYLE
105
81
330
4
100
AcDbSymbolTableRecord
100
AcDbDimStyleTableRecord
  2
EZ_M_5_H25_CM
 70
0
 40
1.0
 41
0.0125
 42
0.00625
 43
3.75
 44
0.018750000000000003
 45
0.0
 46
0.0
 47
0.0
 48
0.0
 49
2.5
140
0.0125
141
2.5
142
0.00625
143
0.03937007874
144
100.0
145
0.0
146
0.5
147
0.005000000000000001
148
0.0
 69
0
 70
0
 71
0
 72
0
 73
0
 74
0
 75
0
 76
0
 77
1
 78
12
 79
3
170
0
171
3
172
1
173
0
174
0
175
0
176
0
177
0
178
0
179
2
271
2
272
2
273
2
274
3
275
0
276
0
277
2
278
46
279
2
280
0
281
0
282
0
283
0
284
8
285
0
286
0
288
1
289
3
290
0
340
4C
371
-2
372
-2
  0
DIMSTYLE
105
82
330
4
100
AcDbSymbolTableRecord
100
AcDbDimStyleTableRecord
  2
EZ_M_1_H25_CM
 70
0
 40
1.0
 41
0.0025
 42
0.00125
 43
3.75
 44
0.00375
 45
0.0
 46
0.0
 47
0.0
 48
0.0
 49
2.5
140
0.0025
141
2.5
142
0.00125
143
0.03937007874
144
100.0
145
0.0
146
0.5
147
0.001
148
0.0
 69
0
 70
0
 71
0
 72
0
 73
0
 74
0
 75
0
 76
0
 77
1
 78
12
 79
3
170
0
171
3
172
1
173
0
174
0
175
0
176
0
177
0
178
0
179
2
271
2
272
2
273
2
274
3
275
0
276
0
277
2
278
46
279
2
280
0
281
0
282
0
283
0
284
8
285
0
286
0
288
1
289
3
290
0
340
4C
371
-2
372
-2
  0
DIMSTYLE
105
83
330
4
100
AcDbSymbolTableRecord
100
AcDbDimStyleTableRecord
  2
EZ_RADIUS
 70
0
 40
1.0
 41
0.25
 42
0.125
 43
3.75
 44
0.375
 45
0.0
 46
0.0
 47
0.0
 48
0.0
 49
2.5
140
0.25
141
0.0
142
0.0
143
0.03937007874
144
100.0
145
0.0
146
0.5
147
0.1
148
0.0
 69
0
 70
0
 71
0
 72
0
 73
0
 74
0
 75
0
 76
0
 77
1
 78
12
 79
3
170
0
171
3
172
0
173
0
174
0
175
0
176
0
177
0
178
0
179
2
271
2
272
2
273
2
274
3
275
0
276
0
277
2
278
46
279
1
280
0
281
0
282
0
283
0
284
8
285
0
286
0
288
1
289
3
290
0
340
4C
342
84
371
-2
372
-2
  0
DIMSTYLE
105
88
330
4
100
AcDbSymbolTableRecord
100
AcDbDimStyleTableRecord
  2
EZ_RADIUS_INSIDE
 70
0
 40
1.0
 41
0.25
 42
0.125
 43
3.75
 44
0.375
 45
0.0
 46
0.0
 47
0.0
 48
0.0
 49
2.5
140
0.25
141
0.0
142
0.0
143
0.03937007874
144
100.0
145
0.0
146
0.5
147
0.1
148
0.0
 69
0
 70
0
 71
0
 72
0
 73
0
 74
0
 75
0
 76
0
 77
0
 78
12
 79
3
170
0
171
3
172
0
173
0
174
1
175
0
176
0
177
0
178
0
179
2
271
2
272
2
273
2
274
3
275
0
276
0
277
2
278
46
279
0
280
0
281
0
282
0
283
0
284
8
285
0
286
0
288
1
289
0
290
0
340
4C
342
84
371
-2
372
-2
  0
DIMSTYLE
105
89
330
4
100
AcDbSymbolTableRecord
100
AcDbDimStyleTableRecord
  2
EZ_CURVED
 70
0
 40
1.0
 41
0.25
 42
0.125
 43
3.75
 44
0.375
 45
0.0
 46
0.0
 47
0.0
 48
0.0
 49
2.5
140
0.25
141
2.5
142
0.0
143
0.03937007874
144
100.0
145
0.0
146
0.5
147
0.1
148
0.0
 69
0
 70
0
 71
0
 72
0
 73
0
 74
0
 75
0
 76
0
 77
1
 78
12
 79
2
 90
2
170
0
171
3
172
1
173
0
174
0
175
0
176
0
177
0
178
0
179
2
271
2
272
2
273
2
274
3
275
0
276
0
277
2
278
46
279
2
280
0
281
0
282
0
283
0
284
8
285
0
286
0
288
1
289
3
290
0
340
4C
371
-2
372
-2
  0
DIMSTYLE
105
119
330
4
100
AcDbSymbolTableRecord
100
AcDbDimStyleTableRecord
  2
FW_DIM
 70
0
 40
1.0
 41
9.0
 42
4.5
 43
3.75
 44
7.5
 45
0.0
 46
7.5
 47
0.0
 48
0.0
 49
2.5
140
18.0
141
2.5
142
9.0
143
0.03937007874
144
1.0
145
0.0
146
1.0
147
4.5
148
0.0
 69
0
 70
0
 71
0
 72
0
 73
0
 74
0
 75
0
 76
0
 77
1
 78
8
 79
3
170
0
171
3
172
1
173
0
174
0
175
0
176
256
177
256
178
7
179
2
271
0
272
2
273
2
274
3
275
0
276
0
277
2
278
44
279
2
280
0
281
0
282
0
283
0
284
8
285
0
286
0
288
0
289
3
290
0
340
29
371
-2
372
-2
  0
DIMSTYLE
105
D27
330
4
100
AcDbSymbolTableRecord
100
AcDbDimStyleTableRecord
  2
REBAR_DIM
 70
0
 40
1.0
 41
7.5
 42
2.25
 43
3.75
 44
4.5
 45
0.0
 46
0.0
 47
0.0
 48
0.0
 49
2.5
140
12.0
141
2.5
142
5.25
143
0.03937007874
144
1.0
145
0.0
146
1.0
147
2.25
148
0.0
 69
0
 70
0
 71
0
 72
0
 73
0
 74
0
 75
0
 76
0
 77
1
 78
8
 79
3
170
0
171
3
172
1
173
0
174
0
175
0
176
0
177
0
178
0
179
2
271
0
272
2
273
2
274
3
275
0
276
0
277
2
278
44
279
0
280
0
281
0
282
0
283
0
284
8
285
0
286
0
288
0
289
3
290
0
340
D26
371
-2
372
-2
  0
DIMSTYLE
105
D28
330
4
100
AcDbSymbolTableRecord
100
AcDbDimStyleTableRecord
  2
REBAR M-200
 70
0
 40
1.0
 41
15.0
 42
12.5
 43
75.0
 44
25.0
 45
0.0
 46
0.0
 47
0.0
 48
0.0
 49
2.5
140
15.0
141
50.0
142
0.0
143
0.03937007874
144
1.0
145
0.0
146
1.0
147
10.0
148
0.0
 69
0
 70
0
 71
0
 72
0
 73
0
 74
0
 75
1
 76
1
 77
1
 78
8
 79
3
170
0
171
3
172
1
173
0
174
0
175
0
176
6
177
6
178
7
179
2
271
0
272
2
273
2
274
3
275
0
276
0
277
2
278
44
279
2
280
0
281
0
282
0
283
0
284
8
285
0
286
0
288
0
289
3
290
0
340
29
341
D29
342
D29
371
53
372
-2
  0
ENDTAB
  0
TABLE
  2
BLOCK_RECORD
  5
9
330
0
100
AcDbSymbolTable
 70
310
  0
BLOCK_RECORD
  5
17
330
9
100
AcDbSymbolTableRecord
100
AcDbBlockTableRecord
  2
*Model_Space
340
1A
 70
0
280
1
281
0
  0
BLOCK_RECORD
  5
1B
330
9
100
AcDbSymbolTableRecord
100
AcDbBlockTableRecord
  2
*Paper_Space
340
1E
 70
0
280
1
281
0
  0
BLOCK_RECORD
  5
74
330
9
100
AcDbSymbolTableRecord
100
AcDbBlockTableRecord
  2
_ARCHTICK
340
0
 70
0
280
1
281
0
  0
BLOCK_RECORD
  5
78
330
9
100
AcDbSymbolTableRecord
100
AcDbBlockTableRecord
  2
_CLOSEDFILLED
340
0
 70
0
280
1
281
0
  0
BLOCK_RECORD
  5
84
330
9
100
AcDbSymbolTableRecord
100
AcDbBlockTableRecord
  2
_CLOSEDBLANK
340
0
 70
0
280
1
281
0
  0
BLOCK_RECORD
  5
16F
330
9
100
AcDbSymbolTableRecord
100
AcDbBlockTableRecord
  2
*D1
340
0
 70
0
280
1
281
0
  0
BLOCK_RECORD
  5
174
330
9
100
AcDbSymbolTableRecord
100
AcDbBlockTableRecord
  2
_OBLIQUE
340
0
 70
0
280
1
281
0
  0
BLOCK_RECORD
  5
185
330
9
100
AcDbSymbolTableRecord
100
AcDbBlockTableRecord
  2
*D2
340
0
 70
0
280
1
281
0
  0
BLOCK_RECORD
  5
197
330
9
100
AcDbSymbolTableRecord
100
AcDbBlockTableRecord
  2
*D3
340
0
 70
0
280
1
281
0
  0
BLOCK_RECORD
  5
1A9
330
9
100
AcDbSymbolTableRecord
100
AcDbBlockTableRecord
  2
*D4
340
0
 70
0
280
1
281
0
  0
BLOCK_RECORD
  5
1BB
330
9
100
AcDbSymbolTableRecord
100
AcDbBlockTableRecord
  2
*D5
340
0
 70
0
280
1
281
0
  0
BLOCK_RECORD
  5
1CD
330
9
100
AcDbSymbolTableRecord
100
AcDbBlockTableRecord
  2
*D6
340
0
 70
0
280
1
281
0
  0
BLOCK_RECORD
  5
1DF
330
9
100
AcDbSymbolTableRecord
100
AcDbBlockTableRecord
  2
*D7
340
0
 70
0
280
1
281
0
  0
BLOCK_RECORD
  5
1F1
330
9
100
AcDbSymbolTableRecord
100
AcDbBlockTableRecord
  2
*D8
340
0
 70
0
280
1
281
0
  0
BLOCK_RECORD
  5
203
330
9
100
AcDbSymbolTableRecord
100
AcDbBlockTableRecord
  2
*D9
340
0
 70
0
280
1
281
0
  0
BLOCK_RECORD
  5
215
330
9
100
AcDbSymbolTableRecord
100
AcDbBlockTableRecord
  2
*D10
340
0
 70
0
280
1
281
0
  0
BLOCK_RECORD
  5
227
330
9
100
AcDbSymbolTableRecord
100
AcDbBlockTableRecord
  2
*D11
340
0
 70
0
280
1
281
0
  0
BLOCK_RECORD
  5
239
330
9
100
AcDbSymbolTableRecord
100
AcDbBlockTableRecord
  2
*D12
340
0
 70
0
280
1
281
0
  0
BLOCK_RECORD
  5
24B
330
9
100
AcDbSymbolTableRecord
100
AcDbBlockTableRecord
  2
*D13
340
0
 70
0
280
1
281
0
  0
BLOCK_RECORD
  5
25D
330
9
100
AcDbSymbolTableRecord
100
AcDbBlockTableRecord
  2
*D14
340
0
 70
0
280
1
281
0
  0
BLOCK_RECORD
  5
26F
330
9
100
AcDbSymbolTableRecord
100
AcDbBlockTableRecord
  2
*D15
340
0
 70
0
280
1
281
0
  0
BLOCK_RECORD
  5
281
330
9
100
AcDbSymbolTableRecord
100
AcDbBlockTableRecord
  2
*D16
340
0
 70
0
280
1
281
0
  0
BLOCK_RECORD
  5
293
330
9
100
AcDbSymbolTableRecord
100
AcDbBlockTableRecord
  2
*D17
340
0
 70
0
280
1
281
0
  0
BLOCK_RECORD
  5
2A5
330
9
100
AcDbSymbolTableRecord
100
AcDbBlockTableRecord
  2
*D18
340
0
 70
0
280
1
281
0
  0
BLOCK_RECORD
  5
2B7
330
9
100
AcDbSymbolTableRecord
100
AcDbBlockTableRecord
  2
*D19
340
0
 70
0
280
1
281
0
  0
BLOCK_RECORD
  5
2C9
330
9
100
AcDbSymbolTableRecord
100
AcDbBlockTableRecord
  2
*D20
340
0
 70
0
280
1
281
0
  0
BLOCK_RECORD
  5
2DB
330
9
100
AcDbSymbolTableRecord
100
AcDbBlockTableRecord
  2
*D21
340
0
 70
0
280
1
281
0
  0
BLOCK_RECORD
  5
2ED
330
9
100
AcDbSymbolTableRecord
100
AcDbBlockTableRecord
  2
*D22
340
0
 70
0
280
1
281
0
  0
BLOCK_RECORD
  5
2FF
330
9
100
AcDbSymbolTableRecord
100
AcDbBlockTableRecord
  2
*D23
340
0
 70
0
280
1
281
0
  0
BLOCK_RECORD
  5
311
330
9
100
AcDbSymbolTableRecord
100
AcDbBlockTableRecord
  2
*D24
340
0
 70
0
280
1
281
0
  0
BLOCK_RECORD
  5
323
330
9
100
AcDbSymbolTableRecord
100
AcDbBlockTableRecord
  2
*D25
340
0
 70
0
280
1
281
0
  0
BLOCK_RECORD
  5
335
330
9
100
AcDbSymbolTableRecord
100
AcDbBlockTableRecord
  2
*D26
340
0
 70
0
280
1
281
0
  0
BLOCK_RECORD
  5
347
330
9
100
AcDbSymbolTableRecord
100
AcDbBlockTableRecord
  2
*D27
340
0
 70
0
280
1
281
0
  0
BLOCK_RECORD
  5
359
330
9
100
AcDbSymbolTableRecord
100
AcDbBlockTableRecord
  2
*D28
340
0
 70
0
280
1
281
0
  0
BLOCK_RECORD
  5
36B
330
9
100
AcDbSymbolTableRecord
100
AcDbBlockTableRecord
  2
*D29
340
0
 70
0
280
1
281
0
  0
BLOCK_RECORD
  5
37D
330
9
100
AcDbSymbolTableRecord
100
AcDbBlockTableRecord
  2
*D30
340
0
 70
0
280
1
281
0
  0
BLOCK_RECORD
  5
38F
330
9
100
AcDbSymbolTableRecord
100
AcDbBlockTableRecord
  2
*D31
340
0
 70
0
280
1
281
0
  0
BLOCK_RECORD
  5
3A1
330
9
100
AcDbSymbolTableRecord
100
AcDbBlockTableRecord
  2
*D32
340
0
 70
0
280
1
281
0
  0
BLOCK_RECORD
  5
3B3
330
9
100
AcDbSymbolTableRecord
100
AcDbBlockTableRecord
  2
*D33
340
0
 70
0
280
1
281
0
  0
BLOCK_RECORD
  5
3C5
330
9
100
AcDbSymbolTableRecord
100
AcDbBlockTableRecord
  2
*D34
340
0
 70
0
280
1
281
0
  0
BLOCK_RECORD
  5
3D7
330
9
100
AcDbSymbolTableRecord
100
AcDbBlockTableRecord
  2
*D35
340
0
 70
0
280
1
281
0
  0
BLOCK_RECORD
  5
3E6
330
9
100
AcDbSymbolTableRecord
100
AcDbBlockTableRecord
  2
*D36
340
0
 70
0
280
1
281
0
  0
BLOCK_RECORD
  5
3F5
330
9
100
AcDbSymbolTableRecord
100
AcDbBlockTableRecord
  2
*D37
340
0
 70
0
280
1
281
0
  0
BLOCK_RECORD
  5
404
330
9
100
AcDbSymbolTableRecord
100
AcDbBlockTableRecord
  2
*D38
340
0
 70
0
280
1
281
0
  0
BLOCK_RECORD
  5
413
330
9
100
AcDbSymbolTableRecord
100
AcDbBlockTableRecord
  2
*D39
340
0
 70
0
280
1
281
0
  0
BLOCK_RECORD
  5
422
330
9
100
AcDbSymbolTableRecord
100
AcDbBlockTableRecord
  2
*D40
340
0
 70
0
280
1
281
0
  0
BLOCK_RECORD
  5
431
330
9
100
AcDbSymbolTableRecord
100
AcDbBlockTableRecord
  2
*D41
340
0
 70
0
280
1
281
0
  0
BLOCK_RECORD
  5
440
330
9
100
AcDbSymbolTableRecord
100
AcDbBlockTableRecord
  2
*D42
340
0
 70
0
280
1
281
0
  0
BLOCK_RECORD
  5
44F
330
9
100
AcDbSymbolTableRecord
100
AcDbBlockTableRecord
  2
*D43
340
0
 70
0
280
1
281
0
  0
BLOCK_RECORD
  5
45E
330
9
100
AcDbSymbolTableRecord
100
AcDbBlockTableRecord
  2
*D44
340
0
 70
0
280
1
281
0
  0
BLOCK_RECORD
  5
46D
330
9
100
AcDbSymbolTableRecord
100
AcDbBlockTableRecord
  2
*D45
340
0
 70
0
280
1
281
0
  0
BLOCK_RECORD
  5
47C
330
9
100
AcDbSymbolTableRecord
100
AcDbBlockTableRecord
  2
*D46
340
0
 70
0
280
1
281
0
  0
BLOCK_RECORD
  5
48B
330
9
100
AcDbSymbolTableRecord
100
AcDbBlockTableRecord
  2
*D47
340
0
 70
0
280
1
281
0
  0
BLOCK_RECORD
  5
49A
330
9
100
AcDbSymbolTableRecord
100
AcDbBlockTableRecord
  2
*D48
340
0
 70
0
280
1
281
0
  0
BLOCK_RECORD
  5
4A9
330
9
100
AcDbSymbolTableRecord
100
AcDbBlockTableRecord
  2
*D49
340
0
 70
0
280
1
281
0
  0
BLOCK_RECORD
  5
4B8
330
9
100
AcDbSymbolTableRecord
100
AcDbBlockTableRecord
  2
*D50
340
0
 70
0
280
1
281
0
  0
BLOCK_RECORD
  5
4C7
330
9
100
AcDbSymbolTableRecord
100
AcDbBlockTableRecord
  2
*D51
340
0
 70
0
280
1
281
0
  0
BLOCK_RECORD
  5
4D6
330
9
100
AcDbSymbolTableRecord
100
AcDbBlockTableRecord
  2
*D52
340
0
 70
0
280
1
281
0
  0
BLOCK_RECORD
  5
4E5
330
9
100
AcDbSymbolTableRecord
100
AcDbBlockTableRecord
  2
*D53
340
0
 70
0
280
1
281
0
  0
BLOCK_RECORD
  5
4F4
330
9
100
AcDbSymbolTableRecord
100
AcDbBlockTableRecord
  2
*D54
340
0
 70
0
280
1
281
0
  0
BLOCK_RECORD
  5
503
330
9
100
AcDbSymbolTableRecord
100
AcDbBlockTableRecord
  2
*D55
340
0
 70
0
280
1
281
0
  0
BLOCK_RECORD
  5
512
330
9
100
AcDbSymbolTableRecord
100
AcDbBlockTableRecord
  2
*D56
340
0
 70
0
280
1
281
0
  0
BLOCK_RECORD
  5
521
330
9
100
AcDbSymbolTableRecord
100
AcDbBlockTableRecord
  2
*D57
340
0
 70
0
280
1
281
0
  0
BLOCK_RECORD
  5
530
330
9
100
AcDbSymbolTableRecord
100
AcDbBlockTableRecord
  2
*D58
340
0
 70
0
280
1
281
0
  0
BLOCK_RECORD
  5
53F
330
9
100
AcDbSymbolTableRecord
100
AcDbBlockTableRecord
  2
*D59
340
0
 70
0
280
1
281
0
  0
BLOCK_RECORD
  5
54E
330
9
100
AcDbSymbolTableRecord
100
AcDbBlockTableRecord
  2
*D60
340
0
 70
0
280
1
281
0
  0
BLOCK_RECORD
  5
55D
330
9
100
AcDbSymbolTableRecord
100
AcDbBlockTableRecord
  2
*D61
340
0
 70
0
280
1
281
0
  0
BLOCK_RECORD
  5
56C
330
9
100
AcDbSymbolTableRecord
100
AcDbBlockTableRecord
  2
*D62
340
0
 70
0
280
1
281
0
  0
BLOCK_RECORD
  5
57B
330
9
100
AcDbSymbolTableRecord
100
AcDbBlockTableRecord
  2
*D63
340
0
 70
0
280
1
281
0
  0
BLOCK_RECORD
  5
58A
330
9
100
AcDbSymbolTableRecord
100
AcDbBlockTableRecord
  2
*D64
340
0
 70
0
280
1
281
0
  0
BLOCK_RECORD
  5
599
330
9
100
AcDbSymbolTableRecord
100
AcDbBlockTableRecord
  2
*D65
340
0
 70
0
280
1
281
0
  0
BLOCK_RECORD
  5
5A8
330
9
100
AcDbSymbolTableRecord
100
AcDbBlockTableRecord
  2
*D66
340
0
 70
0
280
1
281
0
  0
BLOCK_RECORD
  5
5B7
330
9
100
AcDbSymbolTableRecord
100
AcDbBlockTableRecord
  2
*D67
340
0
 70
0
280
1
281
0
  0
BLOCK_RECORD
  5
5C6
330
9
100
AcDbSymbolTableRecord
100
AcDbBlockTableRecord
  2
*D68
340
0
 70
0
280
1
281
0
  0
BLOCK_RECORD
  5
5D5
330
9
100
AcDbSymbolTableRecord
100
AcDbBlockTableRecord
  2
*D69
340
0
 70
0
280
1
281
0
  0
BLOCK_RECORD
  5
5E4
330
9
100
AcDbSymbolTableRecord
100
AcDbBlockTableRecord
  2
*D70
340
0
 70
0
280
1
281
0
  0
BLOCK_RECORD
  5
5F3
330
9
100
AcDbSymbolTableRecord
100
AcDbBlockTableRecord
  2
*D71
340
0
 70
0
280
1
281
0
  0
BLOCK_RECORD
  5
602
330
9
100
AcDbSymbolTableRecord
100
AcDbBlockTableRecord
  2
*D72
340
0
 70
0
280
1
281
0
  0
BLOCK_RECORD
  5
611
330
9
100
AcDbSymbolTableRecord
100
AcDbBlockTableRecord
  2
*D73
340
0
 70
0
280
1
281
0
  0
BLOCK_RECORD
  5
620
330
9
100
AcDbSymbolTableRecord
100
AcDbBlockTableRecord
  2
*D74
340
0
 70
0
280
1
281
0
  0
BLOCK_RECORD
  5
62F
330
9
100
AcDbSymbolTableRecord
100
AcDbBlockTableRecord
  2
*D75
340
0
 70
0
280
1
281
0
  0
BLOCK_RECORD
  5
63E
330
9
100
AcDbSymbolTableRecord
100
AcDbBlockTableRecord
  2
*D76
340
0
 70
0
280
1
281
0
  0
BLOCK_RECORD
  5
64D
330
9
100
AcDbSymbolTableRecord
100
AcDbBlockTableRecord
  2
*D77
340
0
 70
0
280
1
281
0
  0
BLOCK_RECORD
  5
65C
330
9
100
AcDbSymbolTableRecord
100
AcDbBlockTableRecord
  2
*D78
340
0
 70
0
280
1
281
0
  0
BLOCK_RECORD
  5
66B
330
9
100
AcDbSymbolTableRecord
100
AcDbBlockTableRecord
  2
*D79
340
0
 70
0
280
1
281
0
  0
BLOCK_RECORD
  5
67A
330
9
100
AcDbSymbolTableRecord
100
AcDbBlockTableRecord
  2
*D80
340
0
 70
0
280
1
281
0
  0
BLOCK_RECORD
  5
689
330
9
100
AcDbSymbolTableRecord
100
AcDbBlockTableRecord
  2
*D81
340
0
 70
0
280
1
281
0
  0
BLOCK_RECORD
  5
698
330
9
100
AcDbSymbolTableRecord
100
AcDbBlockTableRecord
  2
*D82
340
0
 70
0
280
1
281
0
  0
BLOCK_RECORD
  5
6A7
330
9
100
AcDbSymbolTableRecord
100
AcDbBlockTableRecord
  2
*D83
340
0
 70
0
280
1
281
0
  0
BLOCK_RECORD
  5
6B6
330
9
100
AcDbSymbolTableRecord
100
AcDbBlockTableRecord
  2
*D84
340
0
 70
0
280
1
281
0
  0
BLOCK_RECORD
  5
6C5
330
9
100
AcDbSymbolTableRecord
100
AcDbBlockTableRecord
  2
*D85
340
0
 70
0
280
1
281
0
  0
BLOCK_RECORD
  5
6D4
330
9
100
AcDbSymbolTableRecord
100
AcDbBlockTableRecord
  2
*D86
340
0
 70
0
280
1
281
0
  0
BLOCK_RECORD
  5
6E3
330
9
100
AcDbSymbolTableRecord
100
AcDbBlockTableRecord
  2
*D87
340
0
 70
0
280
1
281
0
  0
BLOCK_RECORD
  5
6F2
330
9
100
AcDbSymbolTableRecord
100
AcDbBlockTableRecord
  2
*D88
340
0
 70
0
280
1
281
0
  0
BLOCK_RECORD
  5
701
330
9
100
AcDbSymbolTableRecord
100
AcDbBlockTableRecord
  2
*D89
340
0
 70
0
280
1
281
0
  0
BLOCK_RECORD
  5
710
330
9
100
AcDbSymbolTableRecord
100
AcDbBlockTableRecord
  2
*D90
340
0
 70
0
280
1
281
0
  0
BLOCK_RECORD
  5
71F
330
9
100
AcDbSymbolTableRecord
100
AcDbBlockTableRecord
  2
*D91
340
0
 70
0
280
1
281
0
  0
BLOCK_RECORD
  5
72E
330
9
100
AcDbSymbolTableRecord
100
AcDbBlockTableRecord
  2
*D92
340
0
 70
0
280
1
281
0
  0
BLOCK_RECORD
  5
73D
330
9
100
AcDbSymbolTableRecord
100
AcDbBlockTableRecord
  2
*D93
340
0
 70
0
280
1
281
0
  0
BLOCK_RECORD
  5
74C
330
9
100
AcDbSymbolTableRecord
100
AcDbBlockTableRecord
  2
*D94
340
0
 70
0
280
1
281
0
  0
BLOCK_RECORD
  5
75B
330
9
100
AcDbSymbolTableRecord
100
AcDbBlockTableRecord
  2
*D95
340
0
 70
0
280
1
281
0
  0
BLOCK_RECORD
  5
76A
330
9
100
AcDbSymbolTableRecord
100
AcDbBlockTableRecord
  2
*D96
340
0
 70
0
280
1
281
0
  0
BLOCK_RECORD
  5
779
330
9
100
AcDbSymbolTableRecord
100
AcDbBlockTableRecord
  2
*D97
340
0
 70
0
280
1
281
0
  0
BLOCK_RECORD
  5
788
330
9
100
AcDbSymbolTableRecord
100
AcDbBlockTableRecord
  2
*D98
340
0
 70
0
280
1
281
0
  0
BLOCK_RECORD
  5
797
330
9
100
AcDbSymbolTableRecord
100
AcDbBlockTableRecord
  2
*D99
340
0
 70
0
280
1
281
0
  0
BLOCK_RECORD
  5
7A6
330
9
100
AcDbSymbolTableRecord
100
AcDbBlockTableRecord
  2
*D100
340
0
 70
0
280
1
281
0
  0
BLOCK_RECORD
  5
7B5
330
9
100
AcDbSymbolTableRecord
100
AcDbBlockTableRecord
  2
*D101
340
0
 70
0
280
1
281
0
  0
BLOCK_RECORD
  5
7C4
330
9
100
AcDbSymbolTableRecord
100
AcDbBlockTableRecord
  2
*D102
340
0
 70
0
280
1
281
0
  0
BLOCK_RECORD
  5
7D3
330
9
100
AcDbSymbolTableRecord
100
AcDbBlockTableRecord
  2
*D103
340
0
 70
0
280
1
281
0
  0
BLOCK_RECORD
  5
7E2
330
9
100
AcDbSymbolTableRecord
100
AcDbBlockTableRecord
  2
*D104
340
0
 70
0
280
1
281
0
  0
BLOCK_RECORD
  5
7F1
330
9
100
AcDbSymbolTableRecord
100
AcDbBlockTableRecord
  2
*D105
340
0
 70
0
280
1
281
0
  0
BLOCK_RECORD
  5
800
330
9
100
AcDbSymbolTableRecord
100
AcDbBlockTableRecord
  2
*D106
340
0
 70
0
280
1
281
0
  0
BLOCK_RECORD
  5
80F
330
9
100
AcDbSymbolTableRecord
100
AcDbBlockTableRecord
  2
*D107
340
0
 70
0
280
1
281
0
  0
BLOCK_RECORD
  5
81E
330
9
100
AcDbSymbolTableRecord
100
AcDbBlockTableRecord
  2
*D108
340
0
 70
0
280
1
281
0
  0
BLOCK_RECORD
  5
82D
330
9
100
AcDbSymbolTableRecord
100
AcDbBlockTableRecord
  2
*D109
340
0
 70
0
280
1
281
0
  0
BLOCK_RECORD
  5
83C
330
9
100
AcDbSymbolTableRecord
100
AcDbBlockTableRecord
  2
*D110
340
0
 70
0
280
1
281
0
  0
BLOCK_RECORD
  5
84B
330
9
100
AcDbSymbolTableRecord
100
AcDbBlockTableRecord
  2
*D111
340
0
 70
0
280
1
281
0
  0
BLOCK_RECORD
  5
85A
330
9
100
AcDbSymbolTableRecord
100
AcDbBlockTableRecord
  2
*D112
340
0
 70
0
280
1
281
0
  0
BLOCK_RECORD
  5
869
330
9
100
AcDbSymbolTableRecord
100
AcDbBlockTableRecord
  2
*D113
340
0
 70
0
280
1
281
0
  0
BLOCK_RECORD
  5
878
330
9
100
AcDbSymbolTableRecord
100
AcDbBlockTableRecord
  2
*D114
340
0
 70
0
280
1
281
0
  0
BLOCK_RECORD
  5
887
330
9
100
AcDbSymbolTableRecord
100
AcDbBlockTableRecord
  2
*D115
340
0
 70
0
280
1
281
0
  0
BLOCK_RECORD
  5
896
330
9
100
AcDbSymbolTableRecord
100
AcDbBlockTableRecord
  2
*D116
340
0
 70
0
280
1
281
0
  0
BLOCK_RECORD
  5
8A5
330
9
100
AcDbSymbolTableRecord
100
AcDbBlockTableRecord
  2
*D117
340
0
 70
0
280
1
281
0
  0
BLOCK_RECORD
  5
8B4
330
9
100
AcDbSymbolTableRecord
100
AcDbBlockTableRecord
  2
*D118
340
0
 70
0
280
1
281
0
  0
BLOCK_RECORD
  5
8C3
330
9
100
AcDbSymbolTableRecord
100
AcDbBlockTableRecord
  2
*D119
340
0
 70
0
280
1
281
0
  0
BLOCK_RECORD
  5
8D2
330
9
100
AcDbSymbolTableRecord
100
AcDbBlockTableRecord
  2
*D120
340
0
 70
0
280
1
281
0
  0
BLOCK_RECORD
  5
8E1
330
9
100
AcDbSymbolTableRecord
100
AcDbBlockTableRecord
  2
*D121
340
0
 70
0
280
1
281
0
  0
BLOCK_RECORD
  5
8F0
330
9
100
AcDbSymbolTableRecord
100
AcDbBlockTableRecord
  2
*D122
340
0
 70
0
280
1
281
0
  0
BLOCK_RECORD
  5
8FF
330
9
100
AcDbSymbolTableRecord
100
AcDbBlockTableRecord
  2
*D123
340
0
 70
0
280
1
281
0
  0
BLOCK_RECORD
  5
90E
330
9
100
AcDbSymbolTableRecord
100
AcDbBlockTableRecord
  2
*D124
340
0
 70
0
280
1
281
0
  0
BLOCK_RECORD
  5
91D
330
9
100
AcDbSymbolTableRecord
100
AcDbBlockTableRecord
  2
*D125
340
0
 70
0
280
1
281
0
  0
BLOCK_RECORD
  5
92C
330
9
100
AcDbSymbolTableRecord
100
AcDbBlockTableRecord
  2
*D126
340
0
 70
0
280
1
281
0
  0
BLOCK_RECORD
  5
93B
330
9
100
AcDbSymbolTableRecord
100
AcDbBlockTableRecord
  2
*D127
340
0
 70
0
280
1
281
0
  0
BLOCK_RECORD
  5
94A
330
9
100
AcDbSymbolTableRecord
100
AcDbBlockTableRecord
  2
*D128
340
0
 70
0
280
1
281
0
  0
BLOCK_RECORD
  5
959
330
9
100
AcDbSymbolTableRecord
100
AcDbBlockTableRecord
  2
*D129
340
0
 70
0
280
1
281
0
  0
BLOCK_RECORD
  5
968
330
9
100
AcDbSymbolTableRecord
100
AcDbBlockTableRecord
  2
*D130
340
0
 70
0
280
1
281
0
  0
BLOCK_RECORD
  5
977
330
9
100
AcDbSymbolTableRecord
100
AcDbBlockTableRecord
  2
*D131
340
0
 70
0
280
1
281
0
  0
BLOCK_RECORD
  5
986
330
9
100
AcDbSymbolTableRecord
100
AcDbBlockTableRecord
  2
*D132
340
0
 70
0
280
1
281
0
  0
BLOCK_RECORD
  5
995
330
9
100
AcDbSymbolTableRecord
100
AcDbBlockTableRecord
  2
*D133
340
0
 70
0
280
1
281
0
  0
BLOCK_RECORD
  5
9A4
330
9
100
AcDbSymbolTableRecord
100
AcDbBlockTableRecord
  2
*D134
340
0
 70
0
280
1
281
0
  0
BLOCK_RECORD
  5
9B3
330
9
100
AcDbSymbolTableRecord
100
AcDbBlockTableRecord
  2
*D135
340
0
 70
0
280
1
281
0
  0
BLOCK_RECORD
  5
9C2
330
9
100
AcDbSymbolTableRecord
100
AcDbBlockTableRecord
  2
*D136
340
0
 70
0
280
1
281
0
  0
BLOCK_RECORD
  5
9D1
330
9
100
AcDbSymbolTableRecord
100
AcDbBlockTableRecord
  2
*D137
340
0
 70
0
280
1
281
0
  0
BLOCK_RECORD
  5
9E0
330
9
100
AcDbSymbolTableRecord
100
AcDbBlockTableRecord
  2
*D138
340
0
 70
0
280
1
281
0
  0
BLOCK_RECORD
  5
9EF
330
9
100
AcDbSymbolTableRecord
100
AcDbBlockTableRecord
  2
*D139
340
0
 70
0
280
1
281
0
  0
BLOCK_RECORD
  5
9FE
330
9
100
AcDbSymbolTableRecord
100
AcDbBlockTableRecord
  2
*D140
340
0
 70
0
280
1
281
0
  0
BLOCK_RECORD
  5
A0D
330
9
100
AcDbSymbolTableRecord
100
AcDbBlockTableRecord
  2
*D141
340
0
 70
0
280
1
281
0
  0
BLOCK_RECORD
  5
A1C
330
9
100
AcDbSymbolTableRecord
100
AcDbBlockTableRecord
  2
*D142
340
0
 70
0
280
1
281
0
  0
BLOCK_RECORD
  5
A2B
330
9
100
AcDbSymbolTableRecord
100
AcDbBlockTableRecord
  2
*D143
340
0
 70
0
280
1
281
0
  0
BLOCK_RECORD
  5
A3A
330
9
100
AcDbSymbolTableRecord
100
AcDbBlockTableRecord
  2
*D144
340
0
 70
0
280
1
281
0
  0
BLOCK_RECORD
  5
A49
330
9
100
AcDbSymbolTableRecord
100
AcDbBlockTableRecord
  2
*D145
340
0
 70
0
280
1
281
0
  0
BLOCK_RECORD
  5
A58
330
9
100
AcDbSymbolTableRecord
100
AcDbBlockTableRecord
  2
*D146
340
0
 70
0
280
1
281
0
  0
BLOCK_RECORD
  5
A67
330
9
100
AcDbSymbolTableRecord
100
AcDbBlockTableRecord
  2
*D147
340
0
 70
0
280
1
281
0
  0
BLOCK_RECORD
  5
A76
330
9
100
AcDbSymbolTableRecord
100
AcDbBlockTableRecord
  2
*D148
340
0
 70
0
280
1
281
0
  0
BLOCK_RECORD
  5
A85
330
9
100
AcDbSymbolTableRecord
100
AcDbBlockTableRecord
  2
*D149
340
0
 70
0
280
1
281
0
  0
BLOCK_RECORD
  5
A94
330
9
100
AcDbSymbolTableRecord
100
AcDbBlockTableRecord
  2
*D150
340
0
 70
0
280
1
281
0
  0
BLOCK_RECORD
  5
AA3
330
9
100
AcDbSymbolTableRecord
100
AcDbBlockTableRecord
  2
*D151
340
0
 70
0
280
1
281
0
  0
BLOCK_RECORD
  5
AB2
330
9
100
AcDbSymbolTableRecord
100
AcDbBlockTableRecord
  2
*D152
340
0
 70
0
280
1
281
0
  0
BLOCK_RECORD
  5
AC1
330
9
100
AcDbSymbolTableRecord
100
AcDbBlockTableRecord
  2
*D153
340
0
 70
0
280
1
281
0
  0
BLOCK_RECORD
  5
AD0
330
9
100
AcDbSymbolTableRecord
100
AcDbBlockTableRecord
  2
*D154
340
0
 70
0
280
1
281
0
  0
BLOCK_RECORD
  5
ADF
330
9
100
AcDbSymbolTableRecord
100
AcDbBlockTableRecord
  2
*D155
340
0
 70
0
280
1
281
0
  0
BLOCK_RECORD
  5
AEE
330
9
100
AcDbSymbolTableRecord
100
AcDbBlockTableRecord
  2
*D156
340
0
 70
0
280
1
281
0
  0
BLOCK_RECORD
  5
AFD
330
9
100
AcDbSymbolTableRecord
100
AcDbBlockTableRecord
  2
*D157
340
0
 70
0
280
1
281
0
  0
BLOCK_RECORD
  5
B0C
330
9
100
AcDbSymbolTableRecord
100
AcDbBlockTableRecord
  2
*D158
340
0
 70
0
280
1
281
0
  0
BLOCK_RECORD
  5
B1B
330
9
100
AcDbSymbolTableRecord
100
AcDbBlockTableRecord
  2
*D159
340
0
 70
0
280
1
281
0
  0
BLOCK_RECORD
  5
B2A
330
9
100
AcDbSymbolTableRecord
100
AcDbBlockTableRecord
  2
*D160
340
0
 70
0
280
1
281
0
  0
BLOCK_RECORD
  5
B39
330
9
100
AcDbSymbolTableRecord
100
AcDbBlockTableRecord
  2
*D161
340
0
 70
0
280
1
281
0
  0
BLOCK_RECORD
  5
B48
330
9
100
AcDbSymbolTableRecord
100
AcDbBlockTableRecord
  2
*D162
340
0
 70
0
280
1
281
0
  0
BLOCK_RECORD
  5
B57
330
9
100
AcDbSymbolTableRecord
100
AcDbBlockTableRecord
  2
*D163
340
0
 70
0
280
1
281
0
  0
BLOCK_RECORD
  5
B66
330
9
100
AcDbSymbolTableRecord
100
AcDbBlockTableRecord
  2
*D164
340
0
 70
0
280
1
281
0
  0
BLOCK_RECORD
  5
B75
330
9
100
AcDbSymbolTableRecord
100
AcDbBlockTableRecord
  2
*D165
340
0
 70
0
280
1
281
0
  0
BLOCK_RECORD
  5
B84
330
9
100
AcDbSymbolTableRecord
100
AcDbBlockTableRecord
  2
*D166
340
0
 70
0
280
1
281
0
  0
BLOCK_RECORD
  5
B93
330
9
100
AcDbSymbolTableRecord
100
AcDbBlockTableRecord
  2
*D167
340
0
 70
0
280
1
281
0
  0
BLOCK_RECORD
  5
BA2
330
9
100
AcDbSymbolTableRecord
100
AcDbBlockTableRecord
  2
*D168
340
0
 70
0
280
1
281
0
  0
BLOCK_RECORD
  5
BB1
330
9
100
AcDbSymbolTableRecord
100
AcDbBlockTableRecord
  2
*D169
340
0
 70
0
280
1
281
0
  0
BLOCK_RECORD
  5
BC0
330
9
100
AcDbSymbolTableRecord
100
AcDbBlockTableRecord
  2
*D170
340
0
 70
0
280
1
281
0
  0
BLOCK_RECORD
  5
BCF
330
9
100
AcDbSymbolTableRecord
100
AcDbBlockTableRecord
  2
*D171
340
0
 70
0
280
1
281
0
  0
BLOCK_RECORD
  5
BDE
330
9
100
AcDbSymbolTableRecord
100
AcDbBlockTableRecord
  2
*D172
340
0
 70
0
280
1
281
0
  0
BLOCK_RECORD
  5
BED
330
9
100
AcDbSymbolTableRecord
100
AcDbBlockTableRecord
  2
*D173
340
0
 70
0
280
1
281
0
  0
BLOCK_RECORD
  5
BFC
330
9
100
AcDbSymbolTableRecord
100
AcDbBlockTableRecord
  2
*D174
340
0
 70
0
280
1
281
0
  0
BLOCK_RECORD
  5
C0B
330
9
100
AcDbSymbolTableRecord
100
AcDbBlockTableRecord
  2
*D175
340
0
 70
0
280
1
281
0
  0
BLOCK_RECORD
  5
C1A
330
9
100
AcDbSymbolTableRecord
100
AcDbBlockTableRecord
  2
*D176
340
0
 70
0
280
1
281
0
  0
BLOCK_RECORD
  5
C29
330
9
100
AcDbSymbolTableRecord
100
AcDbBlockTableRecord
  2
*D177
340
0
 70
0
280
1
281
0
  0
BLOCK_RECORD
  5
C38
330
9
100
AcDbSymbolTableRecord
100
AcDbBlockTableRecord
  2
*D178
340
0
 70
0
280
1
281
0
  0
BLOCK_RECORD
  5
C47
330
9
100
AcDbSymbolTableRecord
100
AcDbBlockTableRecord
  2
*D179
340
0
 70
0
280
1
281
0
  0
BLOCK_RECORD
  5
C56
330
9
100
AcDbSymbolTableRecord
100
AcDbBlockTableRecord
  2
*D180
340
0
 70
0
280
1
281
0
  0
BLOCK_RECORD
  5
C65
330
9
100
AcDbSymbolTableRecord
100
AcDbBlockTableRecord
  2
*D181
340
0
 70
0
280
1
281
0
  0
BLOCK_RECORD
  5
C74
330
9
100
AcDbSymbolTableRecord
100
AcDbBlockTableRecord
  2
*D182
340
0
 70
0
280
1
281
0
  0
BLOCK_RECORD
  5
C83
330
9
100
AcDbSymbolTableRecord
100
AcDbBlockTableRecord
  2
*D183
340
0
 70
0
280
1
281
0
  0
BLOCK_RECORD
  5
C92
330
9
100
AcDbSymbolTableRecord
100
AcDbBlockTableRecord
  2
*D184
340
0
 70
0
280
1
281
0
  0
BLOCK_RECORD
  5
CA1
330
9
100
AcDbSymbolTableRecord
100
AcDbBlockTableRecord
  2
*D185
340
0
 70
0
280
1
281
0
  0
BLOCK_RECORD
  5
CB0
330
9
100
AcDbSymbolTableRecord
100
AcDbBlockTableRecord
  2
*D186
340
0
 70
0
280
1
281
0
  0
BLOCK_RECORD
  5
CBF
330
9
100
AcDbSymbolTableRecord
100
AcDbBlockTableRecord
  2
*D187
340
0
 70
0
280
1
281
0
  0
BLOCK_RECORD
  5
D29
330
9
100
AcDbSymbolTableRecord
100
AcDbBlockTableRecord
  2
_NONE
340
0
 70
0
280
1
281
0
  0
BLOCK_RECORD
  5
D2E
330
9
100
AcDbSymbolTableRecord
100
AcDbBlockTableRecord
  2
*D188
340
0
 70
0
280
1
281
0
  0
BLOCK_RECORD
  5
D3B
330
9
100
AcDbSymbolTableRecord
100
AcDbBlockTableRecord
  2
*D189
340
0
 70
0
280
1
281
0
  0
BLOCK_RECORD
  5
D48
330
9
100
AcDbSymbolTableRecord
100
AcDbBlockTableRecord
  2
*D190
340
0
 70
0
280
1
281
0
  0
BLOCK_RECORD
  5
D55
330
9
100
AcDbSymbolTableRecord
100
AcDbBlockTableRecord
  2
*D191
340
0
 70
0
280
1
281
0
  0
BLOCK_RECORD
  5
D62
330
9
100
AcDbSymbolTableRecord
100
AcDbBlockTableRecord
  2
*D192
340
0
 70
0
280
1
281
0
  0
BLOCK_RECORD
  5
D6F
330
9
100
AcDbSymbolTableRecord
100
AcDbBlockTableRecord
  2
*D193
340
0
 70
0
280
1
281
0
  0
BLOCK_RECORD
  5
D7C
330
9
100
AcDbSymbolTableRecord
100
AcDbBlockTableRecord
  2
*D194
340
0
 70
0
280
1
281
0
  0
BLOCK_RECORD
  5
D89
330
9
100
AcDbSymbolTableRecord
100
AcDbBlockTableRecord
  2
*D195
340
0
 70
0
280
1
281
0
  0
BLOCK_RECORD
  5
D96
330
9
100
AcDbSymbolTableRecord
100
AcDbBlockTableRecord
  2
*D196
340
0
 70
0
280
1
281
0
  0
BLOCK_RECORD
  5
DA3
330
9
100
AcDbSymbolTableRecord
100
AcDbBlockTableRecord
  2
*D197
340
0
 70
0
280
1
281
0
  0
BLOCK_RECORD
  5
DB0
330
9
100
AcDbSymbolTableRecord
100
AcDbBlockTableRecord
  2
*D198
340
0
 70
0
280
1
281
0
  0
BLOCK_RECORD
  5
DBD
330
9
100
AcDbSymbolTableRecord
100
AcDbBlockTableRecord
  2
*D199
340
0
 70
0
280
1
281
0
  0
BLOCK_RECORD
  5
DCA
330
9
100
AcDbSymbolTableRecord
100
AcDbBlockTableRecord
  2
*D200
340
0
 70
0
280
1
281
0
  0
BLOCK_RECORD
  5
DD7
330
9
100
AcDbSymbolTableRecord
100
AcDbBlockTableRecord
  2
*D201
340
0
 70
0
280
1
281
0
  0
BLOCK_RECORD
  5
DE4
330
9
100
AcDbSymbolTableRecord
100
AcDbBlockTableRecord
  2
*D202
340
0
 70
0
280
1
281
0
  0
BLOCK_RECORD
  5
DF1
330
9
100
AcDbSymbolTableRecord
100
AcDbBlockTableRecord
  2
*D203
340
0
 70
0
280
1
281
0
  0
BLOCK_RECORD
  5
DFE
330
9
100
AcDbSymbolTableRecord
100
AcDbBlockTableRecord
  2
*D204
340
0
 70
0
280
1
281
0
  0
BLOCK_RECORD
  5
E0B
330
9
100
AcDbSymbolTableRecord
100
AcDbBlockTableRecord
  2
*D205
340
0
 70
0
280
1
281
0
  0
BLOCK_RECORD
  5
E18
330
9
100
AcDbSymbolTableRecord
100
AcDbBlockTableRecord
  2
*D206
340
0
 70
0
280
1
281
0
  0
BLOCK_RECORD
  5
E25
330
9
100
AcDbSymbolTableRecord
100
AcDbBlockTableRecord
  2
*D207
340
0
 70
0
280
1
281
0
  0
BLOCK_RECORD
  5
E32
330
9
100
AcDbSymbolTableRecord
100
AcDbBlockTableRecord
  2
*D208
340
0
 70
0
280
1
281
0
  0
BLOCK_RECORD
  5
E3F
330
9
100
AcDbSymbolTableRecord
100
AcDbBlockTableRecord
  2
*D209
340
0
 70
0
280
1
281
0
  0
BLOCK_RECORD
  5
E4C
330
9
100
AcDbSymbolTableRecord
100
AcDbBlockTableRecord
  2
*D210
340
0
 70
0
280
1
281
0
  0
BLOCK_RECORD
  5
E59
330
9
100
AcDbSymbolTableRecord
100
AcDbBlockTableRecord
  2
*D211
340
0
 70
0
280
1
281
0
  0
BLOCK_RECORD
  5
E66
330
9
100
AcDbSymbolTableRecord
100
AcDbBlockTableRecord
  2
*D212
340
0
 70
0
280
1
281
0
  0
BLOCK_RECORD
  5
E73
330
9
100
AcDbSymbolTableRecord
100
AcDbBlockTableRecord
  2
*D213
340
0
 70
0
280
1
281
0
  0
BLOCK_RECORD
  5
E80
330
9
100
AcDbSymbolTableRecord
100
AcDbBlockTableRecord
  2
*D214
340
0
 70
0
280
1
281
0
  0
BLOCK_RECORD
  5
E8D
330
9
100
AcDbSymbolTableRecord
100
AcDbBlockTableRecord
  2
*D215
340
0
 70
0
280
1
281
0
  0
BLOCK_RECORD
  5
E9A
330
9
100
AcDbSymbolTableRecord
100
AcDbBlockTableRecord
  2
*D216
340
0
 70
0
280
1
281
0
  0
BLOCK_RECORD
  5
EEA
330
9
100
AcDbSymbolTableRecord
100
AcDbBlockTableRecord
  2
*D217
340
0
 70
0
280
1
281
0
  0
BLOCK_RECORD
  5
EF7
330
9
100
AcDbSymbolTableRecord
100
AcDbBlockTableRecord
  2
*D218
340
0
 70
0
280
1
281
0
  0
BLOCK_RECORD
  5
F04
330
9
100
AcDbSymbolTableRecord
100
AcDbBlockTableRecord
  2
*D219
340
0
 70
0
280
1
281
0
  0
BLOCK_RECORD
  5
F11
330
9
100
AcDbSymbolTableRecord
100
AcDbBlockTableRecord
  2
*D220
340
0
 70
0
280
1
281
0
  0
BLOCK_RECORD
  5
F1E
330
9
100
AcDbSymbolTableRecord
100
AcDbBlockTableRecord
  2
*D221
340
0
 70
0
280
1
281
0
  0
BLOCK_RECORD
  5
F2B
330
9
100
AcDbSymbolTableRecord
100
AcDbBlockTableRecord
  2
*D222
340
0
 70
0
280
1
281
0
  0
BLOCK_RECORD
  5
F38
330
9
100
AcDbSymbolTableRecord
100
AcDbBlockTableRecord
  2
*D223
340
0
 70
0
280
1
281
0
  0
BLOCK_RECORD
  5
F45
330
9
100
AcDbSymbolTableRecord
100
AcDbBlockTableRecord
  2
*D224
340
0
 70
0
280
1
281
0
  0
BLOCK_RECORD
  5
F52
330
9
100
AcDbSymbolTableRecord
100
AcDbBlockTableRecord
  2
*D225
340
0
 70
0
280
1
281
0
  0
BLOCK_RECORD
  5
F5F
330
9
100
AcDbSymbolTableRecord
100
AcDbBlockTableRecord
  2
*D226
340
0
 70
0
280
1
281
0
  0
BLOCK_RECORD
  5
F6C
330
9
100
AcDbSymbolTableRecord
100
AcDbBlockTableRecord
  2
*D227
340
0
 70
0
280
1
281
0
  0
BLOCK_RECORD
  5
F79
330
9
100
AcDbSymbolTableRecord
100
AcDbBlockTableRecord
  2
*D228
340
0
 70
0
280
1
281
0
  0
BLOCK_RECORD
  5
F86
330
9
100
AcDbSymbolTableRecord
100
AcDbBlockTableRecord
  2
*D229
340
0
 70
0
280
1
281
0
  0
BLOCK_RECORD
  5
F93
330
9
100
AcDbSymbolTableRecord
100
AcDbBlockTableRecord
  2
*D230
340
0
 70
0
280
1
281
0
  0
BLOCK_RECORD
  5
FA0
330
9
100
AcDbSymbolTableRecord
100
AcDbBlockTableRecord
  2
*D231
340
0
 70
0
280
1
281
0
  0
BLOCK_RECORD
  5
FAD
330
9
100
AcDbSymbolTableRecord
100
AcDbBlockTableRecord
  2
*D232
340
0
 70
0
280
1
281
0
  0
BLOCK_RECORD
  5
FBA
330
9
100
AcDbSymbolTableRecord
100
AcDbBlockTableRecord
  2
*D233
340
0
 70
0
280
1
281
0
  0
BLOCK_RECORD
  5
FC7
330
9
100
AcDbSymbolTableRecord
100
AcDbBlockTableRecord
  2
*D234
340
0
 70
0
280
1
281
0
  0
BLOCK_RECORD
  5
FD4
330
9
100
AcDbSymbolTableRecord
100
AcDbBlockTableRecord
  2
*D235
340
0
 70
0
280
1
281
0
  0
BLOCK_RECORD
  5
FE1
330
9
100
AcDbSymbolTableRecord
100
AcDbBlockTableRecord
  2
*D236
340
0
 70
0
280
1
281
0
  0
BLOCK_RECORD
  5
FEE
330
9
100
AcDbSymbolTableRecord
100
AcDbBlockTableRecord
  2
*D237
340
0
 70
0
280
1
281
0
  0
BLOCK_RECORD
  5
FFB
330
9
100
AcDbSymbolTableRecord
100
AcDbBlockTableRecord
  2
*D238
340
0
 70
0
280
1
281
0
  0
BLOCK_RECORD
  5
1008
330
9
100
AcDbSymbolTableRecord
100
AcDbBlockTableRecord
  2
*D239
340
0
 70
0
280
1
281
0
  0
BLOCK_RECORD
  5
1015
330
9
100
AcDbSymbolTableRecord
100
AcDbBlockTableRecord
  2
*D240
340
0
 70
0
280
1
281
0
  0
BLOCK_RECORD
  5
1022
330
9
100
AcDbSymbolTableRecord
100
AcDbBlockTableRecord
  2
*D241
340
0
 70
0
280
1
281
0
  0
BLOCK_RECORD
  5
102F
330
9
100
AcDbSymbolTableRecord
100
AcDbBlockTableRecord
  2
*D242
340
0
 70
0
280
1
281
0
  0
BLOCK_RECORD
  5
103C
330
9
100
AcDbSymbolTableRecord
100
AcDbBlockTableRecord
  2
*D243
340
0
 70
0
280
1
281
0
  0
BLOCK_RECORD
  5
108B
330
9
100
AcDbSymbolTableRecord
100
AcDbBlockTableRecord
  2
*D244
340
0
 70
0
280
1
281
0
  0
BLOCK_RECORD
  5
1098
330
9
100
AcDbSymbolTableRecord
100
AcDbBlockTableRecord
  2
*D245
340
0
 70
0
280
1
281
0
  0
BLOCK_RECORD
  5
10A5
330
9
100
AcDbSymbolTableRecord
100
AcDbBlockTableRecord
  2
*D246
340
0
 70
0
280
1
281
0
  0
BLOCK_RECORD
  5
10B2
330
9
100
AcDbSymbolTableRecord
100
AcDbBlockTableRecord
  2
*D247
340
0
 70
0
280
1
281
0
  0
BLOCK_RECORD
  5
10BF
330
9
100
AcDbSymbolTableRecord
100
AcDbBlockTableRecord
  2
*D248
340
0
 70
0
280
1
281
0
  0
BLOCK_RECORD
  5
10CC
330
9
100
AcDbSymbolTableRecord
100
AcDbBlockTableRecord
  2
*D249
340
0
 70
0
280
1
281
0
  0
BLOCK_RECORD
  5
10D9
330
9
100
AcDbSymbolTableRecord
100
AcDbBlockTableRecord
  2
*D250
340
0
 70
0
280
1
281
0
  0
BLOCK_RECORD
  5
10E6
330
9
100
AcDbSymbolTableRecord
100
AcDbBlockTableRecord
  2
*D251
340
0
 70
0
280
1
281
0
  0
BLOCK_RECORD
  5
10F3
330
9
100
AcDbSymbolTableRecord
100
AcDbBlockTableRecord
  2
*D252
340
0
 70
0
280
1
281
0
  0
BLOCK_RECORD
  5
1100
330
9
100
AcDbSymbolTableRecord
100
AcDbBlockTableRecord
  2
*D253
340
0
 70
0
280
1
281
0
  0
BLOCK_RECORD
  5
110D
330
9
100
AcDbSymbolTableRecord
100
AcDbBlockTableRecord
  2
*D254
340
0
 70
0
280
1
281
0
  0
BLOCK_RECORD
  5
111A
330
9
100
AcDbSymbolTableRecord
100
AcDbBlockTableRecord
  2
*D255
340
0
 70
0
280
1
281
0
  0
BLOCK_RECORD
  5
1127
330
9
100
AcDbSymbolTableRecord
100
AcDbBlockTableRecord
  2
*D256
340
0
 70
0
280
1
281
0
  0
BLOCK_RECORD
  5
1134
330
9
100
AcDbSymbolTableRecord
100
AcDbBlockTableRecord
  2
*D257
340
0
 70
0
280
1
281
0
  0
BLOCK_RECORD
  5
1141
330
9
100
AcDbSymbolTableRecord
100
AcDbBlockTableRecord
  2
*D258
340
0
 70
0
280
1
281
0
  0
BLOCK_RECORD
  5
114E
330
9
100
AcDbSymbolTableRecord
100
AcDbBlockTableRecord
  2
*D259
340
0
 70
0
280
1
281
0
  0
BLOCK_RECORD
  5
115B
330
9
100
AcDbSymbolTableRecord
100
AcDbBlockTableRecord
  2
*D260
340
0
 70
0
280
1
281
0
  0
BLOCK_RECORD
  5
1168
330
9
100
AcDbSymbolTableRecord
100
AcDbBlockTableRecord
  2
*D261
340
0
 70
0
280
1
281
0
  0
BLOCK_RECORD
  5
1175
330
9
100
AcDbSymbolTableRecord
100
AcDbBlockTableRecord
  2
*D262
340
0
 70
0
280
1
281
0
  0
BLOCK_RECORD
  5
1182
330
9
100
AcDbSymbolTableRecord
100
AcDbBlockTableRecord
  2
*D263
340
0
 70
0
280
1
281
0
  0
BLOCK_RECORD
  5
118F
330
9
100
AcDbSymbolTableRecord
100
AcDbBlockTableRecord
  2
*D264
340
0
 70
0
280
1
281
0
  0
BLOCK_RECORD
  5
119C
330
9
100
AcDbSymbolTableRecord
100
AcDbBlockTableRecord
  2
*D265
340
0
 70
0
280
1
281
0
  0
BLOCK_RECORD
  5
11A9
330
9
100
AcDbSymbolTableRecord
100
AcDbBlockTableRecord
  2
*D266
340
0
 70
0
280
1
281
0
  0
BLOCK_RECORD
  5
11B6
330
9
100
AcDbSymbolTableRecord
100
AcDbBlockTableRecord
  2
*D267
340
0
 70
0
280
1
281
0
  0
BLOCK_RECORD
  5
11C3
330
9
100
AcDbSymbolTableRecord
100
AcDbBlockTableRecord
  2
*D268
340
0
 70
0
280
1
281
0
  0
BLOCK_RECORD
  5
11D0
330
9
100
AcDbSymbolTableRecord
100
AcDbBlockTableRecord
  2
*D269
340
0
 70
0
280
1
281
0
  0
BLOCK_RECORD
  5
11DD
330
9
100
AcDbSymbolTableRecord
100
AcDbBlockTableRecord
  2
*D270
340
0
 70
0
280
1
281
0
  0
BLOCK_RECORD
  5
11EA
330
9
100
AcDbSymbolTableRecord
100
AcDbBlockTableRecord
  2
*D271
340
0
 70
0
280
1
281
0
  0
BLOCK_RECORD
  5
11F7
330
9
100
AcDbSymbolTableRecord
100
AcDbBlockTableRecord
  2
*D272
340
0
 70
0
280
1
281
0
  0
BLOCK_RECORD
  5
1204
330
9
100
AcDbSymbolTableRecord
100
AcDbBlockTableRecord
  2
*D273
340
0
 70
0
280
1
281
0
  0
BLOCK_RECORD
  5
1253
330
9
100
AcDbSymbolTableRecord
100
AcDbBlockTableRecord
  2
*D274
340
0
 70
0
280
1
281
0
  0
BLOCK_RECORD
  5
1260
330
9
100
AcDbSymbolTableRecord
100
AcDbBlockTableRecord
  2
*D275
340
0
 70
0
280
1
281
0
  0
BLOCK_RECORD
  5
126D
330
9
100
AcDbSymbolTableRecord
100
AcDbBlockTableRecord
  2
*D276
340
0
 70
0
280
1
281
0
  0
BLOCK_RECORD
  5
127A
330
9
100
AcDbSymbolTableRecord
100
AcDbBlockTableRecord
  2
*D277
340
0
 70
0
280
1
281
0
  0
BLOCK_RECORD
  5
1287
330
9
100
AcDbSymbolTableRecord
100
AcDbBlockTableRecord
  2
*D278
340
0
 70
0
280
1
281
0
  0
BLOCK_RECORD
  5
1294
330
9
100
AcDbSymbolTableRecord
100
AcDbBlockTableRecord
  2
*D279
340
0
 70
0
280
1
281
0
  0
BLOCK_RECORD
  5
12A1
330
9
100
AcDbSymbolTableRecord
100
AcDbBlockTableRecord
  2
*D280
340
0
 70
0
280
1
281
0
  0
BLOCK_RECORD
  5
12AE
330
9
100
AcDbSymbolTableRecord
100
AcDbBlockTableRecord
  2
*D281
340
0
 70
0
280
1
281
0
  0
BLOCK_RECORD
  5
12BB
330
9
100
AcDbSymbolTableRecord
100
AcDbBlockTableRecord
  2
*D282
340
0
 70
0
280
1
281
0
  0
BLOCK_RECORD
  5
12C8
330
9
100
AcDbSymbolTableRecord
100
AcDbBlockTableRecord
  2
*D283
340
0
 70
0
280
1
281
0
  0
BLOCK_RECORD
  5
12D5
330
9
100
AcDbSymbolTableRecord
100
AcDbBlockTableRecord
  2
*D284
340
0
 70
0
280
1
281
0
  0
BLOCK_RECORD
  5
12E2
330
9
100
AcDbSymbolTableRecord
100
AcDbBlockTableRecord
  2
*D285
340
0
 70
0
280
1
281
0
  0
BLOCK_RECORD
  5
12EF
330
9
100
AcDbSymbolTableRecord
100
AcDbBlockTableRecord
  2
*D286
340
0
 70
0
280
1
281
0
  0
BLOCK_RECORD
  5
12FC
330
9
100
AcDbSymbolTableRecord
100
AcDbBlockTableRecord
  2
*D287
340
0
 70
0
280
1
281
0
  0
BLOCK_RECORD
  5
1309
330
9
100
AcDbSymbolTableRecord
100
AcDbBlockTableRecord
  2
*D288
340
0
 70
0
280
1
281
0
  0
BLOCK_RECORD
  5
1316
330
9
100
AcDbSymbolTableRecord
100
AcDbBlockTableRecord
  2
*D289
340
0
 70
0
280
1
281
0
  0
BLOCK_RECORD
  5
1323
330
9
100
AcDbSymbolTableRecord
100
AcDbBlockTableRecord
  2
*D290
340
0
 70
0
280
1
281
0
  0
BLOCK_RECORD
  5
1330
330
9
100
AcDbSymbolTableRecord
100
AcDbBlockTableRecord
  2
*D291
340
0
 70
0
280
1
281
0
  0
BLOCK_RECORD
  5
133D
330
9
100
AcDbSymbolTableRecord
100
AcDbBlockTableRecord
  2
*D292
340
0
 70
0
280
1
281
0
  0
BLOCK_RECORD
  5
134A
330
9
100
AcDbSymbolTableRecord
100
AcDbBlockTableRecord
  2
*D293
340
0
 70
0
280
1
281
0
  0
BLOCK_RECORD
  5
1357
330
9
100
AcDbSymbolTableRecord
100
AcDbBlockTableRecord
  2
*D294
340
0
 70
0
280
1
281
0
  0
BLOCK_RECORD
  5
1364
330
9
100
AcDbSymbolTableRecord
100
AcDbBlockTableRecord
  2
*D295
340
0
 70
0
280
1
281
0
  0
BLOCK_RECORD
  5
1371
330
9
100
AcDbSymbolTableRecord
100
AcDbBlockTableRecord
  2
*D296
340
0
 70
0
280
1
281
0
  0
BLOCK_RECORD
  5
137E
330
9
100
AcDbSymbolTableRecord
100
AcDbBlockTableRecord
  2
*D297
340
0
 70
0
280
1
281
0
  0
BLOCK_RECORD
  5
138B
330
9
100
AcDbSymbolTableRecord
100
AcDbBlockTableRecord
  2
*D298
340
0
 70
0
280
1
281
0
  0
BLOCK_RECORD
  5
1398
330
9
100
AcDbSymbolTableRecord
100
AcDbBlockTableRecord
  2
*D299
340
0
 70
0
280
1
281
0
  0
BLOCK_RECORD
  5
13A5
330
9
100
AcDbSymbolTableRecord
100
AcDbBlockTableRecord
  2
*D300
340
0
 70
0
280
1
281
0
  0
BLOCK_RECORD
  5
13B2
330
9
100
AcDbSymbolTableRecord
100
AcDbBlockTableRecord
  2
*D301
340
0
 70
0
280
1
281
0
  0
BLOCK_RECORD
  5
13BF
330
9
100
AcDbSymbolTableRecord
100
AcDbBlockTableRecord
  2
*D302
340
0
 70
0
280
1
281
0
  0
BLOCK_RECORD
  5
13CC
330
9
100
AcDbSymbolTableRecord
100
AcDbBlockTableRecord
  2
*D303
340
0
 70
0
280
1
281
0
  0
ENDTAB
  0
ENDSEC
  0
SECTION
  2
BLOCKS
  0
BLOCK
  5
18
330
17
100
AcDbEntity
  8
0
100
AcDbBlockBegin
  2
*Model_Space
 70
0
 10
0.0
 20
0.0
 30
0.0
  3
*Model_Space
  1

  0
ENDBLK
  5
19
330
17
100
AcDbEntity
  8
0
100
AcDbBlockEnd
  0
BLOCK
  5
1C
330
1B
100
AcDbEntity
  8
0
100
AcDbBlockBegin
  2
*Paper_Space
 70
0
 10
0.0
 20
0.0
 30
0.0
  3
*Paper_Space
  1

  0
ENDBLK
  5
1D
330
1B
100
AcDbEntity
  8
0
100
AcDbBlockEnd
  0
BLOCK
  5
75
330
74
100
AcDbEntity
  8
0
100
AcDbBlockBegin
  2
_ARCHTICK
 70
0
 10
0.0
 20
0.0
 30
0.0
  3
_ARCHTICK
  1

  0
LWPOLYLINE
  5
77
330
74
100
AcDbEntity
  8
0
  6
BYBLOCK
 62
0
100
AcDbPolyline
 90
2
 70
0
 43
0.15
 10
-0.5
 20
-0.5
 10
0.5
 20
0.5
  0
ENDBLK
  5
76
330
74
100
AcDbEntity
  8
0
100
AcDbBlockEnd
  0
BLOCK
  5
79
330
78
100
AcDbEntity
  8
0
100
AcDbBlockBegin
  2
_CLOSEDFILLED
 70
0
 10
0.0
 20
0.0
 30
0.0
  3
_CLOSEDFILLED
  1

  0
SOLID
  5
7B
330
78
100
AcDbEntity
  8
0
  6
BYBLOCK
 62
0
100
AcDbTrace
 10
-1.0
 20
0.16439898372402537
 30
0.0
 11
0.0
 21
0.0
 31
0.0
 12
-1.0
 22
-0.16439898372402537
 32
0.0
 13
-1.0
 23
-0.16439898372402537
 33
0.0
  0
ENDBLK
  5
7A
330
78
100
AcDbEntity
  8
0
100
AcDbBlockEnd
  0
BLOCK
  5
85
330
84
100
AcDbEntity
  8
0
100
AcDbBlockBegin
  2
_CLOSEDBLANK
 70
0
 10
0.0
 20
0.0
 30
0.0
  3
_CLOSEDBLANK
  1

  0
LWPOLYLINE
  5
87
330
84
100
AcDbEntity
  8
0
  6
BYBLOCK
 62
0
100
AcDbPolyline
 90
3
 70
1
 10
-1.0
 20
0.16439898372402537
 10
0.0
 20
0.0
 10
-1.0
 20
-0.16439898372402537
  0
ENDBLK
  5
86
330
84
100
AcDbEntity
  8
0
100
AcDbBlockEnd
  0
BLOCK
  5
170
330
16F
100
AcDbEntity
  8
0
100
AcDbBlockBegin
  2
*D1
 70
1
 10
0.0
 20
0.0
 30
0.0
  3
*D1
  1

  0
LINE
  5
172
330
16F
100
AcDbEntity
  8
0
100
AcDbLine
 10
278.0
 20
4611.0
 30
0.0
 11
278.0
 21
4593.0
 31
0.0
  0
LINE
  5
173
330
16F
100
AcDbEntity
  8
0
100
AcDbLine
 10
302.0
 20
4611.0
 30
0.0
 11
302.0
 21
4593.0
 31
0.0
  0
INSERT
  5
178
330
16F
100
AcDbEntity
  8
FW_DIM
100
AcDbBlockReference
  2
_OBLIQUE
 10
278.0
 20
4600.5
 30
0.0
 41
18.0
 42
18.0
  0
INSERT
  5
17A
330
16F
100
AcDbEntity
  8
FW_DIM
100
AcDbBlockReference
  2
_OBLIQUE
 10
302.0
 20
4600.5
 30
0.0
 41
18.0
 42
18.0
  0
LINE
  5
17C
330
16F
100
AcDbEntity
  8
0
100
AcDbLine
 10
308.0
 20
4600.5
 30
0.0
 11
270.5
 21
4600.5
 31
0.0
  0
MTEXT
  5
17D
330
16F
100
AcDbEntity
  8
FW_DIM
 62
7
100
AcDbMText
 10
326.0
 20
4612.5
 30
0.0
 40
18.0
 71
5
  1
24
  0
POINT
  5
17E
330
16F
100
AcDbEntity
  8
Defpoints
100
AcDbPoint
 10
278.0
 20
4600.5
 30
0.0
  0
POINT
  5
17F
330
16F
100
AcDbEntity
  8
Defpoints
100
AcDbPoint
 10
278.0
 20
4615.5
 30
0.0
  0
POINT
  5
180
330
16F
100
AcDbEntity
  8
Defpoints
100
AcDbPoint
 10
302.0
 20
4615.5
 30
0.0
  0
ENDBLK
  5
171
330
16F
100
AcDbEntity
  8
0
100
AcDbBlockEnd
  0
BLOCK
  5
175
330
174
100
AcDbEntity
  8
0
100
AcDbBlockBegin
  2
_OBLIQUE
 70
0
 10
0.0
 20
0.0
 30
0.0
  3
_OBLIQUE
  1

  0
LINE
  5
177
330
174
100
AcDbEntity
  8
0
  6
BYBLOCK
 62
0
100
AcDbLine
 10
-0.5
 20
-0.5
 30
0.0
 11
0.5
 21
0.5
 31
0.0
  0
ENDBLK
  5
176
330
174
100
AcDbEntity
  8
0
100
AcDbBlockEnd
  0
BLOCK
  5
186
330
185
100
AcDbEntity
  8
0
100
AcDbBlockBegin
  2
*D2
 70
1
 10
0.0
 20
0.0
 30
0.0
  3
*D2
  1

  0
LINE
  5
188
330
185
100
AcDbEntity
  8
0
100
AcDbLine
 10
818.0
 20
4611.0
 30
0.0
 11
818.0
 21
4593.0
 31
0.0
  0
LINE
  5
189
330
185
100
AcDbEntity
  8
0
100
AcDbLine
 10
842.0
 20
4611.0
 30
0.0
 11
842.0
 21
4593.0
 31
0.0
  0
INSERT
  5
18A
330
185
100
AcDbEntity
  8
FW_DIM
100
AcDbBlockReference
  2
_OBLIQUE
 10
818.0
 20
4600.5
 30
0.0
 41
18.0
 42
18.0
  0
INSERT
  5
18C
330
185
100
AcDbEntity
  8
FW_DIM
100
AcDbBlockReference
  2
_OBLIQUE
 10
842.0
 20
4600.5
 30
0.0
 41
18.0
 42
18.0
  0
LINE
  5
18E
330
185
100
AcDbEntity
  8
0
100
AcDbLine
 10
848.0
 20
4600.5
 30
0.0
 11
810.5
 21
4600.5
 31
0.0
  0
MTEXT
  5
18F
330
185
100
AcDbEntity
  8
FW_DIM
 62
7
100
AcDbMText
 10
866.0
 20
4612.5
 30
0.0
 40
18.0
 71
5
  1
24
  0
POINT
  5
190
330
185
100
AcDbEntity
  8
Defpoints
100
AcDbPoint
 10
818.0
 20
4600.5
 30
0.0
  0
POINT
  5
191
330
185
100
AcDbEntity
  8
Defpoints
100
AcDbPoint
 10
818.0
 20
4615.5
 30
0.0
  0
POINT
  5
192
330
185
100
AcDbEntity
  8
Defpoints
100
AcDbPoint
 10
842.0
 20
4615.5
 30
0.0
  0
ENDBLK
  5
187
330
185
100
AcDbEntity
  8
0
100
AcDbBlockEnd
  0
BLOCK
  5
198
330
197
100
AcDbEntity
  8
0
100
AcDbBlockBegin
  2
*D3
 70
1
 10
0.0
 20
0.0
 30
0.0
  3
*D3
  1

  0
LINE
  5
19A
330
197
100
AcDbEntity
  8
0
100
AcDbLine
 10
1358.0
 20
4611.0
 30
0.0
 11
1358.0
 21
4593.0
 31
0.0
  0
LINE
  5
19B
330
197
100
AcDbEntity
  8
0
100
AcDbLine
 10
1382.0
 20
4611.0
 30
0.0
 11
1382.0
 21
4593.0
 31
0.0
  0
INSERT
  5
19C
330
197
100
AcDbEntity
  8
FW_DIM
100
AcDbBlockReference
  2
_OBLIQUE
 10
1358.0
 20
4600.5
 30
0.0
 41
18.0
 42
18.0
  0
INSERT
  5
19E
330
197
100
AcDbEntity
  8
FW_DIM
100
AcDbBlockReference
  2
_OBLIQUE
 10
1382.0
 20
4600.5
 30
0.0
 41
18.0
 42
18.0
  0
LINE
  5
1A0
330
197
100
AcDbEntity
  8
0
100
AcDbLine
 10
1388.0
 20
4600.5
 30
0.0
 11
1350.5
 21
4600.5
 31
0.0
  0
MTEXT
  5
1A1
330
197
100
AcDbEntity
  8
FW_DIM
 62
7
100
AcDbMText
 10
1406.0
 20
4612.5
 30
0.0
 40
18.0
 71
5
  1
24
  0
POINT
  5
1A2
330
197
100
AcDbEntity
  8
Defpoints
100
AcDbPoint
 10
1358.0
 20
4600.5
 30
0.0
  0
POINT
  5
1A3
330
197
100
AcDbEntity
  8
Defpoints
100
AcDbPoint
 10
1358.0
 20
4615.5
 30
0.0
  0
POINT
  5
1A4
330
197
100
AcDbEntity
  8
Defpoints
100
AcDbPoint
 10
1382.0
 20
4615.5
 30
0.0
  0
ENDBLK
  5
199
330
197
100
AcDbEntity
  8
0
100
AcDbBlockEnd
  0
BLOCK
  5
1AA
330
1A9
100
AcDbEntity
  8
0
100
AcDbBlockBegin
  2
*D4
 70
1
 10
0.0
 20
0.0
 30
0.0
  3
*D4
  1

  0
LINE
  5
1AC
330
1A9
100
AcDbEntity
  8
0
100
AcDbLine
 10
1898.0
 20
4611.0
 30
0.0
 11
1898.0
 21
4593.0
 31
0.0
  0
LINE
  5
1AD
330
1A9
100
AcDbEntity
  8
0
100
AcDbLine
 10
1922.0
 20
4611.0
 30
0.0
 11
1922.0
 21
4593.0
 31
0.0
  0
INSERT
  5
1AE
330
1A9
100
AcDbEntity
  8
FW_DIM
100
AcDbBlockReference
  2
_OBLIQUE
 10
1898.0
 20
4600.5
 30
0.0
 41
18.0
 42
18.0
  0
INSERT
  5
1B0
330
1A9
100
AcDbEntity
  8
FW_DIM
100
AcDbBlockReference
  2
_OBLIQUE
 10
1922.0
 20
4600.5
 30
0.0
 41
18.0
 42
18.0
  0
LINE
  5
1B2
330
1A9
100
AcDbEntity
  8
0
100
AcDbLine
 10
1928.0
 20
4600.5
 30
0.0
 11
1890.5
 21
4600.5
 31
0.0
  0
MTEXT
  5
1B3
330
1A9
100
AcDbEntity
  8
FW_DIM
 62
7
100
AcDbMText
 10
1946.0
 20
4612.5
 30
0.0
 40
18.0
 71
5
  1
24
  0
POINT
  5
1B4
330
1A9
100
AcDbEntity
  8
Defpoints
100
AcDbPoint
 10
1898.0
 20
4600.5
 30
0.0
  0
POINT
  5
1B5
330
1A9
100
AcDbEntity
  8
Defpoints
100
AcDbPoint
 10
1898.0
 20
4615.5
 30
0.0
  0
POINT
  5
1B6
330
1A9
100
AcDbEntity
  8
Defpoints
100
AcDbPoint
 10
1922.0
 20
4615.5
 30
0.0
  0
ENDBLK
  5
1AB
330
1A9
100
AcDbEntity
  8
0
100
AcDbBlockEnd
  0
BLOCK
  5
1BC
330
1BB
100
AcDbEntity
  8
0
100
AcDbBlockBegin
  2
*D5
 70
1
 10
0.0
 20
0.0
 30
0.0
  3
*D5
  1

  0
LINE
  5
1BE
330
1BB
100
AcDbEntity
  8
0
100
AcDbLine
 10
2438.0
 20
4611.0
 30
0.0
 11
2438.0
 21
4593.0
 31
0.0
  0
LINE
  5
1BF
330
1BB
100
AcDbEntity
  8
0
100
AcDbLine
 10
2462.0
 20
4611.0
 30
0.0
 11
2462.0
 21
4593.0
 31
0.0
  0
INSERT
  5
1C0
330
1BB
100
AcDbEntity
  8
FW_DIM
100
AcDbBlockReference
  2
_OBLIQUE
 10
2438.0
 20
4600.5
 30
0.0
 41
18.0
 42
18.0
  0
INSERT
  5
1C2
330
1BB
100
AcDbEntity
  8
FW_DIM
100
AcDbBlockReference
  2
_OBLIQUE
 10
2462.0
 20
4600.5
 30
0.0
 41
18.0
 42
18.0
  0
LINE
  5
1C4
330
1BB
100
AcDbEntity
  8
0
100
AcDbLine
 10
2468.0
 20
4600.5
 30
0.0
 11
2430.5
 21
4600.5
 31
0.0
  0
MTEXT
  5
1C5
330
1BB
100
AcDbEntity
  8
FW_DIM
 62
7
100
AcDbMText
 10
2486.0
 20
4612.5
 30
0.0
 40
18.0
 71
5
  1
24
  0
POINT
  5
1C6
330
1BB
100
AcDbEntity
  8
Defpoints
100
AcDbPoint
 10
2438.0
 20
4600.5
 30
0.0
  0
POINT
  5
1C7
330
1BB
100
AcDbEntity
  8
Defpoints
100
AcDbPoint
 10
2438.0
 20
4615.5
 30
0.0
  0
POINT
  5
1C8
330
1BB
100
AcDbEntity
  8
Defpoints
100
AcDbPoint
 10
2462.0
 20
4615.5
 30
0.0
  0
ENDBLK
  5
1BD
330
1BB
100
AcDbEntity
  8
0
100
AcDbBlockEnd
  0
BLOCK
  5
1CE
330
1CD
100
AcDbEntity
  8
0
100
AcDbBlockBegin
  2
*D6
 70
1
 10
0.0
 20
0.0
 30
0.0
  3
*D6
  1

  0
LINE
  5
1D0
330
1CD
100
AcDbEntity
  8
0
100
AcDbLine
 10
278.0
 20
5151.0
 30
0.0
 11
278.0
 21
5133.0
 31
0.0
  0
LINE
  5
1D1
330
1CD
100
AcDbEntity
  8
0
100
AcDbLine
 10
302.0
 20
5151.0
 30
0.0
 11
302.0
 21
5133.0
 31
0.0
  0
INSERT
  5
1D2
330
1CD
100
AcDbEntity
  8
FW_DIM
100
AcDbBlockReference
  2
_OBLIQUE
 10
278.0
 20
5140.5
 30
0.0
 41
18.0
 42
18.0
  0
INSERT
  5
1D4
330
1CD
100
AcDbEntity
  8
FW_DIM
100
AcDbBlockReference
  2
_OBLIQUE
 10
302.0
 20
5140.5
 30
0.0
 41
18.0
 42
18.0
  0
LINE
  5
1D6
330
1CD
100
AcDbEntity
  8
0
100
AcDbLine
 10
308.0
 20
5140.5
 30
0.0
 11
270.5
 21
5140.5
 31
0.0
  0
MTEXT
  5
1D7
330
1CD
100
AcDbEntity
  8
FW_DIM
 62
7
100
AcDbMText
 10
326.0
 20
5152.5
 30
0.0
 40
18.0
 71
5
  1
24
  0
POINT
  5
1D8
330
1CD
100
AcDbEntity
  8
Defpoints
100
AcDbPoint
 10
278.0
 20
5140.5
 30
0.0
  0
POINT
  5
1D9
330
1CD
100
AcDbEntity
  8
Defpoints
100
AcDbPoint
 10
278.0
 20
5155.5
 30
0.0
  0
POINT
  5
1DA
330
1CD
100
AcDbEntity
  8
Defpoints
100
AcDbPoint
 10
302.0
 20
5155.5
 30
0.0
  0
ENDBLK
  5
1CF
330
1CD
100
AcDbEntity
  8
0
100
AcDbBlockEnd
  0
BLOCK
  5
1E0
330
1DF
100
AcDbEntity
  8
0
100
AcDbBlockBegin
  2
*D7
 70
1
 10
0.0
 20
0.0
 30
0.0
  3
*D7
  1

  0
LINE
  5
1E2
330
1DF
100
AcDbEntity
  8
0
100
AcDbLine
 10
818.0
 20
5151.0
 30
0.0
 11
818.0
 21
5133.0
 31
0.0
  0
LINE
  5
1E3
330
1DF
100
AcDbEntity
  8
0
100
AcDbLine
 10
842.0
 20
5151.0
 30
0.0
 11
842.0
 21
5133.0
 31
0.0
  0
INSERT
  5
1E4
330
1DF
100
AcDbEntity
  8
FW_DIM
100
AcDbBlockReference
  2
_OBLIQUE
 10
818.0
 20
5140.5
 30
0.0
 41
18.0
 42
18.0
  0
INSERT
  5
1E6
330
1DF
100
AcDbEntity
  8
FW_DIM
100
AcDbBlockReference
  2
_OBLIQUE
 10
842.0
 20
5140.5
 30
0.0
 41
18.0
 42
18.0
  0
LINE
  5
1E8
330
1DF
100
AcDbEntity
  8
0
100
AcDbLine
 10
848.0
 20
5140.5
 30
0.0
 11
810.5
 21
5140.5
 31
0.0
  0
MTEXT
  5
1E9
330
1DF
100
AcDbEntity
  8
FW_DIM
 62
7
100
AcDbMText
 10
866.0
 20
5152.5
 30
0.0
 40
18.0
 71
5
  1
24
  0
POINT
  5
1EA
330
1DF
100
AcDbEntity
  8
Defpoints
100
AcDbPoint
 10
818.0
 20
5140.5
 30
0.0
  0
POINT
  5
1EB
330
1DF
100
AcDbEntity
  8
Defpoints
100
AcDbPoint
 10
818.0
 20
5155.5
 30
0.0
  0
POINT
  5
1EC
330
1DF
100
AcDbEntity
  8
Defpoints
100
AcDbPoint
 10
842.0
 20
5155.5
 30
0.0
  0
ENDBLK
  5
1E1
330
1DF
100
AcDbEntity
  8
0
100
AcDbBlockEnd
  0
BLOCK
  5
1F2
330
1F1
100
AcDbEntity
  8
0
100
AcDbBlockBegin
  2
*D8
 70
1
 10
0.0
 20
0.0
 30
0.0
  3
*D8
  1

  0
LINE
  5
1F4
330
1F1
100
AcDbEntity
  8
0
100
AcDbLine
 10
1898.0
 20
5151.0
 30
0.0
 11
1898.0
 21
5133.0
 31
0.0
  0
LINE
  5
1F5
330
1F1
100
AcDbEntity
  8
0
100
AcDbLine
 10
1922.0
 20
5151.0
 30
0.0
 11
1922.0
 21
5133.0
 31
0.0
  0
INSERT
  5
1F6
330
1F1
100
AcDbEntity
  8
FW_DIM
100
AcDbBlockReference
  2
_OBLIQUE
 10
1898.0
 20
5140.5
 30
0.0
 41
18.0
 42
18.0
  0
INSERT
  5
1F8
330
1F1
100
AcDbEntity
  8
FW_DIM
100
AcDbBlockReference
  2
_OBLIQUE
 10
1922.0
 20
5140.5
 30
0.0
 41
18.0
 42
18.0
  0
LINE
  5
1FA
330
1F1
100
AcDbEntity
  8
0
100
AcDbLine
 10
1928.0
 20
5140.5
 30
0.0
 11
1890.5
 21
5140.5
 31
0.0
  0
MTEXT
  5
1FB
330
1F1
100
AcDbEntity
  8
FW_DIM
 62
7
100
AcDbMText
 10
1946.0
 20
5152.5
 30
0.0
 40
18.0
 71
5
  1
24
  0
POINT
  5
1FC
330
1F1
100
AcDbEntity
  8
Defpoints
100
AcDbPoint
 10
1898.0
 20
5140.5
 30
0.0
  0
POINT
  5
1FD
330
1F1
100
AcDbEntity
  8
Defpoints
100
AcDbPoint
 10
1898.0
 20
5155.5
 30
0.0
  0
POINT
  5
1FE
330
1F1
100
AcDbEntity
  8
Defpoints
100
AcDbPoint
 10
1922.0
 20
5155.5
 30
0.0
  0
ENDBLK
  5
1F3
330
1F1
100
AcDbEntity
  8
0
100
AcDbBlockEnd
  0
BLOCK
  5
204
330
203
100
AcDbEntity
  8
0
100
AcDbBlockBegin
  2
*D9
 70
1
 10
0.0
 20
0.0
 30
0.0
  3
*D9
  1

  0
LINE
  5
206
330
203
100
AcDbEntity
  8
0
100
AcDbLine
 10
2438.0
 20
5151.0
 30
0.0
 11
2438.0
 21
5133.0
 31
0.0
  0
LINE
  5
207
330
203
100
AcDbEntity
  8
0
100
AcDbLine
 10
2462.0
 20
5151.0
 30
0.0
 11
2462.0
 21
5133.0
 31
0.0
  0
INSERT
  5
208
330
203
100
AcDbEntity
  8
FW_DIM
100
AcDbBlockReference
  2
_OBLIQUE
 10
2438.0
 20
5140.5
 30
0.0
 41
18.0
 42
18.0
  0
INSERT
  5
20A
330
203
100
AcDbEntity
  8
FW_DIM
100
AcDbBlockReference
  2
_OBLIQUE
 10
2462.0
 20
5140.5
 30
0.0
 41
18.0
 42
18.0
  0
LINE
  5
20C
330
203
100
AcDbEntity
  8
0
100
AcDbLine
 10
2468.0
 20
5140.5
 30
0.0
 11
2430.5
 21
5140.5
 31
0.0
  0
MTEXT
  5
20D
330
203
100
AcDbEntity
  8
FW_DIM
 62
7
100
AcDbMText
 10
2486.0
 20
5152.5
 30
0.0
 40
18.0
 71
5
  1
24
  0
POINT
  5
20E
330
203
100
AcDbEntity
  8
Defpoints
100
AcDbPoint
 10
2438.0
 20
5140.5
 30
0.0
  0
POINT
  5
20F
330
203
100
AcDbEntity
  8
Defpoints
100
AcDbPoint
 10
2438.0
 20
5155.5
 30
0.0
  0
POINT
  5
210
330
203
100
AcDbEntity
  8
Defpoints
100
AcDbPoint
 10
2462.0
 20
5155.5
 30
0.0
  0
ENDBLK
  5
205
330
203
100
AcDbEntity
  8
0
100
AcDbBlockEnd
  0
BLOCK
  5
216
330
215
100
AcDbEntity
  8
0
100
AcDbBlockBegin
  2
*D10
 70
1
 10
0.0
 20
0.0
 30
0.0
  3
*D10
  1

  0
LINE
  5
218
330
215
100
AcDbEntity
  8
0
100
AcDbLine
 10
278.0
 20
5691.0
 30
0.0
 11
278.0
 21
5673.0
 31
0.0
  0
LINE
  5
219
330
215
100
AcDbEntity
  8
0
100
AcDbLine
 10
302.0
 20
5691.0
 30
0.0
 11
302.0
 21
5673.0
 31
0.0
  0
INSERT
  5
21A
330
215
100
AcDbEntity
  8
FW_DIM
100
AcDbBlockReference
  2
_OBLIQUE
 10
278.0
 20
5680.5
 30
0.0
 41
18.0
 42
18.0
  0
INSERT
  5
21C
330
215
100
AcDbEntity
  8
FW_DIM
100
AcDbBlockReference
  2
_OBLIQUE
 10
302.0
 20
5680.5
 30
0.0
 41
18.0
 42
18.0
  0
LINE
  5
21E
330
215
100
AcDbEntity
  8
0
100
AcDbLine
 10
308.0
 20
5680.5
 30
0.0
 11
270.5
 21
5680.5
 31
0.0
  0
MTEXT
  5
21F
330
215
100
AcDbEntity
  8
FW_DIM
 62
7
100
AcDbMText
 10
326.0
 20
5692.5
 30
0.0
 40
18.0
 71
5
  1
24
  0
POINT
  5
220
330
215
100
AcDbEntity
  8
Defpoints
100
AcDbPoint
 10
278.0
 20
5680.5
 30
0.0
  0
POINT
  5
221
330
215
100
AcDbEntity
  8
Defpoints
100
AcDbPoint
 10
278.0
 20
5695.5
 30
0.0
  0
POINT
  5
222
330
215
100
AcDbEntity
  8
Defpoints
100
AcDbPoint
 10
302.0
 20
5695.5
 30
0.0
  0
ENDBLK
  5
217
330
215
100
AcDbEntity
  8
0
100
AcDbBlockEnd
  0
BLOCK
  5
228
330
227
100
AcDbEntity
  8
0
100
AcDbBlockBegin
  2
*D11
 70
1
 10
0.0
 20
0.0
 30
0.0
  3
*D11
  1

  0
LINE
  5
22A
330
227
100
AcDbEntity
  8
0
100
AcDbLine
 10
818.0
 20
5691.0
 30
0.0
 11
818.0
 21
5673.0
 31
0.0
  0
LINE
  5
22B
330
227
100
AcDbEntity
  8
0
100
AcDbLine
 10
842.0
 20
5691.0
 30
0.0
 11
842.0
 21
5673.0
 31
0.0
  0
INSERT
  5
22C
330
227
100
AcDbEntity
  8
FW_DIM
100
AcDbBlockReference
  2
_OBLIQUE
 10
818.0
 20
5680.5
 30
0.0
 41
18.0
 42
18.0
  0
INSERT
  5
22E
330
227
100
AcDbEntity
  8
FW_DIM
100
AcDbBlockReference
  2
_OBLIQUE
 10
842.0
 20
5680.5
 30
0.0
 41
18.0
 42
18.0
  0
LINE
  5
230
330
227
100
AcDbEntity
  8
0
100
AcDbLine
 10
848.0
 20
5680.5
 30
0.0
 11
810.5
 21
5680.5
 31
0.0
  0
MTEXT
  5
231
330
227
100
AcDbEntity
  8
FW_DIM
 62
7
100
AcDbMText
 10
866.0
 20
5692.5
 30
0.0
 40
18.0
 71
5
  1
24
  0
POINT
  5
232
330
227
100
AcDbEntity
  8
Defpoints
100
AcDbPoint
 10
818.0
 20
5680.5
 30
0.0
  0
POINT
  5
233
330
227
100
AcDbEntity
  8
Defpoints
100
AcDbPoint
 10
818.0
 20
5695.5
 30
0.0
  0
POINT
  5
234
330
227
100
AcDbEntity
  8
Defpoints
100
AcDbPoint
 10
842.0
 20
5695.5
 30
0.0
  0
ENDBLK
  5
229
330
227
100
AcDbEntity
  8
0
100
AcDbBlockEnd
  0
BLOCK
  5
23A
330
239
100
AcDbEntity
  8
0
100
AcDbBlockBegin
  2
*D12
 70
1
 10
0.0
 20
0.0
 30
0.0
  3
*D12
  1

  0
LINE
  5
23C
330
239
100
AcDbEntity
  8
0
100
AcDbLine
 10
1898.0
 20
5691.0
 30
0.0
 11
1898.0
 21
5673.0
 31
0.0
  0
LINE
  5
23D
330
239
100
AcDbEntity
  8
0
100
AcDbLine
 10
1922.0
 20
5691.0
 30
0.0
 11
1922.0
 21
5673.0
 31
0.0
  0
INSERT
  5
23E
330
239
100
AcDbEntity
  8
FW_DIM
100
AcDbBlockReference
  2
_OBLIQUE
 10
1898.0
 20
5680.5
 30
0.0
 41
18.0
 42
18.0
  0
INSERT
  5
240
330
239
100
AcDbEntity
  8
FW_DIM
100
AcDbBlockReference
  2
_OBLIQUE
 10
1922.0
 20
5680.5
 30
0.0
 41
18.0
 42
18.0
  0
LINE
  5
242
330
239
100
AcDbEntity
  8
0
100
AcDbLine
 10
1928.0
 20
5680.5
 30
0.0
 11
1890.5
 21
5680.5
 31
0.0
  0
MTEXT
  5
243
330
239
100
AcDbEntity
  8
FW_DIM
 62
7
100
AcDbMText
 10
1946.0
 20
5692.5
 30
0.0
 40
18.0
 71
5
  1
24
  0
POINT
  5
244
330
239
100
AcDbEntity
  8
Defpoints
100
AcDbPoint
 10
1898.0
 20
5680.5
 30
0.0
  0
POINT
  5
245
330
239
100
AcDbEntity
  8
Defpoints
100
AcDbPoint
 10
1898.0
 20
5695.5
 30
0.0
  0
POINT
  5
246
330
239
100
AcDbEntity
  8
Defpoints
100
AcDbPoint
 10
1922.0
 20
5695.5
 30
0.0
  0
ENDBLK
  5
23B
330
239
100
AcDbEntity
  8
0
100
AcDbBlockEnd
  0
BLOCK
  5
24C
330
24B
100
AcDbEntity
  8
0
100
AcDbBlockBegin
  2
*D13
 70
1
 10
0.0
 20
0.0
 30
0.0
  3
*D13
  1

  0
LINE
  5
24E
330
24B
100
AcDbEntity
  8
0
100
AcDbLine
 10
2438.0
 20
5691.0
 30
0.0
 11
2438.0
 21
5673.0
 31
0.0
  0
LINE
  5
24F
330
24B
100
AcDbEntity
  8
0
100
AcDbLine
 10
2462.0
 20
5691.0
 30
0.0
 11
2462.0
 21
5673.0
 31
0.0
  0
INSERT
  5
250
330
24B
100
AcDbEntity
  8
FW_DIM
100
AcDbBlockReference
  2
_OBLIQUE
 10
2438.0
 20
5680.5
 30
0.0
 41
18.0
 42
18.0
  0
INSERT
  5
252
330
24B
100
AcDbEntity
  8
FW_DIM
100
AcDbBlockReference
  2
_OBLIQUE
 10
2462.0
 20
5680.5
 30
0.0
 41
18.0
 42
18.0
  0
LINE
  5
254
330
24B
100
AcDbEntity
  8
0
100
AcDbLine
 10
2468.0
 20
5680.5
 30
0.0
 11
2430.5
 21
5680.5
 31
0.0
  0
MTEXT
  5
255
330
24B
100
AcDbEntity
  8
FW_DIM
 62
7
100
AcDbMText
 10
2486.0
 20
5692.5
 30
0.0
 40
18.0
 71
5
  1
24
  0
POINT
  5
256
330
24B
100
AcDbEntity
  8
Defpoints
100
AcDbPoint
 10
2438.0
 20
5680.5
 30
0.0
  0
POINT
  5
257
330
24B
100
AcDbEntity
  8
Defpoints
100
AcDbPoint
 10
2438.0
 20
5695.5
 30
0.0
  0
POINT
  5
258
330
24B
100
AcDbEntity
  8
Defpoints
100
AcDbPoint
 10
2462.0
 20
5695.5
 30
0.0
  0
ENDBLK
  5
24D
330
24B
100
AcDbEntity
  8
0
100
AcDbBlockEnd
  0
BLOCK
  5
25E
330
25D
100
AcDbEntity
  8
0
100
AcDbBlockBegin
  2
*D14
 70
1
 10
0.0
 20
0.0
 30
0.0
  3
*D14
  1

  0
LINE
  5
260
330
25D
100
AcDbEntity
  8
0
100
AcDbLine
 10
278.0
 20
6231.0
 30
0.0
 11
278.0
 21
6213.0
 31
0.0
  0
LINE
  5
261
330
25D
100
AcDbEntity
  8
0
100
AcDbLine
 10
302.0
 20
6231.0
 30
0.0
 11
302.0
 21
6213.0
 31
0.0
  0
INSERT
  5
262
330
25D
100
AcDbEntity
  8
FW_DIM
100
AcDbBlockReference
  2
_OBLIQUE
 10
278.0
 20
6220.5
 30
0.0
 41
18.0
 42
18.0
  0
INSERT
  5
264
330
25D
100
AcDbEntity
  8
FW_DIM
100
AcDbBlockReference
  2
_OBLIQUE
 10
302.0
 20
6220.5
 30
0.0
 41
18.0
 42
18.0
  0
LINE
  5
266
330
25D
100
AcDbEntity
  8
0
100
AcDbLine
 10
308.0
 20
6220.5
 30
0.0
 11
270.5
 21
6220.5
 31
0.0
  0
MTEXT
  5
267
330
25D
100
AcDbEntity
  8
FW_DIM
 62
7
100
AcDbMText
 10
326.0
 20
6232.5
 30
0.0
 40
18.0
 71
5
  1
24
  0
POINT
  5
268
330
25D
100
AcDbEntity
  8
Defpoints
100
AcDbPoint
 10
278.0
 20
6220.5
 30
0.0
  0
POINT
  5
269
330
25D
100
AcDbEntity
  8
Defpoints
100
AcDbPoint
 10
278.0
 20
6235.5
 30
0.0
  0
POINT
  5
26A
330
25D
100
AcDbEntity
  8
Defpoints
100
AcDbPoint
 10
302.0
 20
6235.5
 30
0.0
  0
ENDBLK
  5
25F
330
25D
100
AcDbEntity
  8
0
100
AcDbBlockEnd
  0
BLOCK
  5
270
330
26F
100
AcDbEntity
  8
0
100
AcDbBlockBegin
  2
*D15
 70
1
 10
0.0
 20
0.0
 30
0.0
  3
*D15
  1

  0
LINE
  5
272
330
26F
100
AcDbEntity
  8
0
100
AcDbLine
 10
818.0
 20
6231.0
 30
0.0
 11
818.0
 21
6213.0
 31
0.0
  0
LINE
  5
273
330
26F
100
AcDbEntity
  8
0
100
AcDbLine
 10
842.0
 20
6231.0
 30
0.0
 11
842.0
 21
6213.0
 31
0.0
  0
INSERT
  5
274
330
26F
100
AcDbEntity
  8
FW_DIM
100
AcDbBlockReference
  2
_OBLIQUE
 10
818.0
 20
6220.5
 30
0.0
 41
18.0
 42
18.0
  0
INSERT
  5
276
330
26F
100
AcDbEntity
  8
FW_DIM
100
AcDbBlockReference
  2
_OBLIQUE
 10
842.0
 20
6220.5
 30
0.0
 41
18.0
 42
18.0
  0
LINE
  5
278
330
26F
100
AcDbEntity
  8
0
100
AcDbLine
 10
848.0
 20
6220.5
 30
0.0
 11
810.5
 21
6220.5
 31
0.0
  0
MTEXT
  5
279
330
26F
100
AcDbEntity
  8
FW_DIM
 62
7
100
AcDbMText
 10
866.0
 20
6232.5
 30
0.0
 40
18.0
 71
5
  1
24
  0
POINT
  5
27A
330
26F
100
AcDbEntity
  8
Defpoints
100
AcDbPoint
 10
818.0
 20
6220.5
 30
0.0
  0
POINT
  5
27B
330
26F
100
AcDbEntity
  8
Defpoints
100
AcDbPoint
 10
818.0
 20
6235.5
 30
0.0
  0
POINT
  5
27C
330
26F
100
AcDbEntity
  8
Defpoints
100
AcDbPoint
 10
842.0
 20
6235.5
 30
0.0
  0
ENDBLK
  5
271
330
26F
100
AcDbEntity
  8
0
100
AcDbBlockEnd
  0
BLOCK
  5
282
330
281
100
AcDbEntity
  8
0
100
AcDbBlockBegin
  2
*D16
 70
1
 10
0.0
 20
0.0
 30
0.0
  3
*D16
  1

  0
LINE
  5
284
330
281
100
AcDbEntity
  8
0
100
AcDbLine
 10
1358.0
 20
6231.0
 30
0.0
 11
1358.0
 21
6213.0
 31
0.0
  0
LINE
  5
285
330
281
100
AcDbEntity
  8
0
100
AcDbLine
 10
1382.0
 20
6231.0
 30
0.0
 11
1382.0
 21
6213.0
 31
0.0
  0
INSERT
  5
286
330
281
100
AcDbEntity
  8
FW_DIM
100
AcDbBlockReference
  2
_OBLIQUE
 10
1358.0
 20
6220.5
 30
0.0
 41
18.0
 42
18.0
  0
INSERT
  5
288
330
281
100
AcDbEntity
  8
FW_DIM
100
AcDbBlockReference
  2
_OBLIQUE
 10
1382.0
 20
6220.5
 30
0.0
 41
18.0
 42
18.0
  0
LINE
  5
28A
330
281
100
AcDbEntity
  8
0
100
AcDbLine
 10
1388.0
 20
6220.5
 30
0.0
 11
1350.5
 21
6220.5
 31
0.0
  0
MTEXT
  5
28B
330
281
100
AcDbEntity
  8
FW_DIM
 62
7
100
AcDbMText
 10
1406.0
 20
6232.5
 30
0.0
 40
18.0
 71
5
  1
24
  0
POINT
  5
28C
330
281
100
AcDbEntity
  8
Defpoints
100
AcDbPoint
 10
1358.0
 20
6220.5
 30
0.0
  0
POINT
  5
28D
330
281
100
AcDbEntity
  8
Defpoints
100
AcDbPoint
 10
1358.0
 20
6235.5
 30
0.0
  0
POINT
  5
28E
330
281
100
AcDbEntity
  8
Defpoints
100
AcDbPoint
 10
1382.0
 20
6235.5
 30
0.0
  0
ENDBLK
  5
283
330
281
100
AcDbEntity
  8
0
100
AcDbBlockEnd
  0
BLOCK
  5
294
330
293
100
AcDbEntity
  8
0
100
AcDbBlockBegin
  2
*D17
 70
1
 10
0.0
 20
0.0
 30
0.0
  3
*D17
  1

  0
LINE
  5
296
330
293
100
AcDbEntity
  8
0
100
AcDbLine
 10
1898.0
 20
6231.0
 30
0.0
 11
1898.0
 21
6213.0
 31
0.0
  0
LINE
  5
297
330
293
100
AcDbEntity
  8
0
100
AcDbLine
 10
1922.0
 20
6231.0
 30
0.0
 11
1922.0
 21
6213.0
 31
0.0
  0
INSERT
  5
298
330
293
100
AcDbEntity
  8
FW_DIM
100
AcDbBlockReference
  2
_OBLIQUE
 10
1898.0
 20
6220.5
 30
0.0
 41
18.0
 42
18.0
  0
INSERT
  5
29A
330
293
100
AcDbEntity
  8
FW_DIM
100
AcDbBlockReference
  2
_OBLIQUE
 10
1922.0
 20
6220.5
 30
0.0
 41
18.0
 42
18.0
  0
LINE
  5
29C
330
293
100
AcDbEntity
  8
0
100
AcDbLine
 10
1928.0
 20
6220.5
 30
0.0
 11
1890.5
 21
6220.5
 31
0.0
  0
MTEXT
  5
29D
330
293
100
AcDbEntity
  8
FW_DIM
 62
7
100
AcDbMText
 10
1946.0
 20
6232.5
 30
0.0
 40
18.0
 71
5
  1
24
  0
POINT
  5
29E
330
293
100
AcDbEntity
  8
Defpoints
100
AcDbPoint
 10
1898.0
 20
6220.5
 30
0.0
  0
POINT
  5
29F
330
293
100
AcDbEntity
  8
Defpoints
100
AcDbPoint
 10
1898.0
 20
6235.5
 30
0.0
  0
POINT
  5
2A0
330
293
100
AcDbEntity
  8
Defpoints
100
AcDbPoint
 10
1922.0
 20
6235.5
 30
0.0
  0
ENDBLK
  5
295
330
293
100
AcDbEntity
  8
0
100
AcDbBlockEnd
  0
BLOCK
  5
2A6
330
2A5
100
AcDbEntity
  8
0
100
AcDbBlockBegin
  2
*D18
 70
1
 10
0.0
 20
0.0
 30
0.0
  3
*D18
  1

  0
LINE
  5
2A8
330
2A5
100
AcDbEntity
  8
0
100
AcDbLine
 10
2438.0
 20
6231.0
 30
0.0
 11
2438.0
 21
6213.0
 31
0.0
  0
LINE
  5
2A9
330
2A5
100
AcDbEntity
  8
0
100
AcDbLine
 10
2462.0
 20
6231.0
 30
0.0
 11
2462.0
 21
6213.0
 31
0.0
  0
INSERT
  5
2AA
330
2A5
100
AcDbEntity
  8
FW_DIM
100
AcDbBlockReference
  2
_OBLIQUE
 10
2438.0
 20
6220.5
 30
0.0
 41
18.0
 42
18.0
  0
INSERT
  5
2AC
330
2A5
100
AcDbEntity
  8
FW_DIM
100
AcDbBlockReference
  2
_OBLIQUE
 10
2462.0
 20
6220.5
 30
0.0
 41
18.0
 42
18.0
  0
LINE
  5
2AE
330
2A5
100
AcDbEntity
  8
0
100
AcDbLine
 10
2468.0
 20
6220.5
 30
0.0
 11
2430.5
 21
6220.5
 31
0.0
  0
MTEXT
  5
2AF
330
2A5
100
AcDbEntity
  8
FW_DIM
 62
7
100
AcDbMText
 10
2486.0
 20
6232.5
 30
0.0
 40
18.0
 71
5
  1
24
  0
POINT
  5
2B0
330
2A5
100
AcDbEntity
  8
Defpoints
100
AcDbPoint
 10
2438.0
 20
6220.5
 30
0.0
  0
POINT
  5
2B1
330
2A5
100
AcDbEntity
  8
Defpoints
100
AcDbPoint
 10
2438.0
 20
6235.5
 30
0.0
  0
POINT
  5
2B2
330
2A5
100
AcDbEntity
  8
Defpoints
100
AcDbPoint
 10
2462.0
 20
6235.5
 30
0.0
  0
ENDBLK
  5
2A7
330
2A5
100
AcDbEntity
  8
0
100
AcDbBlockEnd
  0
BLOCK
  5
2B8
330
2B7
100
AcDbEntity
  8
0
100
AcDbBlockBegin
  2
*D19
 70
1
 10
0.0
 20
0.0
 30
0.0
  3
*D19
  1

  0
LINE
  5
2BA
330
2B7
100
AcDbEntity
  8
0
100
AcDbLine
 10
659.0
 20
4428.0
 30
0.0
 11
677.0
 21
4428.0
 31
0.0
  0
LINE
  5
2BB
330
2B7
100
AcDbEntity
  8
0
100
AcDbLine
 10
659.0
 20
4452.0
 30
0.0
 11
677.0
 21
4452.0
 31
0.0
  0
INSERT
  5
2BC
330
2B7
100
AcDbEntity
  8
FW_DIM
100
AcDbBlockReference
  2
_OBLIQUE
 10
669.5
 20
4428.0
 30
0.0
 41
18.0
 42
18.0
 50
90.0
  0
INSERT
  5
2BE
330
2B7
100
AcDbEntity
  8
FW_DIM
100
AcDbBlockReference
  2
_OBLIQUE
 10
669.5
 20
4452.0
 30
0.0
 41
18.0
 42
18.0
 50
90.0
  0
LINE
  5
2C0
330
2B7
100
AcDbEntity
  8
0
100
AcDbLine
 10
669.5
 20
4458.0
 30
0.0
 11
669.5
 21
4420.5
 31
0.0
  0
MTEXT
  5
2C1
330
2B7
100
AcDbEntity
  8
FW_DIM
 62
7
100
AcDbMText
 10
657.5
 20
4476.0
 30
0.0
 40
18.0
 71
5
  1
24
 50
90.0
  0
POINT
  5
2C2
330
2B7
100
AcDbEntity
  8
Defpoints
100
AcDbPoint
 10
669.5
 20
4428.0
 30
0.0
  0
POINT
  5
2C3
330
2B7
100
AcDbEntity
  8
Defpoints
100
AcDbPoint
 10
654.5
 20
4428.0
 30
0.0
  0
POINT
  5
2C4
330
2B7
100
AcDbEntity
  8
Defpoints
100
AcDbPoint
 10
654.5
 20
4452.0
 30
0.0
  0
ENDBLK
  5
2B9
330
2B7
100
AcDbEntity
  8
0
100
AcDbBlockEnd
  0
BLOCK
  5
2CA
330
2C9
100
AcDbEntity
  8
0
100
AcDbBlockBegin
  2
*D20
 70
1
 10
0.0
 20
0.0
 30
0.0
  3
*D20
  1

  0
LINE
  5
2CC
330
2C9
100
AcDbEntity
  8
0
100
AcDbLine
 10
659.0
 20
4968.0
 30
0.0
 11
677.0
 21
4968.0
 31
0.0
  0
LINE
  5
2CD
330
2C9
100
AcDbEntity
  8
0
100
AcDbLine
 10
659.0
 20
4992.0
 30
0.0
 11
677.0
 21
4992.0
 31
0.0
  0
INSERT
  5
2CE
330
2C9
100
AcDbEntity
  8
FW_DIM
100
AcDbBlockReference
  2
_OBLIQUE
 10
669.5
 20
4968.0
 30
0.0
 41
18.0
 42
18.0
 50
90.0
  0
INSERT
  5
2D0
330
2C9
100
AcDbEntity
  8
FW_DIM
100
AcDbBlockReference
  2
_OBLIQUE
 10
669.5
 20
4992.0
 30
0.0
 41
18.0
 42
18.0
 50
90.0
  0
LINE
  5
2D2
330
2C9
100
AcDbEntity
  8
0
100
AcDbLine
 10
669.5
 20
4998.0
 30
0.0
 11
669.5
 21
4960.5
 31
0.0
  0
MTEXT
  5
2D3
330
2C9
100
AcDbEntity
  8
FW_DIM
 62
7
100
AcDbMText
 10
657.5
 20
5016.0
 30
0.0
 40
18.0
 71
5
  1
24
 50
90.0
  0
POINT
  5
2D4
330
2C9
100
AcDbEntity
  8
Defpoints
100
AcDbPoint
 10
669.5
 20
4968.0
 30
0.0
  0
POINT
  5
2D5
330
2C9
100
AcDbEntity
  8
Defpoints
100
AcDbPoint
 10
654.5
 20
4968.0
 30
0.0
  0
POINT
  5
2D6
330
2C9
100
AcDbEntity
  8
Defpoints
100
AcDbPoint
 10
654.5
 20
4992.0
 30
0.0
  0
ENDBLK
  5
2CB
330
2C9
100
AcDbEntity
  8
0
100
AcDbBlockEnd
  0
BLOCK
  5
2DC
330
2DB
100
AcDbEntity
  8
0
100
AcDbBlockBegin
  2
*D21
 70
1
 10
0.0
 20
0.0
 30
0.0
  3
*D21
  1

  0
LINE
  5
2DE
330
2DB
100
AcDbEntity
  8
0
100
AcDbLine
 10
659.0
 20
5508.0
 30
0.0
 11
677.0
 21
5508.0
 31
0.0
  0
LINE
  5
2DF
330
2DB
100
AcDbEntity
  8
0
100
AcDbLine
 10
659.0
 20
5532.0
 30
0.0
 11
677.0
 21
5532.0
 31
0.0
  0
INSERT
  5
2E0
330
2DB
100
AcDbEntity
  8
FW_DIM
100
AcDbBlockReference
  2
_OBLIQUE
 10
669.5
 20
5508.0
 30
0.0
 41
18.0
 42
18.0
 50
90.0
  0
INSERT
  5
2E2
330
2DB
100
AcDbEntity
  8
FW_DIM
100
AcDbBlockReference
  2
_OBLIQUE
 10
669.5
 20
5532.0
 30
0.0
 41
18.0
 42
18.0
 50
90.0
  0
LINE
  5
2E4
330
2DB
100
AcDbEntity
  8
0
100
AcDbLine
 10
669.5
 20
5538.0
 30
0.0
 11
669.5
 21
5500.5
 31
0.0
  0
MTEXT
  5
2E5
330
2DB
100
AcDbEntity
  8
FW_DIM
 62
7
100
AcDbMText
 10
657.5
 20
5556.0
 30
0.0
 40
18.0
 71
5
  1
24
 50
90.0
  0
POINT
  5
2E6
330
2DB
100
AcDbEntity
  8
Defpoints
100
AcDbPoint
 10
669.5
 20
5508.0
 30
0.0
  0
POINT
  5
2E7
330
2DB
100
AcDbEntity
  8
Defpoints
100
AcDbPoint
 10
654.5
 20
5508.0
 30
0.0
  0
POINT
  5
2E8
330
2DB
100
AcDbEntity
  8
Defpoints
100
AcDbPoint
 10
654.5
 20
5532.0
 30
0.0
  0
ENDBLK
  5
2DD
330
2DB
100
AcDbEntity
  8
0
100
AcDbBlockEnd
  0
BLOCK
  5
2EE
330
2ED
100
AcDbEntity
  8
0
100
AcDbBlockBegin
  2
*D22
 70
1
 10
0.0
 20
0.0
 30
0.0
  3
*D22
  1

  0
LINE
  5
2F0
330
2ED
100
AcDbEntity
  8
0
100
AcDbLine
 10
659.0
 20
6048.0
 30
0.0
 11
677.0
 21
6048.0
 31
0.0
  0
LINE
  5
2F1
330
2ED
100
AcDbEntity
  8
0
100
AcDbLine
 10
659.0
 20
6072.0
 30
0.0
 11
677.0
 21
6072.0
 31
0.0
  0
INSERT
  5
2F2
330
2ED
100
AcDbEntity
  8
FW_DIM
100
AcDbBlockReference
  2
_OBLIQUE
 10
669.5
 20
6048.0
 30
0.0
 41
18.0
 42
18.0
 50
90.0
  0
INSERT
  5
2F4
330
2ED
100
AcDbEntity
  8
FW_DIM
100
AcDbBlockReference
  2
_OBLIQUE
 10
669.5
 20
6072.0
 30
0.0
 41
18.0
 42
18.0
 50
90.0
  0
LINE
  5
2F6
330
2ED
100
AcDbEntity
  8
0
100
AcDbLine
 10
669.5
 20
6078.0
 30
0.0
 11
669.5
 21
6040.5
 31
0.0
  0
MTEXT
  5
2F7
330
2ED
100
AcDbEntity
  8
FW_DIM
 62
7
100
AcDbMText
 10
657.5
 20
6096.0
 30
0.0
 40
18.0
 71
5
  1
24
 50
90.0
  0
POINT
  5
2F8
330
2ED
100
AcDbEntity
  8
Defpoints
100
AcDbPoint
 10
669.5
 20
6048.0
 30
0.0
  0
POINT
  5
2F9
330
2ED
100
AcDbEntity
  8
Defpoints
100
AcDbPoint
 10
654.5
 20
6048.0
 30
0.0
  0
POINT
  5
2FA
330
2ED
100
AcDbEntity
  8
Defpoints
100
AcDbPoint
 10
654.5
 20
6072.0
 30
0.0
  0
ENDBLK
  5
2EF
330
2ED
100
AcDbEntity
  8
0
100
AcDbBlockEnd
  0
BLOCK
  5
300
330
2FF
100
AcDbEntity
  8
0
100
AcDbBlockBegin
  2
*D23
 70
1
 10
0.0
 20
0.0
 30
0.0
  3
*D23
  1

  0
LINE
  5
302
330
2FF
100
AcDbEntity
  8
0
100
AcDbLine
 10
659.0
 20
6588.0
 30
0.0
 11
677.0
 21
6588.0
 31
0.0
  0
LINE
  5
303
330
2FF
100
AcDbEntity
  8
0
100
AcDbLine
 10
659.0
 20
6612.0
 30
0.0
 11
677.0
 21
6612.0
 31
0.0
  0
INSERT
  5
304
330
2FF
100
AcDbEntity
  8
FW_DIM
100
AcDbBlockReference
  2
_OBLIQUE
 10
669.5
 20
6588.0
 30
0.0
 41
18.0
 42
18.0
 50
90.0
  0
INSERT
  5
306
330
2FF
100
AcDbEntity
  8
FW_DIM
100
AcDbBlockReference
  2
_OBLIQUE
 10
669.5
 20
6612.0
 30
0.0
 41
18.0
 42
18.0
 50
90.0
  0
LINE
  5
308
330
2FF
100
AcDbEntity
  8
0
100
AcDbLine
 10
669.5
 20
6618.0
 30
0.0
 11
669.5
 21
6580.5
 31
0.0
  0
MTEXT
  5
309
330
2FF
100
AcDbEntity
  8
FW_DIM
 62
7
100
AcDbMText
 10
657.5
 20
6636.0
 30
0.0
 40
18.0
 71
5
  1
24
 50
90.0
  0
POINT
  5
30A
330
2FF
100
AcDbEntity
  8
Defpoints
100
AcDbPoint
 10
669.5
 20
6588.0
 30
0.0
  0
POINT
  5
30B
330
2FF
100
AcDbEntity
  8
Defpoints
100
AcDbPoint
 10
654.5
 20
6588.0
 30
0.0
  0
POINT
  5
30C
330
2FF
100
AcDbEntity
  8
Defpoints
100
AcDbPoint
 10
654.5
 20
6612.0
 30
0.0
  0
ENDBLK
  5
301
330
2FF
100
AcDbEntity
  8
0
100
AcDbBlockEnd
  0
BLOCK
  5
312
330
311
100
AcDbEntity
  8
0
100
AcDbBlockBegin
  2
*D24
 70
1
 10
0.0
 20
0.0
 30
0.0
  3
*D24
  1

  0
LINE
  5
314
330
311
100
AcDbEntity
  8
0
100
AcDbLine
 10
1199.0
 20
4428.0
 30
0.0
 11
1217.0
 21
4428.0
 31
0.0
  0
LINE
  5
315
330
311
100
AcDbEntity
  8
0
100
AcDbLine
 10
1199.0
 20
4452.0
 30
0.0
 11
1217.0
 21
4452.0
 31
0.0
  0
INSERT
  5
316
330
311
100
AcDbEntity
  8
FW_DIM
100
AcDbBlockReference
  2
_OBLIQUE
 10
1209.5
 20
4428.0
 30
0.0
 41
18.0
 42
18.0
 50
90.0
  0
INSERT
  5
318
330
311
100
AcDbEntity
  8
FW_DIM
100
AcDbBlockReference
  2
_OBLIQUE
 10
1209.5
 20
4452.0
 30
0.0
 41
18.0
 42
18.0
 50
90.0
  0
LINE
  5
31A
330
311
100
AcDbEntity
  8
0
100
AcDbLine
 10
1209.5
 20
4458.0
 30
0.0
 11
1209.5
 21
4420.5
 31
0.0
  0
MTEXT
  5
31B
330
311
100
AcDbEntity
  8
FW_DIM
 62
7
100
AcDbMText
 10
1197.5
 20
4476.0
 30
0.0
 40
18.0
 71
5
  1
24
 50
90.0
  0
POINT
  5
31C
330
311
100
AcDbEntity
  8
Defpoints
100
AcDbPoint
 10
1209.5
 20
4428.0
 30
0.0
  0
POINT
  5
31D
330
311
100
AcDbEntity
  8
Defpoints
100
AcDbPoint
 10
1194.5
 20
4428.0
 30
0.0
  0
POINT
  5
31E
330
311
100
AcDbEntity
  8
Defpoints
100
AcDbPoint
 10
1194.5
 20
4452.0
 30
0.0
  0
ENDBLK
  5
313
330
311
100
AcDbEntity
  8
0
100
AcDbBlockEnd
  0
BLOCK
  5
324
330
323
100
AcDbEntity
  8
0
100
AcDbBlockBegin
  2
*D25
 70
1
 10
0.0
 20
0.0
 30
0.0
  3
*D25
  1

  0
LINE
  5
326
330
323
100
AcDbEntity
  8
0
100
AcDbLine
 10
1199.0
 20
4968.0
 30
0.0
 11
1217.0
 21
4968.0
 31
0.0
  0
LINE
  5
327
330
323
100
AcDbEntity
  8
0
100
AcDbLine
 10
1199.0
 20
4992.0
 30
0.0
 11
1217.0
 21
4992.0
 31
0.0
  0
INSERT
  5
328
330
323
100
AcDbEntity
  8
FW_DIM
100
AcDbBlockReference
  2
_OBLIQUE
 10
1209.5
 20
4968.0
 30
0.0
 41
18.0
 42
18.0
 50
90.0
  0
INSERT
  5
32A
330
323
100
AcDbEntity
  8
FW_DIM
100
AcDbBlockReference
  2
_OBLIQUE
 10
1209.5
 20
4992.0
 30
0.0
 41
18.0
 42
18.0
 50
90.0
  0
LINE
  5
32C
330
323
100
AcDbEntity
  8
0
100
AcDbLine
 10
1209.5
 20
4998.0
 30
0.0
 11
1209.5
 21
4960.5
 31
0.0
  0
MTEXT
  5
32D
330
323
100
AcDbEntity
  8
FW_DIM
 62
7
100
AcDbMText
 10
1197.5
 20
5016.0
 30
0.0
 40
18.0
 71
5
  1
24
 50
90.0
  0
POINT
  5
32E
330
323
100
AcDbEntity
  8
Defpoints
100
AcDbPoint
 10
1209.5
 20
4968.0
 30
0.0
  0
POINT
  5
32F
330
323
100
AcDbEntity
  8
Defpoints
100
AcDbPoint
 10
1194.5
 20
4968.0
 30
0.0
  0
POINT
  5
330
330
323
100
AcDbEntity
  8
Defpoints
100
AcDbPoint
 10
1194.5
 20
4992.0
 30
0.0
  0
ENDBLK
  5
325
330
323
100
AcDbEntity
  8
0
100
AcDbBlockEnd
  0
BLOCK
  5
336
330
335
100
AcDbEntity
  8
0
100
AcDbBlockBegin
  2
*D26
 70
1
 10
0.0
 20
0.0
 30
0.0
  3
*D26
  1

  0
LINE
  5
338
330
335
100
AcDbEntity
  8
0
100
AcDbLine
 10
1199.0
 20
6048.0
 30
0.0
 11
1217.0
 21
6048.0
 31
0.0
  0
LINE
  5
339
330
335
100
AcDbEntity
  8
0
100
AcDbLine
 10
1199.0
 20
6072.0
 30
0.0
 11
1217.0
 21
6072.0
 31
0.0
  0
INSERT
  5
33A
330
335
100
AcDbEntity
  8
FW_DIM
100
AcDbBlockReference
  2
_OBLIQUE
 10
1209.5
 20
6048.0
 30
0.0
 41
18.0
 42
18.0
 50
90.0
  0
INSERT
  5
33C
330
335
100
AcDbEntity
  8
FW_DIM
100
AcDbBlockReference
  2
_OBLIQUE
 10
1209.5
 20
6072.0
 30
0.0
 41
18.0
 42
18.0
 50
90.0
  0
LINE
  5
33E
330
335
100
AcDbEntity
  8
0
100
AcDbLine
 10
1209.5
 20
6078.0
 30
0.0
 11
1209.5
 21
6040.5
 31
0.0
  0
MTEXT
  5
33F
330
335
100
AcDbEntity
  8
FW_DIM
 62
7
100
AcDbMText
 10
1197.5
 20
6096.0
 30
0.0
 40
18.0
 71
5
  1
24
 50
90.0
  0
POINT
  5
340
330
335
100
AcDbEntity
  8
Defpoints
100
AcDbPoint
 10
1209.5
 20
6048.0
 30
0.0
  0
POINT
  5
341
330
335
100
AcDbEntity
  8
Defpoints
100
AcDbPoint
 10
1194.5
 20
6048.0
 30
0.0
  0
POINT
  5
342
330
335
100
AcDbEntity
  8
Defpoints
100
AcDbPoint
 10
1194.5
 20
6072.0
 30
0.0
  0
ENDBLK
  5
337
330
335
100
AcDbEntity
  8
0
100
AcDbBlockEnd
  0
BLOCK
  5
348
330
347
100
AcDbEntity
  8
0
100
AcDbBlockBegin
  2
*D27
 70
1
 10
0.0
 20
0.0
 30
0.0
  3
*D27
  1

  0
LINE
  5
34A
330
347
100
AcDbEntity
  8
0
100
AcDbLine
 10
1199.0
 20
6588.0
 30
0.0
 11
1217.0
 21
6588.0
 31
0.0
  0
LINE
  5
34B
330
347
100
AcDbEntity
  8
0
100
AcDbLine
 10
1199.0
 20
6612.0
 30
0.0
 11
1217.0
 21
6612.0
 31
0.0
  0
INSERT
  5
34C
330
347
100
AcDbEntity
  8
FW_DIM
100
AcDbBlockReference
  2
_OBLIQUE
 10
1209.5
 20
6588.0
 30
0.0
 41
18.0
 42
18.0
 50
90.0
  0
INSERT
  5
34E
330
347
100
AcDbEntity
  8
FW_DIM
100
AcDbBlockReference
  2
_OBLIQUE
 10
1209.5
 20
6612.0
 30
0.0
 41
18.0
 42
18.0
 50
90.0
  0
LINE
  5
350
330
347
100
AcDbEntity
  8
0
100
AcDbLine
 10
1209.5
 20
6618.0
 30
0.0
 11
1209.5
 21
6580.5
 31
0.0
  0
MTEXT
  5
351
330
347
100
AcDbEntity
  8
FW_DIM
 62
7
100
AcDbMText
 10
1197.5
 20
6636.0
 30
0.0
 40
18.0
 71
5
  1
24
 50
90.0
  0
POINT
  5
352
330
347
100
AcDbEntity
  8
Defpoints
100
AcDbPoint
 10
1209.5
 20
6588.0
 30
0.0
  0
POINT
  5
353
330
347
100
AcDbEntity
  8
Defpoints
100
AcDbPoint
 10
1194.5
 20
6588.0
 30
0.0
  0
POINT
  5
354
330
347
100
AcDbEntity
  8
Defpoints
100
AcDbPoint
 10
1194.5
 20
6612.0
 30
0.0
  0
ENDBLK
  5
349
330
347
100
AcDbEntity
  8
0
100
AcDbBlockEnd
  0
BLOCK
  5
35A
330
359
100
AcDbEntity
  8
0
100
AcDbBlockBegin
  2
*D28
 70
1
 10
0.0
 20
0.0
 30
0.0
  3
*D28
  1

  0
LINE
  5
35C
330
359
100
AcDbEntity
  8
0
100
AcDbLine
 10
1739.0
 20
4428.0
 30
0.0
 11
1757.0
 21
4428.0
 31
0.0
  0
LINE
  5
35D
330
359
100
AcDbEntity
  8
0
100
AcDbLine
 10
1739.0
 20
4452.0
 30
0.0
 11
1757.0
 21
4452.0
 31
0.0
  0
INSERT
  5
35E
330
359
100
AcDbEntity
  8
FW_DIM
100
AcDbBlockReference
  2
_OBLIQUE
 10
1749.5
 20
4428.0
 30
0.0
 41
18.0
 42
18.0
 50
90.0
  0
INSERT
  5
360
330
359
100
AcDbEntity
  8
FW_DIM
100
AcDbBlockReference
  2
_OBLIQUE
 10
1749.5
 20
4452.0
 30
0.0
 41
18.0
 42
18.0
 50
90.0
  0
LINE
  5
362
330
359
100
AcDbEntity
  8
0
100
AcDbLine
 10
1749.5
 20
4458.0
 30
0.0
 11
1749.5
 21
4420.5
 31
0.0
  0
MTEXT
  5
363
330
359
100
AcDbEntity
  8
FW_DIM
 62
7
100
AcDbMText
 10
1737.5
 20
4476.0
 30
0.0
 40
18.0
 71
5
  1
24
 50
90.0
  0
POINT
  5
364
330
359
100
AcDbEntity
  8
Defpoints
100
AcDbPoint
 10
1749.5
 20
4428.0
 30
0.0
  0
POINT
  5
365
330
359
100
AcDbEntity
  8
Defpoints
100
AcDbPoint
 10
1734.5
 20
4428.0
 30
0.0
  0
POINT
  5
366
330
359
100
AcDbEntity
  8
Defpoints
100
AcDbPoint
 10
1734.5
 20
4452.0
 30
0.0
  0
ENDBLK
  5
35B
330
359
100
AcDbEntity
  8
0
100
AcDbBlockEnd
  0
BLOCK
  5
36C
330
36B
100
AcDbEntity
  8
0
100
AcDbBlockBegin
  2
*D29
 70
1
 10
0.0
 20
0.0
 30
0.0
  3
*D29
  1

  0
LINE
  5
36E
330
36B
100
AcDbEntity
  8
0
100
AcDbLine
 10
1739.0
 20
4968.0
 30
0.0
 11
1757.0
 21
4968.0
 31
0.0
  0
LINE
  5
36F
330
36B
100
AcDbEntity
  8
0
100
AcDbLine
 10
1739.0
 20
4992.0
 30
0.0
 11
1757.0
 21
4992.0
 31
0.0
  0
INSERT
  5
370
330
36B
100
AcDbEntity
  8
FW_DIM
100
AcDbBlockReference
  2
_OBLIQUE
 10
1749.5
 20
4968.0
 30
0.0
 41
18.0
 42
18.0
 50
90.0
  0
INSERT
  5
372
330
36B
100
AcDbEntity
  8
FW_DIM
100
AcDbBlockReference
  2
_OBLIQUE
 10
1749.5
 20
4992.0
 30
0.0
 41
18.0
 42
18.0
 50
90.0
  0
LINE
  5
374
330
36B
100
AcDbEntity
  8
0
100
AcDbLine
 10
1749.5
 20
4998.0
 30
0.0
 11
1749.5
 21
4960.5
 31
0.0
  0
MTEXT
  5
375
330
36B
100
AcDbEntity
  8
FW_DIM
 62
7
100
AcDbMText
 10
1737.5
 20
5016.0
 30
0.0
 40
18.0
 71
5
  1
24
 50
90.0
  0
POINT
  5
376
330
36B
100
AcDbEntity
  8
Defpoints
100
AcDbPoint
 10
1749.5
 20
4968.0
 30
0.0
  0
POINT
  5
377
330
36B
100
AcDbEntity
  8
Defpoints
100
AcDbPoint
 10
1734.5
 20
4968.0
 30
0.0
  0
POINT
  5
378
330
36B
100
AcDbEntity
  8
Defpoints
100
AcDbPoint
 10
1734.5
 20
4992.0
 30
0.0
  0
ENDBLK
  5
36D
330
36B
100
AcDbEntity
  8
0
100
AcDbBlockEnd
  0
BLOCK
  5
37E
330
37D
100
AcDbEntity
  8
0
100
AcDbBlockBegin
  2
*D30
 70
1
 10
0.0
 20
0.0
 30
0.0
  3
*D30
  1

  0
LINE
  5
380
330
37D
100
AcDbEntity
  8
0
100
AcDbLine
 10
1739.0
 20
6048.0
 30
0.0
 11
1757.0
 21
6048.0
 31
0.0
  0
LINE
  5
381
330
37D
100
AcDbEntity
  8
0
100
AcDbLine
 10
1739.0
 20
6072.0
 30
0.0
 11
1757.0
 21
6072.0
 31
0.0
  0
INSERT
  5
382
330
37D
100
AcDbEntity
  8
FW_DIM
100
AcDbBlockReference
  2
_OBLIQUE
 10
1749.5
 20
6048.0
 30
0.0
 41
18.0
 42
18.0
 50
90.0
  0
INSERT
  5
384
330
37D
100
AcDbEntity
  8
FW_DIM
100
AcDbBlockReference
  2
_OBLIQUE
 10
1749.5
 20
6072.0
 30
0.0
 41
18.0
 42
18.0
 50
90.0
  0
LINE
  5
386
330
37D
100
AcDbEntity
  8
0
100
AcDbLine
 10
1749.5
 20
6078.0
 30
0.0
 11
1749.5
 21
6040.5
 31
0.0
  0
MTEXT
  5
387
330
37D
100
AcDbEntity
  8
FW_DIM
 62
7
100
AcDbMText
 10
1737.5
 20
6096.0
 30
0.0
 40
18.0
 71
5
  1
24
 50
90.0
  0
POINT
  5
388
330
37D
100
AcDbEntity
  8
Defpoints
100
AcDbPoint
 10
1749.5
 20
6048.0
 30
0.0
  0
POINT
  5
389
330
37D
100
AcDbEntity
  8
Defpoints
100
AcDbPoint
 10
1734.5
 20
6048.0
 30
0.0
  0
POINT
  5
38A
330
37D
100
AcDbEntity
  8
Defpoints
100
AcDbPoint
 10
1734.5
 20
6072.0
 30
0.0
  0
ENDBLK
  5
37F
330
37D
100
AcDbEntity
  8
0
100
AcDbBlockEnd
  0
BLOCK
  5
390
330
38F
100
AcDbEntity
  8
0
100
AcDbBlockBegin
  2
*D31
 70
1
 10
0.0
 20
0.0
 30
0.0
  3
*D31
  1

  0
LINE
  5
392
330
38F
100
AcDbEntity
  8
0
100
AcDbLine
 10
1739.0
 20
6588.0
 30
0.0
 11
1757.0
 21
6588.0
 31
0.0
  0
LINE
  5
393
330
38F
100
AcDbEntity
  8
0
100
AcDbLine
 10
1739.0
 20
6612.0
 30
0.0
 11
1757.0
 21
6612.0
 31
0.0
  0
INSERT
  5
394
330
38F
100
AcDbEntity
  8
FW_DIM
100
AcDbBlockReference
  2
_OBLIQUE
 10
1749.5
 20
6588.0
 30
0.0
 41
18.0
 42
18.0
 50
90.0
  0
INSERT
  5
396
330
38F
100
AcDbEntity
  8
FW_DIM
100
AcDbBlockReference
  2
_OBLIQUE
 10
1749.5
 20
6612.0
 30
0.0
 41
18.0
 42
18.0
 50
90.0
  0
LINE
  5
398
330
38F
100
AcDbEntity
  8
0
100
AcDbLine
 10
1749.5
 20
6618.0
 30
0.0
 11
1749.5
 21
6580.5
 31
0.0
  0
MTEXT
  5
399
330
38F
100
AcDbEntity
  8
FW_DIM
 62
7
100
AcDbMText
 10
1737.5
 20
6636.0
 30
0.0
 40
18.0
 71
5
  1
24
 50
90.0
  0
POINT
  5
39A
330
38F
100
AcDbEntity
  8
Defpoints
100
AcDbPoint
 10
1749.5
 20
6588.0
 30
0.0
  0
POINT
  5
39B
330
38F
100
AcDbEntity
  8
Defpoints
100
AcDbPoint
 10
1734.5
 20
6588.0
 30
0.0
  0
POINT
  5
39C
330
38F
100
AcDbEntity
  8
Defpoints
100
AcDbPoint
 10
1734.5
 20
6612.0
 30
0.0
  0
ENDBLK
  5
391
330
38F
100
AcDbEntity
  8
0
100
AcDbBlockEnd
  0
BLOCK
  5
3A2
330
3A1
100
AcDbEntity
  8
0
100
AcDbBlockBegin
  2
*D32
 70
1
 10
0.0
 20
0.0
 30
0.0
  3
*D32
  1

  0
LINE
  5
3A4
330
3A1
100
AcDbEntity
  8
0
100
AcDbLine
 10
2279.0
 20
4428.0
 30
0.0
 11
2297.0
 21
4428.0
 31
0.0
  0
LINE
  5
3A5
330
3A1
100
AcDbEntity
  8
0
100
AcDbLine
 10
2279.0
 20
4452.0
 30
0.0
 11
2297.0
 21
4452.0
 31
0.0
  0
INSERT
  5
3A6
330
3A1
100
AcDbEntity
  8
FW_DIM
100
AcDbBlockReference
  2
_OBLIQUE
 10
2289.5
 20
4428.0
 30
0.0
 41
18.0
 42
18.0
 50
90.0
  0
INSERT
  5
3A8
330
3A1
100
AcDbEntity
  8
FW_DIM
100
AcDbBlockReference
  2
_OBLIQUE
 10
2289.5
 20
4452.0
 30
0.0
 41
18.0
 42
18.0
 50
90.0
  0
LINE
  5
3AA
330
3A1
100
AcDbEntity
  8
0
100
AcDbLine
 10
2289.5
 20
4458.0
 30
0.0
 11
2289.5
 21
4420.5
 31
0.0
  0
MTEXT
  5
3AB
330
3A1
100
AcDbEntity
  8
FW_DIM
 62
7
100
AcDbMText
 10
2277.5
 20
4476.0
 30
0.0
 40
18.0
 71
5
  1
24
 50
90.0
  0
POINT
  5
3AC
330
3A1
100
AcDbEntity
  8
Defpoints
100
AcDbPoint
 10
2289.5
 20
4428.0
 30
0.0
  0
POINT
  5
3AD
330
3A1
100
AcDbEntity
  8
Defpoints
100
AcDbPoint
 10
2274.5
 20
4428.0
 30
0.0
  0
POINT
  5
3AE
330
3A1
100
AcDbEntity
  8
Defpoints
100
AcDbPoint
 10
2274.5
 20
4452.0
 30
0.0
  0
ENDBLK
  5
3A3
330
3A1
100
AcDbEntity
  8
0
100
AcDbBlockEnd
  0
BLOCK
  5
3B4
330
3B3
100
AcDbEntity
  8
0
100
AcDbBlockBegin
  2
*D33
 70
1
 10
0.0
 20
0.0
 30
0.0
  3
*D33
  1

  0
LINE
  5
3B6
330
3B3
100
AcDbEntity
  8
0
100
AcDbLine
 10
2279.0
 20
5508.0
 30
0.0
 11
2297.0
 21
5508.0
 31
0.0
  0
LINE
  5
3B7
330
3B3
100
AcDbEntity
  8
0
100
AcDbLine
 10
2279.0
 20
5532.0
 30
0.0
 11
2297.0
 21
5532.0
 31
0.0
  0
INSERT
  5
3B8
330
3B3
100
AcDbEntity
  8
FW_DIM
100
AcDbBlockReference
  2
_OBLIQUE
 10
2289.5
 20
5508.0
 30
0.0
 41
18.0
 42
18.0
 50
90.0
  0
INSERT
  5
3BA
330
3B3
100
AcDbEntity
  8
FW_DIM
100
AcDbBlockReference
  2
_OBLIQUE
 10
2289.5
 20
5532.0
 30
0.0
 41
18.0
 42
18.0
 50
90.0
  0
LINE
  5
3BC
330
3B3
100
AcDbEntity
  8
0
100
AcDbLine
 10
2289.5
 20
5538.0
 30
0.0
 11
2289.5
 21
5500.5
 31
0.0
  0
MTEXT
  5
3BD
330
3B3
100
AcDbEntity
  8
FW_DIM
 62
7
100
AcDbMText
 10
2277.5
 20
5556.0
 30
0.0
 40
18.0
 71
5
  1
24
 50
90.0
  0
POINT
  5
3BE
330
3B3
100
AcDbEntity
  8
Defpoints
100
AcDbPoint
 10
2289.5
 20
5508.0
 30
0.0
  0
POINT
  5
3BF
330
3B3
100
AcDbEntity
  8
Defpoints
100
AcDbPoint
 10
2274.5
 20
5508.0
 30
0.0
  0
POINT
  5
3C0
330
3B3
100
AcDbEntity
  8
Defpoints
100
AcDbPoint
 10
2274.5
 20
5532.0
 30
0.0
  0
ENDBLK
  5
3B5
330
3B3
100
AcDbEntity
  8
0
100
AcDbBlockEnd
  0
BLOCK
  5
3C6
330
3C5
100
AcDbEntity
  8
0
100
AcDbBlockBegin
  2
*D34
 70
1
 10
0.0
 20
0.0
 30
0.0
  3
*D34
  1

  0
LINE
  5
3C8
330
3C5
100
AcDbEntity
  8
0
100
AcDbLine
 10
2279.0
 20
6048.0
 30
0.0
 11
2297.0
 21
6048.0
 31
0.0
  0
LINE
  5
3C9
330
3C5
100
AcDbEntity
  8
0
100
AcDbLine
 10
2279.0
 20
6072.0
 30
0.0
 11
2297.0
 21
6072.0
 31
0.0
  0
INSERT
  5
3CA
330
3C5
100
AcDbEntity
  8
FW_DIM
100
AcDbBlockReference
  2
_OBLIQUE
 10
2289.5
 20
6048.0
 30
0.0
 41
18.0
 42
18.0
 50
90.0
  0
INSERT
  5
3CC
330
3C5
100
AcDbEntity
  8
FW_DIM
100
AcDbBlockReference
  2
_OBLIQUE
 10
2289.5
 20
6072.0
 30
0.0
 41
18.0
 42
18.0
 50
90.0
  0
LINE
  5
3CE
330
3C5
100
AcDbEntity
  8
0
100
AcDbLine
 10
2289.5
 20
6078.0
 30
0.0
 11
2289.5
 21
6040.5
 31
0.0
  0
MTEXT
  5
3CF
330
3C5
100
AcDbEntity
  8
FW_DIM
 62
7
100
AcDbMText
 10
2277.5
 20
6096.0
 30
0.0
 40
18.0
 71
5
  1
24
 50
90.0
  0
POINT
  5
3D0
330
3C5
100
AcDbEntity
  8
Defpoints
100
AcDbPoint
 10
2289.5
 20
6048.0
 30
0.0
  0
POINT
  5
3D1
330
3C5
100
AcDbEntity
  8
Defpoints
100
AcDbPoint
 10
2274.5
 20
6048.0
 30
0.0
  0
POINT
  5
3D2
330
3C5
100
AcDbEntity
  8
Defpoints
100
AcDbPoint
 10
2274.5
 20
6072.0
 30
0.0
  0
ENDBLK
  5
3C7
330
3C5
100
AcDbEntity
  8
0
100
AcDbBlockEnd
  0
BLOCK
  5
3D8
330
3D7
100
AcDbEntity
  8
0
100
AcDbBlockBegin
  2
*D35
 70
1
 10
0.0
 20
0.0
 30
0.0
  3
*D35
  1

  0
LINE
  5
3DA
330
3D7
100
AcDbEntity
  8
0
100
AcDbLine
 10
2279.0
 20
6588.0
 30
0.0
 11
2297.0
 21
6588.0
 31
0.0
  0
LINE
  5
3DB
330
3D7
100
AcDbEntity
  8
0
100
AcDbLine
 10
2279.0
 20
6612.0
 30
0.0
 11
2297.0
 21
6612.0
 31
0.0
  0
INSERT
  5
3DC
330
3D7
100
AcDbEntity
  8
FW_DIM
100
AcDbBlockReference
  2
_OBLIQUE
 10
2289.5
 20
6588.0
 30
0.0
 41
18.0
 42
18.0
 50
90.0
  0
INSERT
  5
3DE
330
3D7
100
AcDbEntity
  8
FW_DIM
100
AcDbBlockReference
  2
_OBLIQUE
 10
2289.5
 20
6612.0
 30
0.0
 41
18.0
 42
18.0
 50
90.0
  0
LINE
  5
3E0
330
3D7
100
AcDbEntity
  8
0
100
AcDbLine
 10
2289.5
 20
6618.0
 30
0.0
 11
2289.5
 21
6580.5
 31
0.0
  0
MTEXT
  5
3E1
330
3D7
100
AcDbEntity
  8
FW_DIM
 62
7
100
AcDbMText
 10
2277.5
 20
6636.0
 30
0.0
 40
18.0
 71
5
  1
24
 50
90.0
  0
POINT
  5
3E2
330
3D7
100
AcDbEntity
  8
Defpoints
100
AcDbPoint
 10
2289.5
 20
6588.0
 30
0.0
  0
POINT
  5
3E3
330
3D7
100
AcDbEntity
  8
Defpoints
100
AcDbPoint
 10
2274.5
 20
6588.0
 30
0.0
  0
POINT
  5
3E4
330
3D7
100
AcDbEntity
  8
Defpoints
100
AcDbPoint
 10
2274.5
 20
6612.0
 30
0.0
  0
ENDBLK
  5
3D9
330
3D7
100
AcDbEntity
  8
0
100
AcDbBlockEnd
  0
BLOCK
  5
3E7
330
3E6
100
AcDbEntity
  8
0
100
AcDbBlockBegin
  2
*D36
 70
1
 10
0.0
 20
0.0
 30
0.0
  3
*D36
  1

  0
LINE
  5
3E9
330
3E6
100
AcDbEntity
  8
0
100
AcDbLine
 10
2.755455298081545e-16
 20
4174.5
 30
0.0
 11
4.592425496802575e-16
 21
4177.5
 31
0.0
  0
LINE
  5
3EA
330
3E6
100
AcDbEntity
  8
0
100
AcDbLine
 10
40.0
 20
4174.5
 30
0.0
 11
40.0
 21
4177.5
 31
0.0
  0
INSERT
  5
3EB
330
3E6
100
AcDbEntity
  8
FW_DIM
100
AcDbBlockReference
  2
_OBLIQUE
 10
0.0
 20
4170.0
 30
0.0
 41
18.0
 42
18.0
  0
INSERT
  5
3ED
330
3E6
100
AcDbEntity
  8
FW_DIM
100
AcDbBlockReference
  2
_OBLIQUE
 10
40.0
 20
4170.0
 30
0.0
 41
18.0
 42
18.0
  0
LINE
  5
3EF
330
3E6
100
AcDbEntity
  8
0
100
AcDbLine
 10
-7.5
 20
4170.0
 30
0.0
 11
47.5
 21
4170.0
 31
0.0
  0
MTEXT
  5
3F0
330
3E6
100
AcDbEntity
  8
FW_DIM
 62
7
100
AcDbMText
 10
20.0
 20
4183.5
 30
0.0
 40
18.0
 71
5
  1
40
  0
POINT
  5
3F1
330
3E6
100
AcDbEntity
  8
Defpoints
100
AcDbPoint
 10
0.0
 20
4170.0
 30
0.0
  0
POINT
  5
3F2
330
3E6
100
AcDbEntity
  8
Defpoints
100
AcDbPoint
 10
0.0
 20
4170.0
 30
0.0
  0
POINT
  5
3F3
330
3E6
100
AcDbEntity
  8
Defpoints
100
AcDbPoint
 10
40.0
 20
4170.0
 30
0.0
  0
ENDBLK
  5
3E8
330
3E6
100
AcDbEntity
  8
0
100
AcDbBlockEnd
  0
BLOCK
  5
3F6
330
3F5
100
AcDbEntity
  8
0
100
AcDbBlockBegin
  2
*D37
 70
1
 10
0.0
 20
0.0
 30
0.0
  3
*D37
  1

  0
LINE
  5
3F8
330
3F5
100
AcDbEntity
  8
0
100
AcDbLine
 10
40.0
 20
4174.5
 30
0.0
 11
40.0
 21
4177.5
 31
0.0
  0
LINE
  5
3F9
330
3F5
100
AcDbEntity
  8
0
100
AcDbLine
 10
540.0
 20
4174.5
 30
0.0
 11
540.0
 21
4177.5
 31
0.0
  0
INSERT
  5
3FA
330
3F5
100
AcDbEntity
  8
FW_DIM
100
AcDbBlockReference
  2
_OBLIQUE
 10
40.0
 20
4170.0
 30
0.0
 41
18.0
 42
18.0
  0
INSERT
  5
3FC
330
3F5
100
AcDbEntity
  8
FW_DIM
100
AcDbBlockReference
  2
_OBLIQUE
 10
540.0
 20
4170.0
 30
0.0
 41
18.0
 42
18.0
  0
LINE
  5
3FE
330
3F5
100
AcDbEntity
  8
0
100
AcDbLine
 10
32.5
 20
4170.0
 30
0.0
 11
547.5
 21
4170.0
 31
0.0
  0
MTEXT
  5
3FF
330
3F5
100
AcDbEntity
  8
FW_DIM
 62
7
100
AcDbMText
 10
290.0
 20
4183.5
 30
0.0
 40
18.0
 71
5
  1
500
  0
POINT
  5
400
330
3F5
100
AcDbEntity
  8
Defpoints
100
AcDbPoint
 10
40.0
 20
4170.0
 30
0.0
  0
POINT
  5
401
330
3F5
100
AcDbEntity
  8
Defpoints
100
AcDbPoint
 10
40.0
 20
4170.0
 30
0.0
  0
POINT
  5
402
330
3F5
100
AcDbEntity
  8
Defpoints
100
AcDbPoint
 10
540.0
 20
4170.0
 30
0.0
  0
ENDBLK
  5
3F7
330
3F5
100
AcDbEntity
  8
0
100
AcDbBlockEnd
  0
BLOCK
  5
405
330
404
100
AcDbEntity
  8
0
100
AcDbBlockBegin
  2
*D38
 70
1
 10
0.0
 20
0.0
 30
0.0
  3
*D38
  1

  0
LINE
  5
407
330
404
100
AcDbEntity
  8
0
100
AcDbLine
 10
540.0
 20
4174.5
 30
0.0
 11
540.0
 21
4177.5
 31
0.0
  0
LINE
  5
408
330
404
100
AcDbEntity
  8
0
100
AcDbLine
 10
580.0
 20
4174.5
 30
0.0
 11
580.0
 21
4177.5
 31
0.0
  0
INSERT
  5
409
330
404
100
AcDbEntity
  8
FW_DIM
100
AcDbBlockReference
  2
_OBLIQUE
 10
540.0
 20
4170.0
 30
0.0
 41
18.0
 42
18.0
  0
INSERT
  5
40B
330
404
100
AcDbEntity
  8
FW_DIM
100
AcDbBlockReference
  2
_OBLIQUE
 10
580.0
 20
4170.0
 30
0.0
 41
18.0
 42
18.0
  0
LINE
  5
40D
330
404
100
AcDbEntity
  8
0
100
AcDbLine
 10
532.5
 20
4170.0
 30
0.0
 11
587.5
 21
4170.0
 31
0.0
  0
MTEXT
  5
40E
330
404
100
AcDbEntity
  8
FW_DIM
 62
7
100
AcDbMText
 10
560.0
 20
4183.5
 30
0.0
 40
18.0
 71
5
  1
40
  0
POINT
  5
40F
330
404
100
AcDbEntity
  8
Defpoints
100
AcDbPoint
 10
540.0
 20
4170.0
 30
0.0
  0
POINT
  5
410
330
404
100
AcDbEntity
  8
Defpoints
100
AcDbPoint
 10
540.0
 20
4170.0
 30
0.0
  0
POINT
  5
411
330
404
100
AcDbEntity
  8
Defpoints
100
AcDbPoint
 10
580.0
 20
4170.0
 30
0.0
  0
ENDBLK
  5
406
330
404
100
AcDbEntity
  8
0
100
AcDbBlockEnd
  0
BLOCK
  5
414
330
413
100
AcDbEntity
  8
0
100
AcDbBlockBegin
  2
*D39
 70
1
 10
0.0
 20
0.0
 30
0.0
  3
*D39
  1

  0
LINE
  5
416
330
413
100
AcDbEntity
  8
0
100
AcDbLine
 10
580.0
 20
4174.5
 30
0.0
 11
580.0
 21
4177.5
 31
0.0
  0
LINE
  5
417
330
413
100
AcDbEntity
  8
0
100
AcDbLine
 10
1080.0
 20
4174.5
 30
0.0
 11
1080.0
 21
4177.5
 31
0.0
  0
INSERT
  5
418
330
413
100
AcDbEntity
  8
FW_DIM
100
AcDbBlockReference
  2
_OBLIQUE
 10
580.0
 20
4170.0
 30
0.0
 41
18.0
 42
18.0
  0
INSERT
  5
41A
330
413
100
AcDbEntity
  8
FW_DIM
100
AcDbBlockReference
  2
_OBLIQUE
 10
1080.0
 20
4170.0
 30
0.0
 41
18.0
 42
18.0
  0
LINE
  5
41C
330
413
100
AcDbEntity
  8
0
100
AcDbLine
 10
572.5
 20
4170.0
 30
0.0
 11
1087.5
 21
4170.0
 31
0.0
  0
MTEXT
  5
41D
330
413
100
AcDbEntity
  8
FW_DIM
 62
7
100
AcDbMText
 10
830.0
 20
4183.5
 30
0.0
 40
18.0
 71
5
  1
500
  0
POINT
  5
41E
330
413
100
AcDbEntity
  8
Defpoints
100
AcDbPoint
 10
580.0
 20
4170.0
 30
0.0
  0
POINT
  5
41F
330
413
100
AcDbEntity
  8
Defpoints
100
AcDbPoint
 10
580.0
 20
4170.0
 30
0.0
  0
POINT
  5
420
330
413
100
AcDbEntity
  8
Defpoints
100
AcDbPoint
 10
1080.0
 20
4170.0
 30
0.0
  0
ENDBLK
  5
415
330
413
100
AcDbEntity
  8
0
100
AcDbBlockEnd
  0
BLOCK
  5
423
330
422
100
AcDbEntity
  8
0
100
AcDbBlockBegin
  2
*D40
 70
1
 10
0.0
 20
0.0
 30
0.0
  3
*D40
  1

  0
LINE
  5
425
330
422
100
AcDbEntity
  8
0
100
AcDbLine
 10
1080.0
 20
4174.5
 30
0.0
 11
1080.0
 21
4177.5
 31
0.0
  0
LINE
  5
426
330
422
100
AcDbEntity
  8
0
100
AcDbLine
 10
1660.0
 20
4174.5
 30
0.0
 11
1660.0
 21
4177.5
 31
0.0
  0
INSERT
  5
427
330
422
100
AcDbEntity
  8
FW_DIM
100
AcDbBlockReference
  2
_OBLIQUE
 10
1080.0
 20
4170.0
 30
0.0
 41
18.0
 42
18.0
  0
INSERT
  5
429
330
422
100
AcDbEntity
  8
FW_DIM
100
AcDbBlockReference
  2
_OBLIQUE
 10
1660.0
 20
4170.0
 30
0.0
 41
18.0
 42
18.0
  0
LINE
  5
42B
330
422
100
AcDbEntity
  8
0
100
AcDbLine
 10
1072.5
 20
4170.0
 30
0.0
 11
1667.5
 21
4170.0
 31
0.0
  0
MTEXT
  5
42C
330
422
100
AcDbEntity
  8
FW_DIM
 62
7
100
AcDbMText
 10
1370.0
 20
4183.5
 30
0.0
 40
18.0
 71
5
  1
580
  0
POINT
  5
42D
330
422
100
AcDbEntity
  8
Defpoints
100
AcDbPoint
 10
1080.0
 20
4170.0
 30
0.0
  0
POINT
  5
42E
330
422
100
AcDbEntity
  8
Defpoints
100
AcDbPoint
 10
1080.0
 20
4170.0
 30
0.0
  0
POINT
  5
42F
330
422
100
AcDbEntity
  8
Defpoints
100
AcDbPoint
 10
1660.0
 20
4170.0
 30
0.0
  0
ENDBLK
  5
424
330
422
100
AcDbEntity
  8
0
100
AcDbBlockEnd
  0
BLOCK
  5
432
330
431
100
AcDbEntity
  8
0
100
AcDbBlockBegin
  2
*D41
 70
1
 10
0.0
 20
0.0
 30
0.0
  3
*D41
  1

  0
LINE
  5
434
330
431
100
AcDbEntity
  8
0
100
AcDbLine
 10
1660.0
 20
4174.5
 30
0.0
 11
1660.0
 21
4177.5
 31
0.0
  0
LINE
  5
435
330
431
100
AcDbEntity
  8
0
100
AcDbLine
 10
2160.0
 20
4174.5
 30
0.0
 11
2160.0
 21
4177.5
 31
0.0
  0
INSERT
  5
436
330
431
100
AcDbEntity
  8
FW_DIM
100
AcDbBlockReference
  2
_OBLIQUE
 10
1660.0
 20
4170.0
 30
0.0
 41
18.0
 42
18.0
  0
INSERT
  5
438
330
431
100
AcDbEntity
  8
FW_DIM
100
AcDbBlockReference
  2
_OBLIQUE
 10
2160.0
 20
4170.0
 30
0.0
 41
18.0
 42
18.0
  0
LINE
  5
43A
330
431
100
AcDbEntity
  8
0
100
AcDbLine
 10
1652.5
 20
4170.0
 30
0.0
 11
2167.5
 21
4170.0
 31
0.0
  0
MTEXT
  5
43B
330
431
100
AcDbEntity
  8
FW_DIM
 62
7
100
AcDbMText
 10
1910.0
 20
4183.5
 30
0.0
 40
18.0
 71
5
  1
500
  0
POINT
  5
43C
330
431
100
AcDbEntity
  8
Defpoints
100
AcDbPoint
 10
1660.0
 20
4170.0
 30
0.0
  0
POINT
  5
43D
330
431
100
AcDbEntity
  8
Defpoints
100
AcDbPoint
 10
1660.0
 20
4170.0
 30
0.0
  0
POINT
  5
43E
330
431
100
AcDbEntity
  8
Defpoints
100
AcDbPoint
 10
2160.0
 20
4170.0
 30
0.0
  0
ENDBLK
  5
433
330
431
100
AcDbEntity
  8
0
100
AcDbBlockEnd
  0
BLOCK
  5
441
330
440
100
AcDbEntity
  8
0
100
AcDbBlockBegin
  2
*D42
 70
1
 10
0.0
 20
0.0
 30
0.0
  3
*D42
  1

  0
LINE
  5
443
330
440
100
AcDbEntity
  8
0
100
AcDbLine
 10
2160.0
 20
4174.5
 30
0.0
 11
2160.0
 21
4177.5
 31
0.0
  0
LINE
  5
444
330
440
100
AcDbEntity
  8
0
100
AcDbLine
 10
2200.0
 20
4174.5
 30
0.0
 11
2200.0
 21
4177.5
 31
0.0
  0
INSERT
  5
445
330
440
100
AcDbEntity
  8
FW_DIM
100
AcDbBlockReference
  2
_OBLIQUE
 10
2160.0
 20
4170.0
 30
0.0
 41
18.0
 42
18.0
  0
INSERT
  5
447
330
440
100
AcDbEntity
  8
FW_DIM
100
AcDbBlockReference
  2
_OBLIQUE
 10
2200.0
 20
4170.0
 30
0.0
 41
18.0
 42
18.0
  0
LINE
  5
449
330
440
100
AcDbEntity
  8
0
100
AcDbLine
 10
2152.5
 20
4170.0
 30
0.0
 11
2207.5
 21
4170.0
 31
0.0
  0
MTEXT
  5
44A
330
440
100
AcDbEntity
  8
FW_DIM
 62
7
100
AcDbMText
 10
2180.0
 20
4183.5
 30
0.0
 40
18.0
 71
5
  1
40
  0
POINT
  5
44B
330
440
100
AcDbEntity
  8
Defpoints
100
AcDbPoint
 10
2160.0
 20
4170.0
 30
0.0
  0
POINT
  5
44C
330
440
100
AcDbEntity
  8
Defpoints
100
AcDbPoint
 10
2160.0
 20
4170.0
 30
0.0
  0
POINT
  5
44D
330
440
100
AcDbEntity
  8
Defpoints
100
AcDbPoint
 10
2200.0
 20
4170.0
 30
0.0
  0
ENDBLK
  5
442
330
440
100
AcDbEntity
  8
0
100
AcDbBlockEnd
  0
BLOCK
  5
450
330
44F
100
AcDbEntity
  8
0
100
AcDbBlockBegin
  2
*D43
 70
1
 10
0.0
 20
0.0
 30
0.0
  3
*D43
  1

  0
LINE
  5
452
330
44F
100
AcDbEntity
  8
0
100
AcDbLine
 10
2200.0
 20
4174.5
 30
0.0
 11
2200.0
 21
4177.5
 31
0.0
  0
LINE
  5
453
330
44F
100
AcDbEntity
  8
0
100
AcDbLine
 10
2700.0
 20
4174.5
 30
0.0
 11
2700.0
 21
4177.5
 31
0.0
  0
INSERT
  5
454
330
44F
100
AcDbEntity
  8
FW_DIM
100
AcDbBlockReference
  2
_OBLIQUE
 10
2200.0
 20
4170.0
 30
0.0
 41
18.0
 42
18.0
  0
INSERT
  5
456
330
44F
100
AcDbEntity
  8
FW_DIM
100
AcDbBlockReference
  2
_OBLIQUE
 10
2700.0
 20
4170.0
 30
0.0
 41
18.0
 42
18.0
  0
LINE
  5
458
330
44F
100
AcDbEntity
  8
0
100
AcDbLine
 10
2192.5
 20
4170.0
 30
0.0
 11
2707.5
 21
4170.0
 31
0.0
  0
MTEXT
  5
459
330
44F
100
AcDbEntity
  8
FW_DIM
 62
7
100
AcDbMText
 10
2450.0
 20
4183.5
 30
0.0
 40
18.0
 71
5
  1
500
  0
POINT
  5
45A
330
44F
100
AcDbEntity
  8
Defpoints
100
AcDbPoint
 10
2200.0
 20
4170.0
 30
0.0
  0
POINT
  5
45B
330
44F
100
AcDbEntity
  8
Defpoints
100
AcDbPoint
 10
2200.0
 20
4170.0
 30
0.0
  0
POINT
  5
45C
330
44F
100
AcDbEntity
  8
Defpoints
100
AcDbPoint
 10
2700.0
 20
4170.0
 30
0.0
  0
ENDBLK
  5
451
330
44F
100
AcDbEntity
  8
0
100
AcDbBlockEnd
  0
BLOCK
  5
45F
330
45E
100
AcDbEntity
  8
0
100
AcDbBlockBegin
  2
*D44
 70
1
 10
0.0
 20
0.0
 30
0.0
  3
*D44
  1

  0
LINE
  5
461
330
45E
100
AcDbEntity
  8
0
100
AcDbLine
 10
2700.0
 20
4174.5
 30
0.0
 11
2700.0
 21
4177.5
 31
0.0
  0
LINE
  5
462
330
45E
100
AcDbEntity
  8
0
100
AcDbLine
 10
2740.0
 20
4174.5
 30
0.0
 11
2740.0
 21
4177.5
 31
0.0
  0
INSERT
  5
463
330
45E
100
AcDbEntity
  8
FW_DIM
100
AcDbBlockReference
  2
_OBLIQUE
 10
2700.0
 20
4170.0
 30
0.0
 41
18.0
 42
18.0
  0
INSERT
  5
465
330
45E
100
AcDbEntity
  8
FW_DIM
100
AcDbBlockReference
  2
_OBLIQUE
 10
2740.0
 20
4170.0
 30
0.0
 41
18.0
 42
18.0
  0
LINE
  5
467
330
45E
100
AcDbEntity
  8
0
100
AcDbLine
 10
2692.5
 20
4170.0
 30
0.0
 11
2747.5
 21
4170.0
 31
0.0
  0
MTEXT
  5
468
330
45E
100
AcDbEntity
  8
FW_DIM
 62
7
100
AcDbMText
 10
2720.0
 20
4183.5
 30
0.0
 40
18.0
 71
5
  1
40
  0
POINT
  5
469
330
45E
100
AcDbEntity
  8
Defpoints
100
AcDbPoint
 10
2700.0
 20
4170.0
 30
0.0
  0
POINT
  5
46A
330
45E
100
AcDbEntity
  8
Defpoints
100
AcDbPoint
 10
2700.0
 20
4170.0
 30
0.0
  0
POINT
  5
46B
330
45E
100
AcDbEntity
  8
Defpoints
100
AcDbPoint
 10
2740.0
 20
4170.0
 30
0.0
  0
ENDBLK
  5
460
330
45E
100
AcDbEntity
  8
0
100
AcDbBlockEnd
  0
BLOCK
  5
46E
330
46D
100
AcDbEntity
  8
0
100
AcDbBlockBegin
  2
*D45
 70
1
 10
0.0
 20
0.0
 30
0.0
  3
*D45
  1

  0
LINE
  5
470
330
46D
100
AcDbEntity
  8
0
100
AcDbLine
 10
2.755455298081545e-16
 20
4714.5
 30
0.0
 11
4.592425496802575e-16
 21
4717.5
 31
0.0
  0
LINE
  5
471
330
46D
100
AcDbEntity
  8
0
100
AcDbLine
 10
40.0
 20
4714.5
 30
0.0
 11
40.0
 21
4717.5
 31
0.0
  0
INSERT
  5
472
330
46D
100
AcDbEntity
  8
FW_DIM
100
AcDbBlockReference
  2
_OBLIQUE
 10
0.0
 20
4710.0
 30
0.0
 41
18.0
 42
18.0
  0
INSERT
  5
474
330
46D
100
AcDbEntity
  8
FW_DIM
100
AcDbBlockReference
  2
_OBLIQUE
 10
40.0
 20
4710.0
 30
0.0
 41
18.0
 42
18.0
  0
LINE
  5
476
330
46D
100
AcDbEntity
  8
0
100
AcDbLine
 10
-7.5
 20
4710.0
 30
0.0
 11
47.5
 21
4710.0
 31
0.0
  0
MTEXT
  5
477
330
46D
100
AcDbEntity
  8
FW_DIM
 62
7
100
AcDbMText
 10
20.0
 20
4723.5
 30
0.0
 40
18.0
 71
5
  1
40
  0
POINT
  5
478
330
46D
100
AcDbEntity
  8
Defpoints
100
AcDbPoint
 10
0.0
 20
4710.0
 30
0.0
  0
POINT
  5
479
330
46D
100
AcDbEntity
  8
Defpoints
100
AcDbPoint
 10
0.0
 20
4710.0
 30
0.0
  0
POINT
  5
47A
330
46D
100
AcDbEntity
  8
Defpoints
100
AcDbPoint
 10
40.0
 20
4710.0
 30
0.0
  0
ENDBLK
  5
46F
330
46D
100
AcDbEntity
  8
0
100
AcDbBlockEnd
  0
BLOCK
  5
47D
330
47C
100
AcDbEntity
  8
0
100
AcDbBlockBegin
  2
*D46
 70
1
 10
0.0
 20
0.0
 30
0.0
  3
*D46
  1

  0
LINE
  5
47F
330
47C
100
AcDbEntity
  8
0
100
AcDbLine
 10
40.0
 20
4714.5
 30
0.0
 11
40.0
 21
4717.5
 31
0.0
  0
LINE
  5
480
330
47C
100
AcDbEntity
  8
0
100
AcDbLine
 10
540.0
 20
4714.5
 30
0.0
 11
540.0
 21
4717.5
 31
0.0
  0
INSERT
  5
481
330
47C
100
AcDbEntity
  8
FW_DIM
100
AcDbBlockReference
  2
_OBLIQUE
 10
40.0
 20
4710.0
 30
0.0
 41
18.0
 42
18.0
  0
INSERT
  5
483
330
47C
100
AcDbEntity
  8
FW_DIM
100
AcDbBlockReference
  2
_OBLIQUE
 10
540.0
 20
4710.0
 30
0.0
 41
18.0
 42
18.0
  0
LINE
  5
485
330
47C
100
AcDbEntity
  8
0
100
AcDbLine
 10
32.5
 20
4710.0
 30
0.0
 11
547.5
 21
4710.0
 31
0.0
  0
MTEXT
  5
486
330
47C
100
AcDbEntity
  8
FW_DIM
 62
7
100
AcDbMText
 10
328.25
 20
4723.5
 30
0.0
 40
18.0
 71
5
  1
500
  0
POINT
  5
487
330
47C
100
AcDbEntity
  8
Defpoints
100
AcDbPoint
 10
40.0
 20
4710.0
 30
0.0
  0
POINT
  5
488
330
47C
100
AcDbEntity
  8
Defpoints
100
AcDbPoint
 10
40.0
 20
4710.0
 30
0.0
  0
POINT
  5
489
330
47C
100
AcDbEntity
  8
Defpoints
100
AcDbPoint
 10
540.0
 20
4710.0
 30
0.0
  0
ENDBLK
  5
47E
330
47C
100
AcDbEntity
  8
0
100
AcDbBlockEnd
  0
BLOCK
  5
48C
330
48B
100
AcDbEntity
  8
0
100
AcDbBlockBegin
  2
*D47
 70
1
 10
0.0
 20
0.0
 30
0.0
  3
*D47
  1

  0
LINE
  5
48E
330
48B
100
AcDbEntity
  8
0
100
AcDbLine
 10
540.0
 20
4714.5
 30
0.0
 11
540.0
 21
4717.5
 31
0.0
  0
LINE
  5
48F
330
48B
100
AcDbEntity
  8
0
100
AcDbLine
 10
580.0
 20
4714.5
 30
0.0
 11
580.0
 21
4717.5
 31
0.0
  0
INSERT
  5
490
330
48B
100
AcDbEntity
  8
FW_DIM
100
AcDbBlockReference
  2
_OBLIQUE
 10
540.0
 20
4710.0
 30
0.0
 41
18.0
 42
18.0
  0
INSERT
  5
492
330
48B
100
AcDbEntity
  8
FW_DIM
100
AcDbBlockReference
  2
_OBLIQUE
 10
580.0
 20
4710.0
 30
0.0
 41
18.0
 42
18.0
  0
LINE
  5
494
330
48B
100
AcDbEntity
  8
0
100
AcDbLine
 10
532.5
 20
4710.0
 30
0.0
 11
587.5
 21
4710.0
 31
0.0
  0
MTEXT
  5
495
330
48B
100
AcDbEntity
  8
FW_DIM
 62
7
100
AcDbMText
 10
560.0
 20
4723.5
 30
0.0
 40
18.0
 71
5
  1
40
  0
POINT
  5
496
330
48B
100
AcDbEntity
  8
Defpoints
100
AcDbPoint
 10
540.0
 20
4710.0
 30
0.0
  0
POINT
  5
497
330
48B
100
AcDbEntity
  8
Defpoints
100
AcDbPoint
 10
540.0
 20
4710.0
 30
0.0
  0
POINT
  5
498
330
48B
100
AcDbEntity
  8
Defpoints
100
AcDbPoint
 10
580.0
 20
4710.0
 30
0.0
  0
ENDBLK
  5
48D
330
48B
100
AcDbEntity
  8
0
100
AcDbBlockEnd
  0
BLOCK
  5
49B
330
49A
100
AcDbEntity
  8
0
100
AcDbBlockBegin
  2
*D48
 70
1
 10
0.0
 20
0.0
 30
0.0
  3
*D48
  1

  0
LINE
  5
49D
330
49A
100
AcDbEntity
  8
0
100
AcDbLine
 10
580.0
 20
4714.5
 30
0.0
 11
580.0
 21
4717.5
 31
0.0
  0
LINE
  5
49E
330
49A
100
AcDbEntity
  8
0
100
AcDbLine
 10
1080.0
 20
4714.5
 30
0.0
 11
1080.0
 21
4717.5
 31
0.0
  0
INSERT
  5
49F
330
49A
100
AcDbEntity
  8
FW_DIM
100
AcDbBlockReference
  2
_OBLIQUE
 10
580.0
 20
4710.0
 30
0.0
 41
18.0
 42
18.0
  0
INSERT
  5
4A1
330
49A
100
AcDbEntity
  8
FW_DIM
100
AcDbBlockReference
  2
_OBLIQUE
 10
1080.0
 20
4710.0
 30
0.0
 41
18.0
 42
18.0
  0
LINE
  5
4A3
330
49A
100
AcDbEntity
  8
0
100
AcDbLine
 10
572.5
 20
4710.0
 30
0.0
 11
1087.5
 21
4710.0
 31
0.0
  0
MTEXT
  5
4A4
330
49A
100
AcDbEntity
  8
FW_DIM
 62
7
100
AcDbMText
 10
868.25
 20
4723.5
 30
0.0
 40
18.0
 71
5
  1
500
  0
POINT
  5
4A5
330
49A
100
AcDbEntity
  8
Defpoints
100
AcDbPoint
 10
580.0
 20
4710.0
 30
0.0
  0
POINT
  5
4A6
330
49A
100
AcDbEntity
  8
Defpoints
100
AcDbPoint
 10
580.0
 20
4710.0
 30
0.0
  0
POINT
  5
4A7
330
49A
100
AcDbEntity
  8
Defpoints
100
AcDbPoint
 10
1080.0
 20
4710.0
 30
0.0
  0
ENDBLK
  5
49C
330
49A
100
AcDbEntity
  8
0
100
AcDbBlockEnd
  0
BLOCK
  5
4AA
330
4A9
100
AcDbEntity
  8
0
100
AcDbBlockBegin
  2
*D49
 70
1
 10
0.0
 20
0.0
 30
0.0
  3
*D49
  1

  0
LINE
  5
4AC
330
4A9
100
AcDbEntity
  8
0
100
AcDbLine
 10
1080.0
 20
4714.5
 30
0.0
 11
1080.0
 21
4717.5
 31
0.0
  0
LINE
  5
4AD
330
4A9
100
AcDbEntity
  8
0
100
AcDbLine
 10
1120.0
 20
4714.5
 30
0.0
 11
1120.0
 21
4717.5
 31
0.0
  0
INSERT
  5
4AE
330
4A9
100
AcDbEntity
  8
FW_DIM
100
AcDbBlockReference
  2
_OBLIQUE
 10
1080.0
 20
4710.0
 30
0.0
 41
18.0
 42
18.0
  0
INSERT
  5
4B0
330
4A9
100
AcDbEntity
  8
FW_DIM
100
AcDbBlockReference
  2
_OBLIQUE
 10
1120.0
 20
4710.0
 30
0.0
 41
18.0
 42
18.0
  0
LINE
  5
4B2
330
4A9
100
AcDbEntity
  8
0
100
AcDbLine
 10
1072.5
 20
4710.0
 30
0.0
 11
1127.5
 21
4710.0
 31
0.0
  0
MTEXT
  5
4B3
330
4A9
100
AcDbEntity
  8
FW_DIM
 62
7
100
AcDbMText
 10
1100.0
 20
4723.5
 30
0.0
 40
18.0
 71
5
  1
40
  0
POINT
  5
4B4
330
4A9
100
AcDbEntity
  8
Defpoints
100
AcDbPoint
 10
1080.0
 20
4710.0
 30
0.0
  0
POINT
  5
4B5
330
4A9
100
AcDbEntity
  8
Defpoints
100
AcDbPoint
 10
1080.0
 20
4710.0
 30
0.0
  0
POINT
  5
4B6
330
4A9
100
AcDbEntity
  8
Defpoints
100
AcDbPoint
 10
1120.0
 20
4710.0
 30
0.0
  0
ENDBLK
  5
4AB
330
4A9
100
AcDbEntity
  8
0
100
AcDbBlockEnd
  0
BLOCK
  5
4B9
330
4B8
100
AcDbEntity
  8
0
100
AcDbBlockBegin
  2
*D50
 70
1
 10
0.0
 20
0.0
 30
0.0
  3
*D50
  1

  0
LINE
  5
4BB
330
4B8
100
AcDbEntity
  8
0
100
AcDbLine
 10
1120.0
 20
4714.5
 30
0.0
 11
1120.0
 21
4717.5
 31
0.0
  0
LINE
  5
4BC
330
4B8
100
AcDbEntity
  8
0
100
AcDbLine
 10
1620.0
 20
4714.5
 30
0.0
 11
1620.0
 21
4717.5
 31
0.0
  0
INSERT
  5
4BD
330
4B8
100
AcDbEntity
  8
FW_DIM
100
AcDbBlockReference
  2
_OBLIQUE
 10
1120.0
 20
4710.0
 30
0.0
 41
18.0
 42
18.0
  0
INSERT
  5
4BF
330
4B8
100
AcDbEntity
  8
FW_DIM
100
AcDbBlockReference
  2
_OBLIQUE
 10
1620.0
 20
4710.0
 30
0.0
 41
18.0
 42
18.0
  0
LINE
  5
4C1
330
4B8
100
AcDbEntity
  8
0
100
AcDbLine
 10
1112.5
 20
4710.0
 30
0.0
 11
1627.5
 21
4710.0
 31
0.0
  0
MTEXT
  5
4C2
330
4B8
100
AcDbEntity
  8
FW_DIM
 62
7
100
AcDbMText
 10
1408.25
 20
4723.5
 30
0.0
 40
18.0
 71
5
  1
500
  0
POINT
  5
4C3
330
4B8
100
AcDbEntity
  8
Defpoints
100
AcDbPoint
 10
1120.0
 20
4710.0
 30
0.0
  0
POINT
  5
4C4
330
4B8
100
AcDbEntity
  8
Defpoints
100
AcDbPoint
 10
1120.0
 20
4710.0
 30
0.0
  0
POINT
  5
4C5
330
4B8
100
AcDbEntity
  8
Defpoints
100
AcDbPoint
 10
1620.0
 20
4710.0
 30
0.0
  0
ENDBLK
  5
4BA
330
4B8
100
AcDbEntity
  8
0
100
AcDbBlockEnd
  0
BLOCK
  5
4C8
330
4C7
100
AcDbEntity
  8
0
100
AcDbBlockBegin
  2
*D51
 70
1
 10
0.0
 20
0.0
 30
0.0
  3
*D51
  1

  0
LINE
  5
4CA
330
4C7
100
AcDbEntity
  8
0
100
AcDbLine
 10
1620.0
 20
4714.5
 30
0.0
 11
1620.0
 21
4717.5
 31
0.0
  0
LINE
  5
4CB
330
4C7
100
AcDbEntity
  8
0
100
AcDbLine
 10
1660.0
 20
4714.5
 30
0.0
 11
1660.0
 21
4717.5
 31
0.0
  0
INSERT
  5
4CC
330
4C7
100
AcDbEntity
  8
FW_DIM
100
AcDbBlockReference
  2
_OBLIQUE
 10
1620.0
 20
4710.0
 30
0.0
 41
18.0
 42
18.0
  0
INSERT
  5
4CE
330
4C7
100
AcDbEntity
  8
FW_DIM
100
AcDbBlockReference
  2
_OBLIQUE
 10
1660.0
 20
4710.0
 30
0.0
 41
18.0
 42
18.0
  0
LINE
  5
4D0
330
4C7
100
AcDbEntity
  8
0
100
AcDbLine
 10
1612.5
 20
4710.0
 30
0.0
 11
1667.5
 21
4710.0
 31
0.0
  0
MTEXT
  5
4D1
330
4C7
100
AcDbEntity
  8
FW_DIM
 62
7
100
AcDbMText
 10
1640.0
 20
4723.5
 30
0.0
 40
18.0
 71
5
  1
40
  0
POINT
  5
4D2
330
4C7
100
AcDbEntity
  8
Defpoints
100
AcDbPoint
 10
1620.0
 20
4710.0
 30
0.0
  0
POINT
  5
4D3
330
4C7
100
AcDbEntity
  8
Defpoints
100
AcDbPoint
 10
1620.0
 20
4710.0
 30
0.0
  0
POINT
  5
4D4
330
4C7
100
AcDbEntity
  8
Defpoints
100
AcDbPoint
 10
1660.0
 20
4710.0
 30
0.0
  0
ENDBLK
  5
4C9
330
4C7
100
AcDbEntity
  8
0
100
AcDbBlockEnd
  0
BLOCK
  5
4D7
330
4D6
100
AcDbEntity
  8
0
100
AcDbBlockBegin
  2
*D52
 70
1
 10
0.0
 20
0.0
 30
0.0
  3
*D52
  1

  0
LINE
  5
4D9
330
4D6
100
AcDbEntity
  8
0
100
AcDbLine
 10
1660.0
 20
4714.5
 30
0.0
 11
1660.0
 21
4717.5
 31
0.0
  0
LINE
  5
4DA
330
4D6
100
AcDbEntity
  8
0
100
AcDbLine
 10
2160.0
 20
4714.5
 30
0.0
 11
2160.0
 21
4717.5
 31
0.0
  0
INSERT
  5
4DB
330
4D6
100
AcDbEntity
  8
FW_DIM
100
AcDbBlockReference
  2
_OBLIQUE
 10
1660.0
 20
4710.0
 30
0.0
 41
18.0
 42
18.0
  0
INSERT
  5
4DD
330
4D6
100
AcDbEntity
  8
FW_DIM
100
AcDbBlockReference
  2
_OBLIQUE
 10
2160.0
 20
4710.0
 30
0.0
 41
18.0
 42
18.0
  0
LINE
  5
4DF
330
4D6
100
AcDbEntity
  8
0
100
AcDbLine
 10
1652.5
 20
4710.0
 30
0.0
 11
2167.5
 21
4710.0
 31
0.0
  0
MTEXT
  5
4E0
330
4D6
100
AcDbEntity
  8
FW_DIM
 62
7
100
AcDbMText
 10
1948.25
 20
4723.5
 30
0.0
 40
18.0
 71
5
  1
500
  0
POINT
  5
4E1
330
4D6
100
AcDbEntity
  8
Defpoints
100
AcDbPoint
 10
1660.0
 20
4710.0
 30
0.0
  0
POINT
  5
4E2
330
4D6
100
AcDbEntity
  8
Defpoints
100
AcDbPoint
 10
1660.0
 20
4710.0
 30
0.0
  0
POINT
  5
4E3
330
4D6
100
AcDbEntity
  8
Defpoints
100
AcDbPoint
 10
2160.0
 20
4710.0
 30
0.0
  0
ENDBLK
  5
4D8
330
4D6
100
AcDbEntity
  8
0
100
AcDbBlockEnd
  0
BLOCK
  5
4E6
330
4E5
100
AcDbEntity
  8
0
100
AcDbBlockBegin
  2
*D53
 70
1
 10
0.0
 20
0.0
 30
0.0
  3
*D53
  1

  0
LINE
  5
4E8
330
4E5
100
AcDbEntity
  8
0
100
AcDbLine
 10
2160.0
 20
4714.5
 30
0.0
 11
2160.0
 21
4717.5
 31
0.0
  0
LINE
  5
4E9
330
4E5
100
AcDbEntity
  8
0
100
AcDbLine
 10
2200.0
 20
4714.5
 30
0.0
 11
2200.0
 21
4717.5
 31
0.0
  0
INSERT
  5
4EA
330
4E5
100
AcDbEntity
  8
FW_DIM
100
AcDbBlockReference
  2
_OBLIQUE
 10
2160.0
 20
4710.0
 30
0.0
 41
18.0
 42
18.0
  0
INSERT
  5
4EC
330
4E5
100
AcDbEntity
  8
FW_DIM
100
AcDbBlockReference
  2
_OBLIQUE
 10
2200.0
 20
4710.0
 30
0.0
 41
18.0
 42
18.0
  0
LINE
  5
4EE
330
4E5
100
AcDbEntity
  8
0
100
AcDbLine
 10
2152.5
 20
4710.0
 30
0.0
 11
2207.5
 21
4710.0
 31
0.0
  0
MTEXT
  5
4EF
330
4E5
100
AcDbEntity
  8
FW_DIM
 62
7
100
AcDbMText
 10
2180.0
 20
4723.5
 30
0.0
 40
18.0
 71
5
  1
40
  0
POINT
  5
4F0
330
4E5
100
AcDbEntity
  8
Defpoints
100
AcDbPoint
 10
2160.0
 20
4710.0
 30
0.0
  0
POINT
  5
4F1
330
4E5
100
AcDbEntity
  8
Defpoints
100
AcDbPoint
 10
2160.0
 20
4710.0
 30
0.0
  0
POINT
  5
4F2
330
4E5
100
AcDbEntity
  8
Defpoints
100
AcDbPoint
 10
2200.0
 20
4710.0
 30
0.0
  0
ENDBLK
  5
4E7
330
4E5
100
AcDbEntity
  8
0
100
AcDbBlockEnd
  0
BLOCK
  5
4F5
330
4F4
100
AcDbEntity
  8
0
100
AcDbBlockBegin
  2
*D54
 70
1
 10
0.0
 20
0.0
 30
0.0
  3
*D54
  1

  0
LINE
  5
4F7
330
4F4
100
AcDbEntity
  8
0
100
AcDbLine
 10
2200.0
 20
4714.5
 30
0.0
 11
2200.0
 21
4717.5
 31
0.0
  0
LINE
  5
4F8
330
4F4
100
AcDbEntity
  8
0
100
AcDbLine
 10
2700.0
 20
4714.5
 30
0.0
 11
2700.0
 21
4717.5
 31
0.0
  0
INSERT
  5
4F9
330
4F4
100
AcDbEntity
  8
FW_DIM
100
AcDbBlockReference
  2
_OBLIQUE
 10
2200.0
 20
4710.0
 30
0.0
 41
18.0
 42
18.0
  0
INSERT
  5
4FB
330
4F4
100
AcDbEntity
  8
FW_DIM
100
AcDbBlockReference
  2
_OBLIQUE
 10
2700.0
 20
4710.0
 30
0.0
 41
18.0
 42
18.0
  0
LINE
  5
4FD
330
4F4
100
AcDbEntity
  8
0
100
AcDbLine
 10
2192.5
 20
4710.0
 30
0.0
 11
2707.5
 21
4710.0
 31
0.0
  0
MTEXT
  5
4FE
330
4F4
100
AcDbEntity
  8
FW_DIM
 62
7
100
AcDbMText
 10
2488.25
 20
4723.5
 30
0.0
 40
18.0
 71
5
  1
500
  0
POINT
  5
4FF
330
4F4
100
AcDbEntity
  8
Defpoints
100
AcDbPoint
 10
2200.0
 20
4710.0
 30
0.0
  0
POINT
  5
500
330
4F4
100
AcDbEntity
  8
Defpoints
100
AcDbPoint
 10
2200.0
 20
4710.0
 30
0.0
  0
POINT
  5
501
330
4F4
100
AcDbEntity
  8
Defpoints
100
AcDbPoint
 10
2700.0
 20
4710.0
 30
0.0
  0
ENDBLK
  5
4F6
330
4F4
100
AcDbEntity
  8
0
100
AcDbBlockEnd
  0
BLOCK
  5
504
330
503
100
AcDbEntity
  8
0
100
AcDbBlockBegin
  2
*D55
 70
1
 10
0.0
 20
0.0
 30
0.0
  3
*D55
  1

  0
LINE
  5
506
330
503
100
AcDbEntity
  8
0
100
AcDbLine
 10
2700.0
 20
4714.5
 30
0.0
 11
2700.0
 21
4717.5
 31
0.0
  0
LINE
  5
507
330
503
100
AcDbEntity
  8
0
100
AcDbLine
 10
2740.0
 20
4714.5
 30
0.0
 11
2740.0
 21
4717.5
 31
0.0
  0
INSERT
  5
508
330
503
100
AcDbEntity
  8
FW_DIM
100
AcDbBlockReference
  2
_OBLIQUE
 10
2700.0
 20
4710.0
 30
0.0
 41
18.0
 42
18.0
  0
INSERT
  5
50A
330
503
100
AcDbEntity
  8
FW_DIM
100
AcDbBlockReference
  2
_OBLIQUE
 10
2740.0
 20
4710.0
 30
0.0
 41
18.0
 42
18.0
  0
LINE
  5
50C
330
503
100
AcDbEntity
  8
0
100
AcDbLine
 10
2692.5
 20
4710.0
 30
0.0
 11
2747.5
 21
4710.0
 31
0.0
  0
MTEXT
  5
50D
330
503
100
AcDbEntity
  8
FW_DIM
 62
7
100
AcDbMText
 10
2720.0
 20
4723.5
 30
0.0
 40
18.0
 71
5
  1
40
  0
POINT
  5
50E
330
503
100
AcDbEntity
  8
Defpoints
100
AcDbPoint
 10
2700.0
 20
4710.0
 30
0.0
  0
POINT
  5
50F
330
503
100
AcDbEntity
  8
Defpoints
100
AcDbPoint
 10
2700.0
 20
4710.0
 30
0.0
  0
POINT
  5
510
330
503
100
AcDbEntity
  8
Defpoints
100
AcDbPoint
 10
2740.0
 20
4710.0
 30
0.0
  0
ENDBLK
  5
505
330
503
100
AcDbEntity
  8
0
100
AcDbBlockEnd
  0
BLOCK
  5
513
330
512
100
AcDbEntity
  8
0
100
AcDbBlockBegin
  2
*D56
 70
1
 10
0.0
 20
0.0
 30
0.0
  3
*D56
  1

  0
LINE
  5
515
330
512
100
AcDbEntity
  8
0
100
AcDbLine
 10
2.755455298081545e-16
 20
5254.5
 30
0.0
 11
4.592425496802575e-16
 21
5257.5
 31
0.0
  0
LINE
  5
516
330
512
100
AcDbEntity
  8
0
100
AcDbLine
 10
40.0
 20
5254.5
 30
0.0
 11
40.0
 21
5257.5
 31
0.0
  0
INSERT
  5
517
330
512
100
AcDbEntity
  8
FW_DIM
100
AcDbBlockReference
  2
_OBLIQUE
 10
0.0
 20
5250.0
 30
0.0
 41
18.0
 42
18.0
  0
INSERT
  5
519
330
512
100
AcDbEntity
  8
FW_DIM
100
AcDbBlockReference
  2
_OBLIQUE
 10
40.0
 20
5250.0
 30
0.0
 41
18.0
 42
18.0
  0
LINE
  5
51B
330
512
100
AcDbEntity
  8
0
100
AcDbLine
 10
-7.5
 20
5250.0
 30
0.0
 11
47.5
 21
5250.0
 31
0.0
  0
MTEXT
  5
51C
330
512
100
AcDbEntity
  8
FW_DIM
 62
7
100
AcDbMText
 10
20.0
 20
5263.5
 30
0.0
 40
18.0
 71
5
  1
40
  0
POINT
  5
51D
330
512
100
AcDbEntity
  8
Defpoints
100
AcDbPoint
 10
0.0
 20
5250.0
 30
0.0
  0
POINT
  5
51E
330
512
100
AcDbEntity
  8
Defpoints
100
AcDbPoint
 10
0.0
 20
5250.0
 30
0.0
  0
POINT
  5
51F
330
512
100
AcDbEntity
  8
Defpoints
100
AcDbPoint
 10
40.0
 20
5250.0
 30
0.0
  0
ENDBLK
  5
514
330
512
100
AcDbEntity
  8
0
100
AcDbBlockEnd
  0
BLOCK
  5
522
330
521
100
AcDbEntity
  8
0
100
AcDbBlockBegin
  2
*D57
 70
1
 10
0.0
 20
0.0
 30
0.0
  3
*D57
  1

  0
LINE
  5
524
330
521
100
AcDbEntity
  8
0
100
AcDbLine
 10
40.0
 20
5254.5
 30
0.0
 11
40.0
 21
5257.5
 31
0.0
  0
LINE
  5
525
330
521
100
AcDbEntity
  8
0
100
AcDbLine
 10
540.0
 20
5254.5
 30
0.0
 11
540.0
 21
5257.5
 31
0.0
  0
INSERT
  5
526
330
521
100
AcDbEntity
  8
FW_DIM
100
AcDbBlockReference
  2
_OBLIQUE
 10
40.0
 20
5250.0
 30
0.0
 41
18.0
 42
18.0
  0
INSERT
  5
528
330
521
100
AcDbEntity
  8
FW_DIM
100
AcDbBlockReference
  2
_OBLIQUE
 10
540.0
 20
5250.0
 30
0.0
 41
18.0
 42
18.0
  0
LINE
  5
52A
330
521
100
AcDbEntity
  8
0
100
AcDbLine
 10
32.5
 20
5250.0
 30
0.0
 11
547.5
 21
5250.0
 31
0.0
  0
MTEXT
  5
52B
330
521
100
AcDbEntity
  8
FW_DIM
 62
7
100
AcDbMText
 10
328.25
 20
5263.5
 30
0.0
 40
18.0
 71
5
  1
500
  0
POINT
  5
52C
330
521
100
AcDbEntity
  8
Defpoints
100
AcDbPoint
 10
40.0
 20
5250.0
 30
0.0
  0
POINT
  5
52D
330
521
100
AcDbEntity
  8
Defpoints
100
AcDbPoint
 10
40.0
 20
5250.0
 30
0.0
  0
POINT
  5
52E
330
521
100
AcDbEntity
  8
Defpoints
100
AcDbPoint
 10
540.0
 20
5250.0
 30
0.0
  0
ENDBLK
  5
523
330
521
100
AcDbEntity
  8
0
100
AcDbBlockEnd
  0
BLOCK
  5
531
330
530
100
AcDbEntity
  8
0
100
AcDbBlockBegin
  2
*D58
 70
1
 10
0.0
 20
0.0
 30
0.0
  3
*D58
  1

  0
LINE
  5
533
330
530
100
AcDbEntity
  8
0
100
AcDbLine
 10
540.0
 20
5254.5
 30
0.0
 11
540.0
 21
5257.5
 31
0.0
  0
LINE
  5
534
330
530
100
AcDbEntity
  8
0
100
AcDbLine
 10
580.0
 20
5254.5
 30
0.0
 11
580.0
 21
5257.5
 31
0.0
  0
INSERT
  5
535
330
530
100
AcDbEntity
  8
FW_DIM
100
AcDbBlockReference
  2
_OBLIQUE
 10
540.0
 20
5250.0
 30
0.0
 41
18.0
 42
18.0
  0
INSERT
  5
537
330
530
100
AcDbEntity
  8
FW_DIM
100
AcDbBlockReference
  2
_OBLIQUE
 10
580.0
 20
5250.0
 30
0.0
 41
18.0
 42
18.0
  0
LINE
  5
539
330
530
100
AcDbEntity
  8
0
100
AcDbLine
 10
532.5
 20
5250.0
 30
0.0
 11
587.5
 21
5250.0
 31
0.0
  0
MTEXT
  5
53A
330
530
100
AcDbEntity
  8
FW_DIM
 62
7
100
AcDbMText
 10
560.0
 20
5263.5
 30
0.0
 40
18.0
 71
5
  1
40
  0
POINT
  5
53B
330
530
100
AcDbEntity
  8
Defpoints
100
AcDbPoint
 10
540.0
 20
5250.0
 30
0.0
  0
POINT
  5
53C
330
530
100
AcDbEntity
  8
Defpoints
100
AcDbPoint
 10
540.0
 20
5250.0
 30
0.0
  0
POINT
  5
53D
330
530
100
AcDbEntity
  8
Defpoints
100
AcDbPoint
 10
580.0
 20
5250.0
 30
0.0
  0
ENDBLK
  5
532
330
530
100
AcDbEntity
  8
0
100
AcDbBlockEnd
  0
BLOCK
  5
540
330
53F
100
AcDbEntity
  8
0
100
AcDbBlockBegin
  2
*D59
 70
1
 10
0.0
 20
0.0
 30
0.0
  3
*D59
  1

  0
LINE
  5
542
330
53F
100
AcDbEntity
  8
0
100
AcDbLine
 10
580.0
 20
5254.5
 30
0.0
 11
580.0
 21
5257.5
 31
0.0
  0
LINE
  5
543
330
53F
100
AcDbEntity
  8
0
100
AcDbLine
 10
1087.5
 20
5254.5
 30
0.0
 11
1087.5
 21
5257.5
 31
0.0
  0
INSERT
  5
544
330
53F
100
AcDbEntity
  8
FW_DIM
100
AcDbBlockReference
  2
_OBLIQUE
 10
580.0
 20
5250.0
 30
0.0
 41
18.0
 42
18.0
  0
INSERT
  5
546
330
53F
100
AcDbEntity
  8
FW_DIM
100
AcDbBlockReference
  2
_OBLIQUE
 10
1087.5
 20
5250.0
 30
0.0
 41
18.0
 42
18.0
  0
LINE
  5
548
330
53F
100
AcDbEntity
  8
0
100
AcDbLine
 10
572.5
 20
5250.0
 30
0.0
 11
1095.0
 21
5250.0
 31
0.0
  0
MTEXT
  5
549
330
53F
100
AcDbEntity
  8
FW_DIM
 62
7
100
AcDbMText
 10
868.25
 20
5263.5
 30
0.0
 40
18.0
 71
5
  1
508
  0
POINT
  5
54A
330
53F
100
AcDbEntity
  8
Defpoints
100
AcDbPoint
 10
580.0
 20
5250.0
 30
0.0
  0
POINT
  5
54B
330
53F
100
AcDbEntity
  8
Defpoints
100
AcDbPoint
 10
580.0
 20
5250.0
 30
0.0
  0
POINT
  5
54C
330
53F
100
AcDbEntity
  8
Defpoints
100
AcDbPoint
 10
1087.5
 20
5250.0
 30
0.0
  0
ENDBLK
  5
541
330
53F
100
AcDbEntity
  8
0
100
AcDbBlockEnd
  0
BLOCK
  5
54F
330
54E
100
AcDbEntity
  8
0
100
AcDbBlockBegin
  2
*D60
 70
1
 10
0.0
 20
0.0
 30
0.0
  3
*D60
  1

  0
LINE
  5
551
330
54E
100
AcDbEntity
  8
0
100
AcDbLine
 10
1087.5
 20
5254.5
 30
0.0
 11
1087.5
 21
5257.5
 31
0.0
  0
LINE
  5
552
330
54E
100
AcDbEntity
  8
0
100
AcDbLine
 10
1652.5
 20
5254.5
 30
0.0
 11
1652.5
 21
5257.5
 31
0.0
  0
INSERT
  5
553
330
54E
100
AcDbEntity
  8
FW_DIM
100
AcDbBlockReference
  2
_OBLIQUE
 10
1087.5
 20
5250.0
 30
0.0
 41
18.0
 42
18.0
  0
INSERT
  5
555
330
54E
100
AcDbEntity
  8
FW_DIM
100
AcDbBlockReference
  2
_OBLIQUE
 10
1652.5
 20
5250.0
 30
0.0
 41
18.0
 42
18.0
  0
LINE
  5
557
330
54E
100
AcDbEntity
  8
0
100
AcDbLine
 10
1080.0
 20
5250.0
 30
0.0
 11
1660.0
 21
5250.0
 31
0.0
  0
MTEXT
  5
558
330
54E
100
AcDbEntity
  8
FW_DIM
 62
7
100
AcDbMText
 10
1370.0
 20
5263.5
 30
0.0
 40
18.0
 71
5
  1
565
  0
POINT
  5
559
330
54E
100
AcDbEntity
  8
Defpoints
100
AcDbPoint
 10
1087.5
 20
5250.0
 30
0.0
  0
POINT
  5
55A
330
54E
100
AcDbEntity
  8
Defpoints
100
AcDbPoint
 10
1087.5
 20
5250.0
 30
0.0
  0
POINT
  5
55B
330
54E
100
AcDbEntity
  8
Defpoints
100
AcDbPoint
 10
1652.5
 20
5250.0
 30
0.0
  0
ENDBLK
  5
550
330
54E
100
AcDbEntity
  8
0
100
AcDbBlockEnd
  0
BLOCK
  5
55E
330
55D
100
AcDbEntity
  8
0
100
AcDbBlockBegin
  2
*D61
 70
1
 10
0.0
 20
0.0
 30
0.0
  3
*D61
  1

  0
LINE
  5
560
330
55D
100
AcDbEntity
  8
0
100
AcDbLine
 10
1652.5
 20
5254.5
 30
0.0
 11
1652.5
 21
5257.5
 31
0.0
  0
LINE
  5
561
330
55D
100
AcDbEntity
  8
0
100
AcDbLine
 10
2157.5
 20
5254.5
 30
0.0
 11
2157.5
 21
5257.5
 31
0.0
  0
INSERT
  5
562
330
55D
100
AcDbEntity
  8
FW_DIM
100
AcDbBlockReference
  2
_OBLIQUE
 10
1652.5
 20
5250.0
 30
0.0
 41
18.0
 42
18.0
  0
INSERT
  5
564
330
55D
100
AcDbEntity
  8
FW_DIM
100
AcDbBlockReference
  2
_OBLIQUE
 10
2157.5
 20
5250.0
 30
0.0
 41
18.0
 42
18.0
  0
LINE
  5
566
330
55D
100
AcDbEntity
  8
0
100
AcDbLine
 10
1645.0
 20
5250.0
 30
0.0
 11
2165.0
 21
5250.0
 31
0.0
  0
MTEXT
  5
567
330
55D
100
AcDbEntity
  8
FW_DIM
 62
7
100
AcDbMText
 10
1948.25
 20
5263.5
 30
0.0
 40
18.0
 71
5
  1
505
  0
POINT
  5
568
330
55D
100
AcDbEntity
  8
Defpoints
100
AcDbPoint
 10
1652.5
 20
5250.0
 30
0.0
  0
POINT
  5
569
330
55D
100
AcDbEntity
  8
Defpoints
100
AcDbPoint
 10
1652.5
 20
5250.0
 30
0.0
  0
POINT
  5
56A
330
55D
100
AcDbEntity
  8
Defpoints
100
AcDbPoint
 10
2157.5
 20
5250.0
 30
0.0
  0
ENDBLK
  5
55F
330
55D
100
AcDbEntity
  8
0
100
AcDbBlockEnd
  0
BLOCK
  5
56D
330
56C
100
AcDbEntity
  8
0
100
AcDbBlockBegin
  2
*D62
 70
1
 10
0.0
 20
0.0
 30
0.0
  3
*D62
  1

  0
LINE
  5
56F
330
56C
100
AcDbEntity
  8
0
100
AcDbLine
 10
2157.5
 20
5254.5
 30
0.0
 11
2157.5
 21
5257.5
 31
0.0
  0
LINE
  5
570
330
56C
100
AcDbEntity
  8
0
100
AcDbLine
 10
2202.5
 20
5254.5
 30
0.0
 11
2202.5
 21
5257.5
 31
0.0
  0
INSERT
  5
571
330
56C
100
AcDbEntity
  8
FW_DIM
100
AcDbBlockReference
  2
_OBLIQUE
 10
2157.5
 20
5250.0
 30
0.0
 41
18.0
 42
18.0
  0
INSERT
  5
573
330
56C
100
AcDbEntity
  8
FW_DIM
100
AcDbBlockReference
  2
_OBLIQUE
 10
2202.5
 20
5250.0
 30
0.0
 41
18.0
 42
18.0
  0
LINE
  5
575
330
56C
100
AcDbEntity
  8
0
100
AcDbLine
 10
2150.0
 20
5250.0
 30
0.0
 11
2210.0
 21
5250.0
 31
0.0
  0
MTEXT
  5
576
330
56C
100
AcDbEntity
  8
FW_DIM
 62
7
100
AcDbMText
 10
2180.0
 20
5263.5
 30
0.0
 40
18.0
 71
5
  1
45
  0
POINT
  5
577
330
56C
100
AcDbEntity
  8
Defpoints
100
AcDbPoint
 10
2157.5
 20
5250.0
 30
0.0
  0
POINT
  5
578
330
56C
100
AcDbEntity
  8
Defpoints
100
AcDbPoint
 10
2157.5
 20
5250.0
 30
0.0
  0
POINT
  5
579
330
56C
100
AcDbEntity
  8
Defpoints
100
AcDbPoint
 10
2202.5
 20
5250.0
 30
0.0
  0
ENDBLK
  5
56E
330
56C
100
AcDbEntity
  8
0
100
AcDbBlockEnd
  0
BLOCK
  5
57C
330
57B
100
AcDbEntity
  8
0
100
AcDbBlockBegin
  2
*D63
 70
1
 10
0.0
 20
0.0
 30
0.0
  3
*D63
  1

  0
LINE
  5
57E
330
57B
100
AcDbEntity
  8
0
100
AcDbLine
 10
2202.5
 20
5254.5
 30
0.0
 11
2202.5
 21
5257.5
 31
0.0
  0
LINE
  5
57F
330
57B
100
AcDbEntity
  8
0
100
AcDbLine
 10
2700.0
 20
5254.5
 30
0.0
 11
2700.0
 21
5257.5
 31
0.0
  0
INSERT
  5
580
330
57B
100
AcDbEntity
  8
FW_DIM
100
AcDbBlockReference
  2
_OBLIQUE
 10
2202.5
 20
5250.0
 30
0.0
 41
18.0
 42
18.0
  0
INSERT
  5
582
330
57B
100
AcDbEntity
  8
FW_DIM
100
AcDbBlockReference
  2
_OBLIQUE
 10
2700.0
 20
5250.0
 30
0.0
 41
18.0
 42
18.0
  0
LINE
  5
584
330
57B
100
AcDbEntity
  8
0
100
AcDbLine
 10
2195.0
 20
5250.0
 30
0.0
 11
2707.5
 21
5250.0
 31
0.0
  0
MTEXT
  5
585
330
57B
100
AcDbEntity
  8
FW_DIM
 62
7
100
AcDbMText
 10
2488.25
 20
5263.5
 30
0.0
 40
18.0
 71
5
  1
498
  0
POINT
  5
586
330
57B
100
AcDbEntity
  8
Defpoints
100
AcDbPoint
 10
2202.5
 20
5250.0
 30
0.0
  0
POINT
  5
587
330
57B
100
AcDbEntity
  8
Defpoints
100
AcDbPoint
 10
2202.5
 20
5250.0
 30
0.0
  0
POINT
  5
588
330
57B
100
AcDbEntity
  8
Defpoints
100
AcDbPoint
 10
2700.0
 20
5250.0
 30
0.0
  0
ENDBLK
  5
57D
330
57B
100
AcDbEntity
  8
0
100
AcDbBlockEnd
  0
BLOCK
  5
58B
330
58A
100
AcDbEntity
  8
0
100
AcDbBlockBegin
  2
*D64
 70
1
 10
0.0
 20
0.0
 30
0.0
  3
*D64
  1

  0
LINE
  5
58D
330
58A
100
AcDbEntity
  8
0
100
AcDbLine
 10
2700.0
 20
5254.5
 30
0.0
 11
2700.0
 21
5257.5
 31
0.0
  0
LINE
  5
58E
330
58A
100
AcDbEntity
  8
0
100
AcDbLine
 10
2740.0
 20
5254.5
 30
0.0
 11
2740.0
 21
5257.5
 31
0.0
  0
INSERT
  5
58F
330
58A
100
AcDbEntity
  8
FW_DIM
100
AcDbBlockReference
  2
_OBLIQUE
 10
2700.0
 20
5250.0
 30
0.0
 41
18.0
 42
18.0
  0
INSERT
  5
591
330
58A
100
AcDbEntity
  8
FW_DIM
100
AcDbBlockReference
  2
_OBLIQUE
 10
2740.0
 20
5250.0
 30
0.0
 41
18.0
 42
18.0
  0
LINE
  5
593
330
58A
100
AcDbEntity
  8
0
100
AcDbLine
 10
2692.5
 20
5250.0
 30
0.0
 11
2747.5
 21
5250.0
 31
0.0
  0
MTEXT
  5
594
330
58A
100
AcDbEntity
  8
FW_DIM
 62
7
100
AcDbMText
 10
2720.0
 20
5263.5
 30
0.0
 40
18.0
 71
5
  1
40
  0
POINT
  5
595
330
58A
100
AcDbEntity
  8
Defpoints
100
AcDbPoint
 10
2700.0
 20
5250.0
 30
0.0
  0
POINT
  5
596
330
58A
100
AcDbEntity
  8
Defpoints
100
AcDbPoint
 10
2700.0
 20
5250.0
 30
0.0
  0
POINT
  5
597
330
58A
100
AcDbEntity
  8
Defpoints
100
AcDbPoint
 10
2740.0
 20
5250.0
 30
0.0
  0
ENDBLK
  5
58C
330
58A
100
AcDbEntity
  8
0
100
AcDbBlockEnd
  0
BLOCK
  5
59A
330
599
100
AcDbEntity
  8
0
100
AcDbBlockBegin
  2
*D65
 70
1
 10
0.0
 20
0.0
 30
0.0
  3
*D65
  1

  0
LINE
  5
59C
330
599
100
AcDbEntity
  8
0
100
AcDbLine
 10
2.755455298081545e-16
 20
5794.5
 30
0.0
 11
4.592425496802575e-16
 21
5797.5
 31
0.0
  0
LINE
  5
59D
330
599
100
AcDbEntity
  8
0
100
AcDbLine
 10
40.0
 20
5794.5
 30
0.0
 11
40.0
 21
5797.5
 31
0.0
  0
INSERT
  5
59E
330
599
100
AcDbEntity
  8
FW_DIM
100
AcDbBlockReference
  2
_OBLIQUE
 10
0.0
 20
5790.0
 30
0.0
 41
18.0
 42
18.0
  0
INSERT
  5
5A0
330
599
100
AcDbEntity
  8
FW_DIM
100
AcDbBlockReference
  2
_OBLIQUE
 10
40.0
 20
5790.0
 30
0.0
 41
18.0
 42
18.0
  0
LINE
  5
5A2
330
599
100
AcDbEntity
  8
0
100
AcDbLine
 10
-7.5
 20
5790.0
 30
0.0
 11
47.5
 21
5790.0
 31
0.0
  0
MTEXT
  5
5A3
330
599
100
AcDbEntity
  8
FW_DIM
 62
7
100
AcDbMText
 10
20.0
 20
5803.5
 30
0.0
 40
18.0
 71
5
  1
40
  0
POINT
  5
5A4
330
599
100
AcDbEntity
  8
Defpoints
100
AcDbPoint
 10
0.0
 20
5790.0
 30
0.0
  0
POINT
  5
5A5
330
599
100
AcDbEntity
  8
Defpoints
100
AcDbPoint
 10
0.0
 20
5790.0
 30
0.0
  0
POINT
  5
5A6
330
599
100
AcDbEntity
  8
Defpoints
100
AcDbPoint
 10
40.0
 20
5790.0
 30
0.0
  0
ENDBLK
  5
59B
330
599
100
AcDbEntity
  8
0
100
AcDbBlockEnd
  0
BLOCK
  5
5A9
330
5A8
100
AcDbEntity
  8
0
100
AcDbBlockBegin
  2
*D66
 70
1
 10
0.0
 20
0.0
 30
0.0
  3
*D66
  1

  0
LINE
  5
5AB
330
5A8
100
AcDbEntity
  8
0
100
AcDbLine
 10
40.0
 20
5794.5
 30
0.0
 11
40.0
 21
5797.5
 31
0.0
  0
LINE
  5
5AC
330
5A8
100
AcDbEntity
  8
0
100
AcDbLine
 10
537.5
 20
5794.5
 30
0.0
 11
537.5
 21
5797.5
 31
0.0
  0
INSERT
  5
5AD
330
5A8
100
AcDbEntity
  8
FW_DIM
100
AcDbBlockReference
  2
_OBLIQUE
 10
40.0
 20
5790.0
 30
0.0
 41
18.0
 42
18.0
  0
INSERT
  5
5AF
330
5A8
100
AcDbEntity
  8
FW_DIM
100
AcDbBlockReference
  2
_OBLIQUE
 10
537.5
 20
5790.0
 30
0.0
 41
18.0
 42
18.0
  0
LINE
  5
5B1
330
5A8
100
AcDbEntity
  8
0
100
AcDbLine
 10
32.5
 20
5790.0
 30
0.0
 11
545.0
 21
5790.0
 31
0.0
  0
MTEXT
  5
5B2
330
5A8
100
AcDbEntity
  8
FW_DIM
 62
7
100
AcDbMText
 10
328.25
 20
5803.5
 30
0.0
 40
18.0
 71
5
  1
498
  0
POINT
  5
5B3
330
5A8
100
AcDbEntity
  8
Defpoints
100
AcDbPoint
 10
40.0
 20
5790.0
 30
0.0
  0
POINT
  5
5B4
330
5A8
100
AcDbEntity
  8
Defpoints
100
AcDbPoint
 10
40.0
 20
5790.0
 30
0.0
  0
POINT
  5
5B5
330
5A8
100
AcDbEntity
  8
Defpoints
100
AcDbPoint
 10
537.5
 20
5790.0
 30
0.0
  0
ENDBLK
  5
5AA
330
5A8
100
AcDbEntity
  8
0
100
AcDbBlockEnd
  0
BLOCK
  5
5B8
330
5B7
100
AcDbEntity
  8
0
100
AcDbBlockBegin
  2
*D67
 70
1
 10
0.0
 20
0.0
 30
0.0
  3
*D67
  1

  0
LINE
  5
5BA
330
5B7
100
AcDbEntity
  8
0
100
AcDbLine
 10
537.5
 20
5794.5
 30
0.0
 11
537.5
 21
5797.5
 31
0.0
  0
LINE
  5
5BB
330
5B7
100
AcDbEntity
  8
0
100
AcDbLine
 10
582.5
 20
5794.5
 30
0.0
 11
582.5
 21
5797.5
 31
0.0
  0
INSERT
  5
5BC
330
5B7
100
AcDbEntity
  8
FW_DIM
100
AcDbBlockReference
  2
_OBLIQUE
 10
537.5
 20
5790.0
 30
0.0
 41
18.0
 42
18.0
  0
INSERT
  5
5BE
330
5B7
100
AcDbEntity
  8
FW_DIM
100
AcDbBlockReference
  2
_OBLIQUE
 10
582.5
 20
5790.0
 30
0.0
 41
18.0
 42
18.0
  0
LINE
  5
5C0
330
5B7
100
AcDbEntity
  8
0
100
AcDbLine
 10
530.0
 20
5790.0
 30
0.0
 11
590.0
 21
5790.0
 31
0.0
  0
MTEXT
  5
5C1
330
5B7
100
AcDbEntity
  8
FW_DIM
 62
7
100
AcDbMText
 10
560.0
 20
5803.5
 30
0.0
 40
18.0
 71
5
  1
45
  0
POINT
  5
5C2
330
5B7
100
AcDbEntity
  8
Defpoints
100
AcDbPoint
 10
537.5
 20
5790.0
 30
0.0
  0
POINT
  5
5C3
330
5B7
100
AcDbEntity
  8
Defpoints
100
AcDbPoint
 10
537.5
 20
5790.0
 30
0.0
  0
POINT
  5
5C4
330
5B7
100
AcDbEntity
  8
Defpoints
100
AcDbPoint
 10
582.5
 20
5790.0
 30
0.0
  0
ENDBLK
  5
5B9
330
5B7
100
AcDbEntity
  8
0
100
AcDbBlockEnd
  0
BLOCK
  5
5C7
330
5C6
100
AcDbEntity
  8
0
100
AcDbBlockBegin
  2
*D68
 70
1
 10
0.0
 20
0.0
 30
0.0
  3
*D68
  1

  0
LINE
  5
5C9
330
5C6
100
AcDbEntity
  8
0
100
AcDbLine
 10
582.5
 20
5794.5
 30
0.0
 11
582.5
 21
5797.5
 31
0.0
  0
LINE
  5
5CA
330
5C6
100
AcDbEntity
  8
0
100
AcDbLine
 10
1087.5
 20
5794.5
 30
0.0
 11
1087.5
 21
5797.5
 31
0.0
  0
INSERT
  5
5CB
330
5C6
100
AcDbEntity
  8
FW_DIM
100
AcDbBlockReference
  2
_OBLIQUE
 10
582.5
 20
5790.0
 30
0.0
 41
18.0
 42
18.0
  0
INSERT
  5
5CD
330
5C6
100
AcDbEntity
  8
FW_DIM
100
AcDbBlockReference
  2
_OBLIQUE
 10
1087.5
 20
5790.0
 30
0.0
 41
18.0
 42
18.0
  0
LINE
  5
5CF
330
5C6
100
AcDbEntity
  8
0
100
AcDbLine
 10
575.0
 20
5790.0
 30
0.0
 11
1095.0
 21
5790.0
 31
0.0
  0
MTEXT
  5
5D0
330
5C6
100
AcDbEntity
  8
FW_DIM
 62
7
100
AcDbMText
 10
868.25
 20
5803.5
 30
0.0
 40
18.0
 71
5
  1
505
  0
POINT
  5
5D1
330
5C6
100
AcDbEntity
  8
Defpoints
100
AcDbPoint
 10
582.5
 20
5790.0
 30
0.0
  0
POINT
  5
5D2
330
5C6
100
AcDbEntity
  8
Defpoints
100
AcDbPoint
 10
582.5
 20
5790.0
 30
0.0
  0
POINT
  5
5D3
330
5C6
100
AcDbEntity
  8
Defpoints
100
AcDbPoint
 10
1087.5
 20
5790.0
 30
0.0
  0
ENDBLK
  5
5C8
330
5C6
100
AcDbEntity
  8
0
100
AcDbBlockEnd
  0
BLOCK
  5
5D6
330
5D5
100
AcDbEntity
  8
0
100
AcDbBlockBegin
  2
*D69
 70
1
 10
0.0
 20
0.0
 30
0.0
  3
*D69
  1

  0
LINE
  5
5D8
330
5D5
100
AcDbEntity
  8
0
100
AcDbLine
 10
1087.5
 20
5794.5
 30
0.0
 11
1087.5
 21
5797.5
 31
0.0
  0
LINE
  5
5D9
330
5D5
100
AcDbEntity
  8
0
100
AcDbLine
 10
1652.5
 20
5794.5
 30
0.0
 11
1652.5
 21
5797.5
 31
0.0
  0
INSERT
  5
5DA
330
5D5
100
AcDbEntity
  8
FW_DIM
100
AcDbBlockReference
  2
_OBLIQUE
 10
1087.5
 20
5790.0
 30
0.0
 41
18.0
 42
18.0
  0
INSERT
  5
5DC
330
5D5
100
AcDbEntity
  8
FW_DIM
100
AcDbBlockReference
  2
_OBLIQUE
 10
1652.5
 20
5790.0
 30
0.0
 41
18.0
 42
18.0
  0
LINE
  5
5DE
330
5D5
100
AcDbEntity
  8
0
100
AcDbLine
 10
1080.0
 20
5790.0
 30
0.0
 11
1660.0
 21
5790.0
 31
0.0
  0
MTEXT
  5
5DF
330
5D5
100
AcDbEntity
  8
FW_DIM
 62
7
100
AcDbMText
 10
1370.0
 20
5803.5
 30
0.0
 40
18.0
 71
5
  1
565
  0
POINT
  5
5E0
330
5D5
100
AcDbEntity
  8
Defpoints
100
AcDbPoint
 10
1087.5
 20
5790.0
 30
0.0
  0
POINT
  5
5E1
330
5D5
100
AcDbEntity
  8
Defpoints
100
AcDbPoint
 10
1087.5
 20
5790.0
 30
0.0
  0
POINT
  5
5E2
330
5D5
100
AcDbEntity
  8
Defpoints
100
AcDbPoint
 10
1652.5
 20
5790.0
 30
0.0
  0
ENDBLK
  5
5D7
330
5D5
100
AcDbEntity
  8
0
100
AcDbBlockEnd
  0
BLOCK
  5
5E5
330
5E4
100
AcDbEntity
  8
0
100
AcDbBlockBegin
  2
*D70
 70
1
 10
0.0
 20
0.0
 30
0.0
  3
*D70
  1

  0
LINE
  5
5E7
330
5E4
100
AcDbEntity
  8
0
100
AcDbLine
 10
1652.5
 20
5794.5
 30
0.0
 11
1652.5
 21
5797.5
 31
0.0
  0
LINE
  5
5E8
330
5E4
100
AcDbEntity
  8
0
100
AcDbLine
 10
2160.0
 20
5794.5
 30
0.0
 11
2160.0
 21
5797.5
 31
0.0
  0
INSERT
  5
5E9
330
5E4
100
AcDbEntity
  8
FW_DIM
100
AcDbBlockReference
  2
_OBLIQUE
 10
1652.5
 20
5790.0
 30
0.0
 41
18.0
 42
18.0
  0
INSERT
  5
5EB
330
5E4
100
AcDbEntity
  8
FW_DIM
100
AcDbBlockReference
  2
_OBLIQUE
 10
2160.0
 20
5790.0
 30
0.0
 41
18.0
 42
18.0
  0
LINE
  5
5ED
330
5E4
100
AcDbEntity
  8
0
100
AcDbLine
 10
1645.0
 20
5790.0
 30
0.0
 11
2167.5
 21
5790.0
 31
0.0
  0
MTEXT
  5
5EE
330
5E4
100
AcDbEntity
  8
FW_DIM
 62
7
100
AcDbMText
 10
1948.25
 20
5803.5
 30
0.0
 40
18.0
 71
5
  1
508
  0
POINT
  5
5EF
330
5E4
100
AcDbEntity
  8
Defpoints
100
AcDbPoint
 10
1652.5
 20
5790.0
 30
0.0
  0
POINT
  5
5F0
330
5E4
100
AcDbEntity
  8
Defpoints
100
AcDbPoint
 10
1652.5
 20
5790.0
 30
0.0
  0
POINT
  5
5F1
330
5E4
100
AcDbEntity
  8
Defpoints
100
AcDbPoint
 10
2160.0
 20
5790.0
 30
0.0
  0
ENDBLK
  5
5E6
330
5E4
100
AcDbEntity
  8
0
100
AcDbBlockEnd
  0
BLOCK
  5
5F4
330
5F3
100
AcDbEntity
  8
0
100
AcDbBlockBegin
  2
*D71
 70
1
 10
0.0
 20
0.0
 30
0.0
  3
*D71
  1

  0
LINE
  5
5F6
330
5F3
100
AcDbEntity
  8
0
100
AcDbLine
 10
2160.0
 20
5794.5
 30
0.0
 11
2160.0
 21
5797.5
 31
0.0
  0
LINE
  5
5F7
330
5F3
100
AcDbEntity
  8
0
100
AcDbLine
 10
2200.0
 20
5794.5
 30
0.0
 11
2200.0
 21
5797.5
 31
0.0
  0
INSERT
  5
5F8
330
5F3
100
AcDbEntity
  8
FW_DIM
100
AcDbBlockReference
  2
_OBLIQUE
 10
2160.0
 20
5790.0
 30
0.0
 41
18.0
 42
18.0
  0
INSERT
  5
5FA
330
5F3
100
AcDbEntity
  8
FW_DIM
100
AcDbBlockReference
  2
_OBLIQUE
 10
2200.0
 20
5790.0
 30
0.0
 41
18.0
 42
18.0
  0
LINE
  5
5FC
330
5F3
100
AcDbEntity
  8
0
100
AcDbLine
 10
2152.5
 20
5790.0
 30
0.0
 11
2207.5
 21
5790.0
 31
0.0
  0
MTEXT
  5
5FD
330
5F3
100
AcDbEntity
  8
FW_DIM
 62
7
100
AcDbMText
 10
2180.0
 20
5803.5
 30
0.0
 40
18.0
 71
5
  1
40
  0
POINT
  5
5FE
330
5F3
100
AcDbEntity
  8
Defpoints
100
AcDbPoint
 10
2160.0
 20
5790.0
 30
0.0
  0
POINT
  5
5FF
330
5F3
100
AcDbEntity
  8
Defpoints
100
AcDbPoint
 10
2160.0
 20
5790.0
 30
0.0
  0
POINT
  5
600
330
5F3
100
AcDbEntity
  8
Defpoints
100
AcDbPoint
 10
2200.0
 20
5790.0
 30
0.0
  0
ENDBLK
  5
5F5
330
5F3
100
AcDbEntity
  8
0
100
AcDbBlockEnd
  0
BLOCK
  5
603
330
602
100
AcDbEntity
  8
0
100
AcDbBlockBegin
  2
*D72
 70
1
 10
0.0
 20
0.0
 30
0.0
  3
*D72
  1

  0
LINE
  5
605
330
602
100
AcDbEntity
  8
0
100
AcDbLine
 10
2200.0
 20
5794.5
 30
0.0
 11
2200.0
 21
5797.5
 31
0.0
  0
LINE
  5
606
330
602
100
AcDbEntity
  8
0
100
AcDbLine
 10
2700.0
 20
5794.5
 30
0.0
 11
2700.0
 21
5797.5
 31
0.0
  0
INSERT
  5
607
330
602
100
AcDbEntity
  8
FW_DIM
100
AcDbBlockReference
  2
_OBLIQUE
 10
2200.0
 20
5790.0
 30
0.0
 41
18.0
 42
18.0
  0
INSERT
  5
609
330
602
100
AcDbEntity
  8
FW_DIM
100
AcDbBlockReference
  2
_OBLIQUE
 10
2700.0
 20
5790.0
 30
0.0
 41
18.0
 42
18.0
  0
LINE
  5
60B
330
602
100
AcDbEntity
  8
0
100
AcDbLine
 10
2192.5
 20
5790.0
 30
0.0
 11
2707.5
 21
5790.0
 31
0.0
  0
MTEXT
  5
60C
330
602
100
AcDbEntity
  8
FW_DIM
 62
7
100
AcDbMText
 10
2488.25
 20
5803.5
 30
0.0
 40
18.0
 71
5
  1
500
  0
POINT
  5
60D
330
602
100
AcDbEntity
  8
Defpoints
100
AcDbPoint
 10
2200.0
 20
5790.0
 30
0.0
  0
POINT
  5
60E
330
602
100
AcDbEntity
  8
Defpoints
100
AcDbPoint
 10
2200.0
 20
5790.0
 30
0.0
  0
POINT
  5
60F
330
602
100
AcDbEntity
  8
Defpoints
100
AcDbPoint
 10
2700.0
 20
5790.0
 30
0.0
  0
ENDBLK
  5
604
330
602
100
AcDbEntity
  8
0
100
AcDbBlockEnd
  0
BLOCK
  5
612
330
611
100
AcDbEntity
  8
0
100
AcDbBlockBegin
  2
*D73
 70
1
 10
0.0
 20
0.0
 30
0.0
  3
*D73
  1

  0
LINE
  5
614
330
611
100
AcDbEntity
  8
0
100
AcDbLine
 10
2700.0
 20
5794.5
 30
0.0
 11
2700.0
 21
5797.5
 31
0.0
  0
LINE
  5
615
330
611
100
AcDbEntity
  8
0
100
AcDbLine
 10
2740.0
 20
5794.5
 30
0.0
 11
2740.0
 21
5797.5
 31
0.0
  0
INSERT
  5
616
330
611
100
AcDbEntity
  8
FW_DIM
100
AcDbBlockReference
  2
_OBLIQUE
 10
2700.0
 20
5790.0
 30
0.0
 41
18.0
 42
18.0
  0
INSERT
  5
618
330
611
100
AcDbEntity
  8
FW_DIM
100
AcDbBlockReference
  2
_OBLIQUE
 10
2740.0
 20
5790.0
 30
0.0
 41
18.0
 42
18.0
  0
LINE
  5
61A
330
611
100
AcDbEntity
  8
0
100
AcDbLine
 10
2692.5
 20
5790.0
 30
0.0
 11
2747.5
 21
5790.0
 31
0.0
  0
MTEXT
  5
61B
330
611
100
AcDbEntity
  8
FW_DIM
 62
7
100
AcDbMText
 10
2720.0
 20
5803.5
 30
0.0
 40
18.0
 71
5
  1
40
  0
POINT
  5
61C
330
611
100
AcDbEntity
  8
Defpoints
100
AcDbPoint
 10
2700.0
 20
5790.0
 30
0.0
  0
POINT
  5
61D
330
611
100
AcDbEntity
  8
Defpoints
100
AcDbPoint
 10
2700.0
 20
5790.0
 30
0.0
  0
POINT
  5
61E
330
611
100
AcDbEntity
  8
Defpoints
100
AcDbPoint
 10
2740.0
 20
5790.0
 30
0.0
  0
ENDBLK
  5
613
330
611
100
AcDbEntity
  8
0
100
AcDbBlockEnd
  0
BLOCK
  5
621
330
620
100
AcDbEntity
  8
0
100
AcDbBlockBegin
  2
*D74
 70
1
 10
0.0
 20
0.0
 30
0.0
  3
*D74
  1

  0
LINE
  5
623
330
620
100
AcDbEntity
  8
0
100
AcDbLine
 10
2.755455298081545e-16
 20
6334.5
 30
0.0
 11
4.592425496802575e-16
 21
6337.5
 31
0.0
  0
LINE
  5
624
330
620
100
AcDbEntity
  8
0
100
AcDbLine
 10
40.0
 20
6334.5
 30
0.0
 11
40.0
 21
6337.5
 31
0.0
  0
INSERT
  5
625
330
620
100
AcDbEntity
  8
FW_DIM
100
AcDbBlockReference
  2
_OBLIQUE
 10
0.0
 20
6330.0
 30
0.0
 41
18.0
 42
18.0
  0
INSERT
  5
627
330
620
100
AcDbEntity
  8
FW_DIM
100
AcDbBlockReference
  2
_OBLIQUE
 10
40.0
 20
6330.0
 30
0.0
 41
18.0
 42
18.0
  0
LINE
  5
629
330
620
100
AcDbEntity
  8
0
100
AcDbLine
 10
-7.5
 20
6330.0
 30
0.0
 11
47.5
 21
6330.0
 31
0.0
  0
MTEXT
  5
62A
330
620
100
AcDbEntity
  8
FW_DIM
 62
7
100
AcDbMText
 10
20.0
 20
6343.5
 30
0.0
 40
18.0
 71
5
  1
40
  0
POINT
  5
62B
330
620
100
AcDbEntity
  8
Defpoints
100
AcDbPoint
 10
0.0
 20
6330.0
 30
0.0
  0
POINT
  5
62C
330
620
100
AcDbEntity
  8
Defpoints
100
AcDbPoint
 10
0.0
 20
6330.0
 30
0.0
  0
POINT
  5
62D
330
620
100
AcDbEntity
  8
Defpoints
100
AcDbPoint
 10
40.0
 20
6330.0
 30
0.0
  0
ENDBLK
  5
622
330
620
100
AcDbEntity
  8
0
100
AcDbBlockEnd
  0
BLOCK
  5
630
330
62F
100
AcDbEntity
  8
0
100
AcDbBlockBegin
  2
*D75
 70
1
 10
0.0
 20
0.0
 30
0.0
  3
*D75
  1

  0
LINE
  5
632
330
62F
100
AcDbEntity
  8
0
100
AcDbLine
 10
40.0
 20
6334.5
 30
0.0
 11
40.0
 21
6337.5
 31
0.0
  0
LINE
  5
633
330
62F
100
AcDbEntity
  8
0
100
AcDbLine
 10
540.0
 20
6334.5
 30
0.0
 11
540.0
 21
6337.5
 31
0.0
  0
INSERT
  5
634
330
62F
100
AcDbEntity
  8
FW_DIM
100
AcDbBlockReference
  2
_OBLIQUE
 10
40.0
 20
6330.0
 30
0.0
 41
18.0
 42
18.0
  0
INSERT
  5
636
330
62F
100
AcDbEntity
  8
FW_DIM
100
AcDbBlockReference
  2
_OBLIQUE
 10
540.0
 20
6330.0
 30
0.0
 41
18.0
 42
18.0
  0
LINE
  5
638
330
62F
100
AcDbEntity
  8
0
100
AcDbLine
 10
32.5
 20
6330.0
 30
0.0
 11
547.5
 21
6330.0
 31
0.0
  0
MTEXT
  5
639
330
62F
100
AcDbEntity
  8
FW_DIM
 62
7
100
AcDbMText
 10
328.25
 20
6343.5
 30
0.0
 40
18.0
 71
5
  1
500
  0
POINT
  5
63A
330
62F
100
AcDbEntity
  8
Defpoints
100
AcDbPoint
 10
40.0
 20
6330.0
 30
0.0
  0
POINT
  5
63B
330
62F
100
AcDbEntity
  8
Defpoints
100
AcDbPoint
 10
40.0
 20
6330.0
 30
0.0
  0
POINT
  5
63C
330
62F
100
AcDbEntity
  8
Defpoints
100
AcDbPoint
 10
540.0
 20
6330.0
 30
0.0
  0
ENDBLK
  5
631
330
62F
100
AcDbEntity
  8
0
100
AcDbBlockEnd
  0
BLOCK
  5
63F
330
63E
100
AcDbEntity
  8
0
100
AcDbBlockBegin
  2
*D76
 70
1
 10
0.0
 20
0.0
 30
0.0
  3
*D76
  1

  0
LINE
  5
641
330
63E
100
AcDbEntity
  8
0
100
AcDbLine
 10
540.0
 20
6334.5
 30
0.0
 11
540.0
 21
6337.5
 31
0.0
  0
LINE
  5
642
330
63E
100
AcDbEntity
  8
0
100
AcDbLine
 10
580.0
 20
6334.5
 30
0.0
 11
580.0
 21
6337.5
 31
0.0
  0
INSERT
  5
643
330
63E
100
AcDbEntity
  8
FW_DIM
100
AcDbBlockReference
  2
_OBLIQUE
 10
540.0
 20
6330.0
 30
0.0
 41
18.0
 42
18.0
  0
INSERT
  5
645
330
63E
100
AcDbEntity
  8
FW_DIM
100
AcDbBlockReference
  2
_OBLIQUE
 10
580.0
 20
6330.0
 30
0.0
 41
18.0
 42
18.0
  0
LINE
  5
647
330
63E
100
AcDbEntity
  8
0
100
AcDbLine
 10
532.5
 20
6330.0
 30
0.0
 11
587.5
 21
6330.0
 31
0.0
  0
MTEXT
  5
648
330
63E
100
AcDbEntity
  8
FW_DIM
 62
7
100
AcDbMText
 10
560.0
 20
6343.5
 30
0.0
 40
18.0
 71
5
  1
40
  0
POINT
  5
649
330
63E
100
AcDbEntity
  8
Defpoints
100
AcDbPoint
 10
540.0
 20
6330.0
 30
0.0
  0
POINT
  5
64A
330
63E
100
AcDbEntity
  8
Defpoints
100
AcDbPoint
 10
540.0
 20
6330.0
 30
0.0
  0
POINT
  5
64B
330
63E
100
AcDbEntity
  8
Defpoints
100
AcDbPoint
 10
580.0
 20
6330.0
 30
0.0
  0
ENDBLK
  5
640
330
63E
100
AcDbEntity
  8
0
100
AcDbBlockEnd
  0
BLOCK
  5
64E
330
64D
100
AcDbEntity
  8
0
100
AcDbBlockBegin
  2
*D77
 70
1
 10
0.0
 20
0.0
 30
0.0
  3
*D77
  1

  0
LINE
  5
650
330
64D
100
AcDbEntity
  8
0
100
AcDbLine
 10
580.0
 20
6334.5
 30
0.0
 11
580.0
 21
6337.5
 31
0.0
  0
LINE
  5
651
330
64D
100
AcDbEntity
  8
0
100
AcDbLine
 10
1080.0
 20
6334.5
 30
0.0
 11
1080.0
 21
6337.5
 31
0.0
  0
INSERT
  5
652
330
64D
100
AcDbEntity
  8
FW_DIM
100
AcDbBlockReference
  2
_OBLIQUE
 10
580.0
 20
6330.0
 30
0.0
 41
18.0
 42
18.0
  0
INSERT
  5
654
330
64D
100
AcDbEntity
  8
FW_DIM
100
AcDbBlockReference
  2
_OBLIQUE
 10
1080.0
 20
6330.0
 30
0.0
 41
18.0
 42
18.0
  0
LINE
  5
656
330
64D
100
AcDbEntity
  8
0
100
AcDbLine
 10
572.5
 20
6330.0
 30
0.0
 11
1087.5
 21
6330.0
 31
0.0
  0
MTEXT
  5
657
330
64D
100
AcDbEntity
  8
FW_DIM
 62
7
100
AcDbMText
 10
868.25
 20
6343.5
 30
0.0
 40
18.0
 71
5
  1
500
  0
POINT
  5
658
330
64D
100
AcDbEntity
  8
Defpoints
100
AcDbPoint
 10
580.0
 20
6330.0
 30
0.0
  0
POINT
  5
659
330
64D
100
AcDbEntity
  8
Defpoints
100
AcDbPoint
 10
580.0
 20
6330.0
 30
0.0
  0
POINT
  5
65A
330
64D
100
AcDbEntity
  8
Defpoints
100
AcDbPoint
 10
1080.0
 20
6330.0
 30
0.0
  0
ENDBLK
  5
64F
330
64D
100
AcDbEntity
  8
0
100
AcDbBlockEnd
  0
BLOCK
  5
65D
330
65C
100
AcDbEntity
  8
0
100
AcDbBlockBegin
  2
*D78
 70
1
 10
0.0
 20
0.0
 30
0.0
  3
*D78
  1

  0
LINE
  5
65F
330
65C
100
AcDbEntity
  8
0
100
AcDbLine
 10
1080.0
 20
6334.5
 30
0.0
 11
1080.0
 21
6337.5
 31
0.0
  0
LINE
  5
660
330
65C
100
AcDbEntity
  8
0
100
AcDbLine
 10
1120.0
 20
6334.5
 30
0.0
 11
1120.0
 21
6337.5
 31
0.0
  0
INSERT
  5
661
330
65C
100
AcDbEntity
  8
FW_DIM
100
AcDbBlockReference
  2
_OBLIQUE
 10
1080.0
 20
6330.0
 30
0.0
 41
18.0
 42
18.0
  0
INSERT
  5
663
330
65C
100
AcDbEntity
  8
FW_DIM
100
AcDbBlockReference
  2
_OBLIQUE
 10
1120.0
 20
6330.0
 30
0.0
 41
18.0
 42
18.0
  0
LINE
  5
665
330
65C
100
AcDbEntity
  8
0
100
AcDbLine
 10
1072.5
 20
6330.0
 30
0.0
 11
1127.5
 21
6330.0
 31
0.0
  0
MTEXT
  5
666
330
65C
100
AcDbEntity
  8
FW_DIM
 62
7
100
AcDbMText
 10
1100.0
 20
6343.5
 30
0.0
 40
18.0
 71
5
  1
40
  0
POINT
  5
667
330
65C
100
AcDbEntity
  8
Defpoints
100
AcDbPoint
 10
1080.0
 20
6330.0
 30
0.0
  0
POINT
  5
668
330
65C
100
AcDbEntity
  8
Defpoints
100
AcDbPoint
 10
1080.0
 20
6330.0
 30
0.0
  0
POINT
  5
669
330
65C
100
AcDbEntity
  8
Defpoints
100
AcDbPoint
 10
1120.0
 20
6330.0
 30
0.0
  0
ENDBLK
  5
65E
330
65C
100
AcDbEntity
  8
0
100
AcDbBlockEnd
  0
BLOCK
  5
66C
330
66B
100
AcDbEntity
  8
0
100
AcDbBlockBegin
  2
*D79
 70
1
 10
0.0
 20
0.0
 30
0.0
  3
*D79
  1

  0
LINE
  5
66E
330
66B
100
AcDbEntity
  8
0
100
AcDbLine
 10
1120.0
 20
6334.5
 30
0.0
 11
1120.0
 21
6337.5
 31
0.0
  0
LINE
  5
66F
330
66B
100
AcDbEntity
  8
0
100
AcDbLine
 10
1620.0
 20
6334.5
 30
0.0
 11
1620.0
 21
6337.5
 31
0.0
  0
INSERT
  5
670
330
66B
100
AcDbEntity
  8
FW_DIM
100
AcDbBlockReference
  2
_OBLIQUE
 10
1120.0
 20
6330.0
 30
0.0
 41
18.0
 42
18.0
  0
INSERT
  5
672
330
66B
100
AcDbEntity
  8
FW_DIM
100
AcDbBlockReference
  2
_OBLIQUE
 10
1620.0
 20
6330.0
 30
0.0
 41
18.0
 42
18.0
  0
LINE
  5
674
330
66B
100
AcDbEntity
  8
0
100
AcDbLine
 10
1112.5
 20
6330.0
 30
0.0
 11
1627.5
 21
6330.0
 31
0.0
  0
MTEXT
  5
675
330
66B
100
AcDbEntity
  8
FW_DIM
 62
7
100
AcDbMText
 10
1408.25
 20
6343.5
 30
0.0
 40
18.0
 71
5
  1
500
  0
POINT
  5
676
330
66B
100
AcDbEntity
  8
Defpoints
100
AcDbPoint
 10
1120.0
 20
6330.0
 30
0.0
  0
POINT
  5
677
330
66B
100
AcDbEntity
  8
Defpoints
100
AcDbPoint
 10
1120.0
 20
6330.0
 30
0.0
  0
POINT
  5
678
330
66B
100
AcDbEntity
  8
Defpoints
100
AcDbPoint
 10
1620.0
 20
6330.0
 30
0.0
  0
ENDBLK
  5
66D
330
66B
100
AcDbEntity
  8
0
100
AcDbBlockEnd
  0
BLOCK
  5
67B
330
67A
100
AcDbEntity
  8
0
100
AcDbBlockBegin
  2
*D80
 70
1
 10
0.0
 20
0.0
 30
0.0
  3
*D80
  1

  0
LINE
  5
67D
330
67A
100
AcDbEntity
  8
0
100
AcDbLine
 10
1620.0
 20
6334.5
 30
0.0
 11
1620.0
 21
6337.5
 31
0.0
  0
LINE
  5
67E
330
67A
100
AcDbEntity
  8
0
100
AcDbLine
 10
1660.0
 20
6334.5
 30
0.0
 11
1660.0
 21
6337.5
 31
0.0
  0
INSERT
  5
67F
330
67A
100
AcDbEntity
  8
FW_DIM
100
AcDbBlockReference
  2
_OBLIQUE
 10
1620.0
 20
6330.0
 30
0.0
 41
18.0
 42
18.0
  0
INSERT
  5
681
330
67A
100
AcDbEntity
  8
FW_DIM
100
AcDbBlockReference
  2
_OBLIQUE
 10
1660.0
 20
6330.0
 30
0.0
 41
18.0
 42
18.0
  0
LINE
  5
683
330
67A
100
AcDbEntity
  8
0
100
AcDbLine
 10
1612.5
 20
6330.0
 30
0.0
 11
1667.5
 21
6330.0
 31
0.0
  0
MTEXT
  5
684
330
67A
100
AcDbEntity
  8
FW_DIM
 62
7
100
AcDbMText
 10
1640.0
 20
6343.5
 30
0.0
 40
18.0
 71
5
  1
40
  0
POINT
  5
685
330
67A
100
AcDbEntity
  8
Defpoints
100
AcDbPoint
 10
1620.0
 20
6330.0
 30
0.0
  0
POINT
  5
686
330
67A
100
AcDbEntity
  8
Defpoints
100
AcDbPoint
 10
1620.0
 20
6330.0
 30
0.0
  0
POINT
  5
687
330
67A
100
AcDbEntity
  8
Defpoints
100
AcDbPoint
 10
1660.0
 20
6330.0
 30
0.0
  0
ENDBLK
  5
67C
330
67A
100
AcDbEntity
  8
0
100
AcDbBlockEnd
  0
BLOCK
  5
68A
330
689
100
AcDbEntity
  8
0
100
AcDbBlockBegin
  2
*D81
 70
1
 10
0.0
 20
0.0
 30
0.0
  3
*D81
  1

  0
LINE
  5
68C
330
689
100
AcDbEntity
  8
0
100
AcDbLine
 10
1660.0
 20
6334.5
 30
0.0
 11
1660.0
 21
6337.5
 31
0.0
  0
LINE
  5
68D
330
689
100
AcDbEntity
  8
0
100
AcDbLine
 10
2160.0
 20
6334.5
 30
0.0
 11
2160.0
 21
6337.5
 31
0.0
  0
INSERT
  5
68E
330
689
100
AcDbEntity
  8
FW_DIM
100
AcDbBlockReference
  2
_OBLIQUE
 10
1660.0
 20
6330.0
 30
0.0
 41
18.0
 42
18.0
  0
INSERT
  5
690
330
689
100
AcDbEntity
  8
FW_DIM
100
AcDbBlockReference
  2
_OBLIQUE
 10
2160.0
 20
6330.0
 30
0.0
 41
18.0
 42
18.0
  0
LINE
  5
692
330
689
100
AcDbEntity
  8
0
100
AcDbLine
 10
1652.5
 20
6330.0
 30
0.0
 11
2167.5
 21
6330.0
 31
0.0
  0
MTEXT
  5
693
330
689
100
AcDbEntity
  8
FW_DIM
 62
7
100
AcDbMText
 10
1948.25
 20
6343.5
 30
0.0
 40
18.0
 71
5
  1
500
  0
POINT
  5
694
330
689
100
AcDbEntity
  8
Defpoints
100
AcDbPoint
 10
1660.0
 20
6330.0
 30
0.0
  0
POINT
  5
695
330
689
100
AcDbEntity
  8
Defpoints
100
AcDbPoint
 10
1660.0
 20
6330.0
 30
0.0
  0
POINT
  5
696
330
689
100
AcDbEntity
  8
Defpoints
100
AcDbPoint
 10
2160.0
 20
6330.0
 30
0.0
  0
ENDBLK
  5
68B
330
689
100
AcDbEntity
  8
0
100
AcDbBlockEnd
  0
BLOCK
  5
699
330
698
100
AcDbEntity
  8
0
100
AcDbBlockBegin
  2
*D82
 70
1
 10
0.0
 20
0.0
 30
0.0
  3
*D82
  1

  0
LINE
  5
69B
330
698
100
AcDbEntity
  8
0
100
AcDbLine
 10
2160.0
 20
6334.5
 30
0.0
 11
2160.0
 21
6337.5
 31
0.0
  0
LINE
  5
69C
330
698
100
AcDbEntity
  8
0
100
AcDbLine
 10
2200.0
 20
6334.5
 30
0.0
 11
2200.0
 21
6337.5
 31
0.0
  0
INSERT
  5
69D
330
698
100
AcDbEntity
  8
FW_DIM
100
AcDbBlockReference
  2
_OBLIQUE
 10
2160.0
 20
6330.0
 30
0.0
 41
18.0
 42
18.0
  0
INSERT
  5
69F
330
698
100
AcDbEntity
  8
FW_DIM
100
AcDbBlockReference
  2
_OBLIQUE
 10
2200.0
 20
6330.0
 30
0.0
 41
18.0
 42
18.0
  0
LINE
  5
6A1
330
698
100
AcDbEntity
  8
0
100
AcDbLine
 10
2152.5
 20
6330.0
 30
0.0
 11
2207.5
 21
6330.0
 31
0.0
  0
MTEXT
  5
6A2
330
698
100
AcDbEntity
  8
FW_DIM
 62
7
100
AcDbMText
 10
2180.0
 20
6343.5
 30
0.0
 40
18.0
 71
5
  1
40
  0
POINT
  5
6A3
330
698
100
AcDbEntity
  8
Defpoints
100
AcDbPoint
 10
2160.0
 20
6330.0
 30
0.0
  0
POINT
  5
6A4
330
698
100
AcDbEntity
  8
Defpoints
100
AcDbPoint
 10
2160.0
 20
6330.0
 30
0.0
  0
POINT
  5
6A5
330
698
100
AcDbEntity
  8
Defpoints
100
AcDbPoint
 10
2200.0
 20
6330.0
 30
0.0
  0
ENDBLK
  5
69A
330
698
100
AcDbEntity
  8
0
100
AcDbBlockEnd
  0
BLOCK
  5
6A8
330
6A7
100
AcDbEntity
  8
0
100
AcDbBlockBegin
  2
*D83
 70
1
 10
0.0
 20
0.0
 30
0.0
  3
*D83
  1

  0
LINE
  5
6AA
330
6A7
100
AcDbEntity
  8
0
100
AcDbLine
 10
2200.0
 20
6334.5
 30
0.0
 11
2200.0
 21
6337.5
 31
0.0
  0
LINE
  5
6AB
330
6A7
100
AcDbEntity
  8
0
100
AcDbLine
 10
2700.0
 20
6334.5
 30
0.0
 11
2700.0
 21
6337.5
 31
0.0
  0
INSERT
  5
6AC
330
6A7
100
AcDbEntity
  8
FW_DIM
100
AcDbBlockReference
  2
_OBLIQUE
 10
2200.0
 20
6330.0
 30
0.0
 41
18.0
 42
18.0
  0
INSERT
  5
6AE
330
6A7
100
AcDbEntity
  8
FW_DIM
100
AcDbBlockReference
  2
_OBLIQUE
 10
2700.0
 20
6330.0
 30
0.0
 41
18.0
 42
18.0
  0
LINE
  5
6B0
330
6A7
100
AcDbEntity
  8
0
100
AcDbLine
 10
2192.5
 20
6330.0
 30
0.0
 11
2707.5
 21
6330.0
 31
0.0
  0
MTEXT
  5
6B1
330
6A7
100
AcDbEntity
  8
FW_DIM
 62
7
100
AcDbMText
 10
2488.25
 20
6343.5
 30
0.0
 40
18.0
 71
5
  1
500
  0
POINT
  5
6B2
330
6A7
100
AcDbEntity
  8
Defpoints
100
AcDbPoint
 10
2200.0
 20
6330.0
 30
0.0
  0
POINT
  5
6B3
330
6A7
100
AcDbEntity
  8
Defpoints
100
AcDbPoint
 10
2200.0
 20
6330.0
 30
0.0
  0
POINT
  5
6B4
330
6A7
100
AcDbEntity
  8
Defpoints
100
AcDbPoint
 10
2700.0
 20
6330.0
 30
0.0
  0
ENDBLK
  5
6A9
330
6A7
100
AcDbEntity
  8
0
100
AcDbBlockEnd
  0
BLOCK
  5
6B7
330
6B6
100
AcDbEntity
  8
0
100
AcDbBlockBegin
  2
*D84
 70
1
 10
0.0
 20
0.0
 30
0.0
  3
*D84
  1

  0
LINE
  5
6B9
330
6B6
100
AcDbEntity
  8
0
100
AcDbLine
 10
2700.0
 20
6334.5
 30
0.0
 11
2700.0
 21
6337.5
 31
0.0
  0
LINE
  5
6BA
330
6B6
100
AcDbEntity
  8
0
100
AcDbLine
 10
2740.0
 20
6334.5
 30
0.0
 11
2740.0
 21
6337.5
 31
0.0
  0
INSERT
  5
6BB
330
6B6
100
AcDbEntity
  8
FW_DIM
100
AcDbBlockReference
  2
_OBLIQUE
 10
2700.0
 20
6330.0
 30
0.0
 41
18.0
 42
18.0
  0
INSERT
  5
6BD
330
6B6
100
AcDbEntity
  8
FW_DIM
100
AcDbBlockReference
  2
_OBLIQUE
 10
2740.0
 20
6330.0
 30
0.0
 41
18.0
 42
18.0
  0
LINE
  5
6BF
330
6B6
100
AcDbEntity
  8
0
100
AcDbLine
 10
2692.5
 20
6330.0
 30
0.0
 11
2747.5
 21
6330.0
 31
0.0
  0
MTEXT
  5
6C0
330
6B6
100
AcDbEntity
  8
FW_DIM
 62
7
100
AcDbMText
 10
2720.0
 20
6343.5
 30
0.0
 40
18.0
 71
5
  1
40
  0
POINT
  5
6C1
330
6B6
100
AcDbEntity
  8
Defpoints
100
AcDbPoint
 10
2700.0
 20
6330.0
 30
0.0
  0
POINT
  5
6C2
330
6B6
100
AcDbEntity
  8
Defpoints
100
AcDbPoint
 10
2700.0
 20
6330.0
 30
0.0
  0
POINT
  5
6C3
330
6B6
100
AcDbEntity
  8
Defpoints
100
AcDbPoint
 10
2740.0
 20
6330.0
 30
0.0
  0
ENDBLK
  5
6B8
330
6B6
100
AcDbEntity
  8
0
100
AcDbBlockEnd
  0
BLOCK
  5
6C6
330
6C5
100
AcDbEntity
  8
0
100
AcDbBlockBegin
  2
*D85
 70
1
 10
0.0
 20
0.0
 30
0.0
  3
*D85
  1

  0
LINE
  5
6C8
330
6C5
100
AcDbEntity
  8
0
100
AcDbLine
 10
2.755455298081545e-16
 20
6874.5
 30
0.0
 11
4.592425496802575e-16
 21
6877.5
 31
0.0
  0
LINE
  5
6C9
330
6C5
100
AcDbEntity
  8
0
100
AcDbLine
 10
40.0
 20
6874.5
 30
0.0
 11
40.0
 21
6877.5
 31
0.0
  0
INSERT
  5
6CA
330
6C5
100
AcDbEntity
  8
FW_DIM
100
AcDbBlockReference
  2
_OBLIQUE
 10
0.0
 20
6870.0
 30
0.0
 41
18.0
 42
18.0
  0
INSERT
  5
6CC
330
6C5
100
AcDbEntity
  8
FW_DIM
100
AcDbBlockReference
  2
_OBLIQUE
 10
40.0
 20
6870.0
 30
0.0
 41
18.0
 42
18.0
  0
LINE
  5
6CE
330
6C5
100
AcDbEntity
  8
0
100
AcDbLine
 10
-7.5
 20
6870.0
 30
0.0
 11
47.5
 21
6870.0
 31
0.0
  0
MTEXT
  5
6CF
330
6C5
100
AcDbEntity
  8
FW_DIM
 62
7
100
AcDbMText
 10
20.0
 20
6883.5
 30
0.0
 40
18.0
 71
5
  1
40
  0
POINT
  5
6D0
330
6C5
100
AcDbEntity
  8
Defpoints
100
AcDbPoint
 10
0.0
 20
6870.0
 30
0.0
  0
POINT
  5
6D1
330
6C5
100
AcDbEntity
  8
Defpoints
100
AcDbPoint
 10
0.0
 20
6870.0
 30
0.0
  0
POINT
  5
6D2
330
6C5
100
AcDbEntity
  8
Defpoints
100
AcDbPoint
 10
40.0
 20
6870.0
 30
0.0
  0
ENDBLK
  5
6C7
330
6C5
100
AcDbEntity
  8
0
100
AcDbBlockEnd
  0
BLOCK
  5
6D5
330
6D4
100
AcDbEntity
  8
0
100
AcDbBlockBegin
  2
*D86
 70
1
 10
0.0
 20
0.0
 30
0.0
  3
*D86
  1

  0
LINE
  5
6D7
330
6D4
100
AcDbEntity
  8
0
100
AcDbLine
 10
40.0
 20
6874.5
 30
0.0
 11
40.0
 21
6877.5
 31
0.0
  0
LINE
  5
6D8
330
6D4
100
AcDbEntity
  8
0
100
AcDbLine
 10
540.0
 20
6874.5
 30
0.0
 11
540.0
 21
6877.5
 31
0.0
  0
INSERT
  5
6D9
330
6D4
100
AcDbEntity
  8
FW_DIM
100
AcDbBlockReference
  2
_OBLIQUE
 10
40.0
 20
6870.0
 30
0.0
 41
18.0
 42
18.0
  0
INSERT
  5
6DB
330
6D4
100
AcDbEntity
  8
FW_DIM
100
AcDbBlockReference
  2
_OBLIQUE
 10
540.0
 20
6870.0
 30
0.0
 41
18.0
 42
18.0
  0
LINE
  5
6DD
330
6D4
100
AcDbEntity
  8
0
100
AcDbLine
 10
32.5
 20
6870.0
 30
0.0
 11
547.5
 21
6870.0
 31
0.0
  0
MTEXT
  5
6DE
330
6D4
100
AcDbEntity
  8
FW_DIM
 62
7
100
AcDbMText
 10
290.0
 20
6883.5
 30
0.0
 40
18.0
 71
5
  1
500
  0
POINT
  5
6DF
330
6D4
100
AcDbEntity
  8
Defpoints
100
AcDbPoint
 10
40.0
 20
6870.0
 30
0.0
  0
POINT
  5
6E0
330
6D4
100
AcDbEntity
  8
Defpoints
100
AcDbPoint
 10
40.0
 20
6870.0
 30
0.0
  0
POINT
  5
6E1
330
6D4
100
AcDbEntity
  8
Defpoints
100
AcDbPoint
 10
540.0
 20
6870.0
 30
0.0
  0
ENDBLK
  5
6D6
330
6D4
100
AcDbEntity
  8
0
100
AcDbBlockEnd
  0
BLOCK
  5
6E4
330
6E3
100
AcDbEntity
  8
0
100
AcDbBlockBegin
  2
*D87
 70
1
 10
0.0
 20
0.0
 30
0.0
  3
*D87
  1

  0
LINE
  5
6E6
330
6E3
100
AcDbEntity
  8
0
100
AcDbLine
 10
540.0
 20
6874.5
 30
0.0
 11
540.0
 21
6877.5
 31
0.0
  0
LINE
  5
6E7
330
6E3
100
AcDbEntity
  8
0
100
AcDbLine
 10
580.0
 20
6874.5
 30
0.0
 11
580.0
 21
6877.5
 31
0.0
  0
INSERT
  5
6E8
330
6E3
100
AcDbEntity
  8
FW_DIM
100
AcDbBlockReference
  2
_OBLIQUE
 10
540.0
 20
6870.0
 30
0.0
 41
18.0
 42
18.0
  0
INSERT
  5
6EA
330
6E3
100
AcDbEntity
  8
FW_DIM
100
AcDbBlockReference
  2
_OBLIQUE
 10
580.0
 20
6870.0
 30
0.0
 41
18.0
 42
18.0
  0
LINE
  5
6EC
330
6E3
100
AcDbEntity
  8
0
100
AcDbLine
 10
532.5
 20
6870.0
 30
0.0
 11
587.5
 21
6870.0
 31
0.0
  0
MTEXT
  5
6ED
330
6E3
100
AcDbEntity
  8
FW_DIM
 62
7
100
AcDbMText
 10
560.0
 20
6883.5
 30
0.0
 40
18.0
 71
5
  1
40
  0
POINT
  5
6EE
330
6E3
100
AcDbEntity
  8
Defpoints
100
AcDbPoint
 10
540.0
 20
6870.0
 30
0.0
  0
POINT
  5
6EF
330
6E3
100
AcDbEntity
  8
Defpoints
100
AcDbPoint
 10
540.0
 20
6870.0
 30
0.0
  0
POINT
  5
6F0
330
6E3
100
AcDbEntity
  8
Defpoints
100
AcDbPoint
 10
580.0
 20
6870.0
 30
0.0
  0
ENDBLK
  5
6E5
330
6E3
100
AcDbEntity
  8
0
100
AcDbBlockEnd
  0
BLOCK
  5
6F3
330
6F2
100
AcDbEntity
  8
0
100
AcDbBlockBegin
  2
*D88
 70
1
 10
0.0
 20
0.0
 30
0.0
  3
*D88
  1

  0
LINE
  5
6F5
330
6F2
100
AcDbEntity
  8
0
100
AcDbLine
 10
580.0
 20
6874.5
 30
0.0
 11
580.0
 21
6877.5
 31
0.0
  0
LINE
  5
6F6
330
6F2
100
AcDbEntity
  8
0
100
AcDbLine
 10
1080.0
 20
6874.5
 30
0.0
 11
1080.0
 21
6877.5
 31
0.0
  0
INSERT
  5
6F7
330
6F2
100
AcDbEntity
  8
FW_DIM
100
AcDbBlockReference
  2
_OBLIQUE
 10
580.0
 20
6870.0
 30
0.0
 41
18.0
 42
18.0
  0
INSERT
  5
6F9
330
6F2
100
AcDbEntity
  8
FW_DIM
100
AcDbBlockReference
  2
_OBLIQUE
 10
1080.0
 20
6870.0
 30
0.0
 41
18.0
 42
18.0
  0
LINE
  5
6FB
330
6F2
100
AcDbEntity
  8
0
100
AcDbLine
 10
572.5
 20
6870.0
 30
0.0
 11
1087.5
 21
6870.0
 31
0.0
  0
MTEXT
  5
6FC
330
6F2
100
AcDbEntity
  8
FW_DIM
 62
7
100
AcDbMText
 10
830.0
 20
6883.5
 30
0.0
 40
18.0
 71
5
  1
500
  0
POINT
  5
6FD
330
6F2
100
AcDbEntity
  8
Defpoints
100
AcDbPoint
 10
580.0
 20
6870.0
 30
0.0
  0
POINT
  5
6FE
330
6F2
100
AcDbEntity
  8
Defpoints
100
AcDbPoint
 10
580.0
 20
6870.0
 30
0.0
  0
POINT
  5
6FF
330
6F2
100
AcDbEntity
  8
Defpoints
100
AcDbPoint
 10
1080.0
 20
6870.0
 30
0.0
  0
ENDBLK
  5
6F4
330
6F2
100
AcDbEntity
  8
0
100
AcDbBlockEnd
  0
BLOCK
  5
702
330
701
100
AcDbEntity
  8
0
100
AcDbBlockBegin
  2
*D89
 70
1
 10
0.0
 20
0.0
 30
0.0
  3
*D89
  1

  0
LINE
  5
704
330
701
100
AcDbEntity
  8
0
100
AcDbLine
 10
1080.0
 20
6874.5
 30
0.0
 11
1080.0
 21
6877.5
 31
0.0
  0
LINE
  5
705
330
701
100
AcDbEntity
  8
0
100
AcDbLine
 10
1120.0
 20
6874.5
 30
0.0
 11
1120.0
 21
6877.5
 31
0.0
  0
INSERT
  5
706
330
701
100
AcDbEntity
  8
FW_DIM
100
AcDbBlockReference
  2
_OBLIQUE
 10
1080.0
 20
6870.0
 30
0.0
 41
18.0
 42
18.0
  0
INSERT
  5
708
330
701
100
AcDbEntity
  8
FW_DIM
100
AcDbBlockReference
  2
_OBLIQUE
 10
1120.0
 20
6870.0
 30
0.0
 41
18.0
 42
18.0
  0
LINE
  5
70A
330
701
100
AcDbEntity
  8
0
100
AcDbLine
 10
1072.5
 20
6870.0
 30
0.0
 11
1127.5
 21
6870.0
 31
0.0
  0
MTEXT
  5
70B
330
701
100
AcDbEntity
  8
FW_DIM
 62
7
100
AcDbMText
 10
1100.0
 20
6883.5
 30
0.0
 40
18.0
 71
5
  1
40
  0
POINT
  5
70C
330
701
100
AcDbEntity
  8
Defpoints
100
AcDbPoint
 10
1080.0
 20
6870.0
 30
0.0
  0
POINT
  5
70D
330
701
100
AcDbEntity
  8
Defpoints
100
AcDbPoint
 10
1080.0
 20
6870.0
 30
0.0
  0
POINT
  5
70E
330
701
100
AcDbEntity
  8
Defpoints
100
AcDbPoint
 10
1120.0
 20
6870.0
 30
0.0
  0
ENDBLK
  5
703
330
701
100
AcDbEntity
  8
0
100
AcDbBlockEnd
  0
BLOCK
  5
711
330
710
100
AcDbEntity
  8
0
100
AcDbBlockBegin
  2
*D90
 70
1
 10
0.0
 20
0.0
 30
0.0
  3
*D90
  1

  0
LINE
  5
713
330
710
100
AcDbEntity
  8
0
100
AcDbLine
 10
1120.0
 20
6874.5
 30
0.0
 11
1120.0
 21
6877.5
 31
0.0
  0
LINE
  5
714
330
710
100
AcDbEntity
  8
0
100
AcDbLine
 10
1620.0
 20
6874.5
 30
0.0
 11
1620.0
 21
6877.5
 31
0.0
  0
INSERT
  5
715
330
710
100
AcDbEntity
  8
FW_DIM
100
AcDbBlockReference
  2
_OBLIQUE
 10
1120.0
 20
6870.0
 30
0.0
 41
18.0
 42
18.0
  0
INSERT
  5
717
330
710
100
AcDbEntity
  8
FW_DIM
100
AcDbBlockReference
  2
_OBLIQUE
 10
1620.0
 20
6870.0
 30
0.0
 41
18.0
 42
18.0
  0
LINE
  5
719
330
710
100
AcDbEntity
  8
0
100
AcDbLine
 10
1112.5
 20
6870.0
 30
0.0
 11
1627.5
 21
6870.0
 31
0.0
  0
MTEXT
  5
71A
330
710
100
AcDbEntity
  8
FW_DIM
 62
7
100
AcDbMText
 10
1370.0
 20
6883.5
 30
0.0
 40
18.0
 71
5
  1
500
  0
POINT
  5
71B
330
710
100
AcDbEntity
  8
Defpoints
100
AcDbPoint
 10
1120.0
 20
6870.0
 30
0.0
  0
POINT
  5
71C
330
710
100
AcDbEntity
  8
Defpoints
100
AcDbPoint
 10
1120.0
 20
6870.0
 30
0.0
  0
POINT
  5
71D
330
710
100
AcDbEntity
  8
Defpoints
100
AcDbPoint
 10
1620.0
 20
6870.0
 30
0.0
  0
ENDBLK
  5
712
330
710
100
AcDbEntity
  8
0
100
AcDbBlockEnd
  0
BLOCK
  5
720
330
71F
100
AcDbEntity
  8
0
100
AcDbBlockBegin
  2
*D91
 70
1
 10
0.0
 20
0.0
 30
0.0
  3
*D91
  1

  0
LINE
  5
722
330
71F
100
AcDbEntity
  8
0
100
AcDbLine
 10
1620.0
 20
6874.5
 30
0.0
 11
1620.0
 21
6877.5
 31
0.0
  0
LINE
  5
723
330
71F
100
AcDbEntity
  8
0
100
AcDbLine
 10
1660.0
 20
6874.5
 30
0.0
 11
1660.0
 21
6877.5
 31
0.0
  0
INSERT
  5
724
330
71F
100
AcDbEntity
  8
FW_DIM
100
AcDbBlockReference
  2
_OBLIQUE
 10
1620.0
 20
6870.0
 30
0.0
 41
18.0
 42
18.0
  0
INSERT
  5
726
330
71F
100
AcDbEntity
  8
FW_DIM
100
AcDbBlockReference
  2
_OBLIQUE
 10
1660.0
 20
6870.0
 30
0.0
 41
18.0
 42
18.0
  0
LINE
  5
728
330
71F
100
AcDbEntity
  8
0
100
AcDbLine
 10
1612.5
 20
6870.0
 30
0.0
 11
1667.5
 21
6870.0
 31
0.0
  0
MTEXT
  5
729
330
71F
100
AcDbEntity
  8
FW_DIM
 62
7
100
AcDbMText
 10
1640.0
 20
6883.5
 30
0.0
 40
18.0
 71
5
  1
40
  0
POINT
  5
72A
330
71F
100
AcDbEntity
  8
Defpoints
100
AcDbPoint
 10
1620.0
 20
6870.0
 30
0.0
  0
POINT
  5
72B
330
71F
100
AcDbEntity
  8
Defpoints
100
AcDbPoint
 10
1620.0
 20
6870.0
 30
0.0
  0
POINT
  5
72C
330
71F
100
AcDbEntity
  8
Defpoints
100
AcDbPoint
 10
1660.0
 20
6870.0
 30
0.0
  0
ENDBLK
  5
721
330
71F
100
AcDbEntity
  8
0
100
AcDbBlockEnd
  0
BLOCK
  5
72F
330
72E
100
AcDbEntity
  8
0
100
AcDbBlockBegin
  2
*D92
 70
1
 10
0.0
 20
0.0
 30
0.0
  3
*D92
  1

  0
LINE
  5
731
330
72E
100
AcDbEntity
  8
0
100
AcDbLine
 10
1660.0
 20
6874.5
 30
0.0
 11
1660.0
 21
6877.5
 31
0.0
  0
LINE
  5
732
330
72E
100
AcDbEntity
  8
0
100
AcDbLine
 10
2160.0
 20
6874.5
 30
0.0
 11
2160.0
 21
6877.5
 31
0.0
  0
INSERT
  5
733
330
72E
100
AcDbEntity
  8
FW_DIM
100
AcDbBlockReference
  2
_OBLIQUE
 10
1660.0
 20
6870.0
 30
0.0
 41
18.0
 42
18.0
  0
INSERT
  5
735
330
72E
100
AcDbEntity
  8
FW_DIM
100
AcDbBlockReference
  2
_OBLIQUE
 10
2160.0
 20
6870.0
 30
0.0
 41
18.0
 42
18.0
  0
LINE
  5
737
330
72E
100
AcDbEntity
  8
0
100
AcDbLine
 10
1652.5
 20
6870.0
 30
0.0
 11
2167.5
 21
6870.0
 31
0.0
  0
MTEXT
  5
738
330
72E
100
AcDbEntity
  8
FW_DIM
 62
7
100
AcDbMText
 10
1910.0
 20
6883.5
 30
0.0
 40
18.0
 71
5
  1
500
  0
POINT
  5
739
330
72E
100
AcDbEntity
  8
Defpoints
100
AcDbPoint
 10
1660.0
 20
6870.0
 30
0.0
  0
POINT
  5
73A
330
72E
100
AcDbEntity
  8
Defpoints
100
AcDbPoint
 10
1660.0
 20
6870.0
 30
0.0
  0
POINT
  5
73B
330
72E
100
AcDbEntity
  8
Defpoints
100
AcDbPoint
 10
2160.0
 20
6870.0
 30
0.0
  0
ENDBLK
  5
730
330
72E
100
AcDbEntity
  8
0
100
AcDbBlockEnd
  0
BLOCK
  5
73E
330
73D
100
AcDbEntity
  8
0
100
AcDbBlockBegin
  2
*D93
 70
1
 10
0.0
 20
0.0
 30
0.0
  3
*D93
  1

  0
LINE
  5
740
330
73D
100
AcDbEntity
  8
0
100
AcDbLine
 10
2160.0
 20
6874.5
 30
0.0
 11
2160.0
 21
6877.5
 31
0.0
  0
LINE
  5
741
330
73D
100
AcDbEntity
  8
0
100
AcDbLine
 10
2200.0
 20
6874.5
 30
0.0
 11
2200.0
 21
6877.5
 31
0.0
  0
INSERT
  5
742
330
73D
100
AcDbEntity
  8
FW_DIM
100
AcDbBlockReference
  2
_OBLIQUE
 10
2160.0
 20
6870.0
 30
0.0
 41
18.0
 42
18.0
  0
INSERT
  5
744
330
73D
100
AcDbEntity
  8
FW_DIM
100
AcDbBlockReference
  2
_OBLIQUE
 10
2200.0
 20
6870.0
 30
0.0
 41
18.0
 42
18.0
  0
LINE
  5
746
330
73D
100
AcDbEntity
  8
0
100
AcDbLine
 10
2152.5
 20
6870.0
 30
0.0
 11
2207.5
 21
6870.0
 31
0.0
  0
MTEXT
  5
747
330
73D
100
AcDbEntity
  8
FW_DIM
 62
7
100
AcDbMText
 10
2180.0
 20
6883.5
 30
0.0
 40
18.0
 71
5
  1
40
  0
POINT
  5
748
330
73D
100
AcDbEntity
  8
Defpoints
100
AcDbPoint
 10
2160.0
 20
6870.0
 30
0.0
  0
POINT
  5
749
330
73D
100
AcDbEntity
  8
Defpoints
100
AcDbPoint
 10
2160.0
 20
6870.0
 30
0.0
  0
POINT
  5
74A
330
73D
100
AcDbEntity
  8
Defpoints
100
AcDbPoint
 10
2200.0
 20
6870.0
 30
0.0
  0
ENDBLK
  5
73F
330
73D
100
AcDbEntity
  8
0
100
AcDbBlockEnd
  0
BLOCK
  5
74D
330
74C
100
AcDbEntity
  8
0
100
AcDbBlockBegin
  2
*D94
 70
1
 10
0.0
 20
0.0
 30
0.0
  3
*D94
  1

  0
LINE
  5
74F
330
74C
100
AcDbEntity
  8
0
100
AcDbLine
 10
2200.0
 20
6874.5
 30
0.0
 11
2200.0
 21
6877.5
 31
0.0
  0
LINE
  5
750
330
74C
100
AcDbEntity
  8
0
100
AcDbLine
 10
2700.0
 20
6874.5
 30
0.0
 11
2700.0
 21
6877.5
 31
0.0
  0
INSERT
  5
751
330
74C
100
AcDbEntity
  8
FW_DIM
100
AcDbBlockReference
  2
_OBLIQUE
 10
2200.0
 20
6870.0
 30
0.0
 41
18.0
 42
18.0
  0
INSERT
  5
753
330
74C
100
AcDbEntity
  8
FW_DIM
100
AcDbBlockReference
  2
_OBLIQUE
 10
2700.0
 20
6870.0
 30
0.0
 41
18.0
 42
18.0
  0
LINE
  5
755
330
74C
100
AcDbEntity
  8
0
100
AcDbLine
 10
2192.5
 20
6870.0
 30
0.0
 11
2707.5
 21
6870.0
 31
0.0
  0
MTEXT
  5
756
330
74C
100
AcDbEntity
  8
FW_DIM
 62
7
100
AcDbMText
 10
2450.0
 20
6883.5
 30
0.0
 40
18.0
 71
5
  1
500
  0
POINT
  5
757
330
74C
100
AcDbEntity
  8
Defpoints
100
AcDbPoint
 10
2200.0
 20
6870.0
 30
0.0
  0
POINT
  5
758
330
74C
100
AcDbEntity
  8
Defpoints
100
AcDbPoint
 10
2200.0
 20
6870.0
 30
0.0
  0
POINT
  5
759
330
74C
100
AcDbEntity
  8
Defpoints
100
AcDbPoint
 10
2700.0
 20
6870.0
 30
0.0
  0
ENDBLK
  5
74E
330
74C
100
AcDbEntity
  8
0
100
AcDbBlockEnd
  0
BLOCK
  5
75C
330
75B
100
AcDbEntity
  8
0
100
AcDbBlockBegin
  2
*D95
 70
1
 10
0.0
 20
0.0
 30
0.0
  3
*D95
  1

  0
LINE
  5
75E
330
75B
100
AcDbEntity
  8
0
100
AcDbLine
 10
2700.0
 20
6874.5
 30
0.0
 11
2700.0
 21
6877.5
 31
0.0
  0
LINE
  5
75F
330
75B
100
AcDbEntity
  8
0
100
AcDbLine
 10
2740.0
 20
6874.5
 30
0.0
 11
2740.0
 21
6877.5
 31
0.0
  0
INSERT
  5
760
330
75B
100
AcDbEntity
  8
FW_DIM
100
AcDbBlockReference
  2
_OBLIQUE
 10
2700.0
 20
6870.0
 30
0.0
 41
18.0
 42
18.0
  0
INSERT
  5
762
330
75B
100
AcDbEntity
  8
FW_DIM
100
AcDbBlockReference
  2
_OBLIQUE
 10
2740.0
 20
6870.0
 30
0.0
 41
18.0
 42
18.0
  0
LINE
  5
764
330
75B
100
AcDbEntity
  8
0
100
AcDbLine
 10
2692.5
 20
6870.0
 30
0.0
 11
2747.5
 21
6870.0
 31
0.0
  0
MTEXT
  5
765
330
75B
100
AcDbEntity
  8
FW_DIM
 62
7
100
AcDbMText
 10
2720.0
 20
6883.5
 30
0.0
 40
18.0
 71
5
  1
40
  0
POINT
  5
766
330
75B
100
AcDbEntity
  8
Defpoints
100
AcDbPoint
 10
2700.0
 20
6870.0
 30
0.0
  0
POINT
  5
767
330
75B
100
AcDbEntity
  8
Defpoints
100
AcDbPoint
 10
2700.0
 20
6870.0
 30
0.0
  0
POINT
  5
768
330
75B
100
AcDbEntity
  8
Defpoints
100
AcDbPoint
 10
2740.0
 20
6870.0
 30
0.0
  0
ENDBLK
  5
75D
330
75B
100
AcDbEntity
  8
0
100
AcDbBlockEnd
  0
BLOCK
  5
76B
330
76A
100
AcDbEntity
  8
0
100
AcDbBlockBegin
  2
*D96
 70
1
 10
0.0
 20
0.0
 30
0.0
  3
*D96
  1

  0
LINE
  5
76D
330
76A
100
AcDbEntity
  8
0
100
AcDbLine
 10
15.5
 20
4150.0
 30
0.0
 11
12.5
 21
4150.0
 31
0.0
  0
LINE
  5
76E
330
76A
100
AcDbEntity
  8
0
100
AcDbLine
 10
15.5
 20
4190.0
 30
0.0
 11
12.5
 21
4190.0
 31
0.0
  0
INSERT
  5
76F
330
76A
100
AcDbEntity
  8
FW_DIM
100
AcDbBlockReference
  2
_OBLIQUE
 10
20.0
 20
4150.0
 30
0.0
 41
18.0
 42
18.0
 50
90.0
  0
INSERT
  5
771
330
76A
100
AcDbEntity
  8
FW_DIM
100
AcDbBlockReference
  2
_OBLIQUE
 10
20.0
 20
4190.0
 30
0.0
 41
18.0
 42
18.0
 50
90.0
  0
LINE
  5
773
330
76A
100
AcDbEntity
  8
0
100
AcDbLine
 10
20.0
 20
4142.5
 30
0.0
 11
20.0
 21
4197.5
 31
0.0
  0
MTEXT
  5
774
330
76A
100
AcDbEntity
  8
FW_DIM
 62
7
100
AcDbMText
 10
6.5
 20
4170.0
 30
0.0
 40
18.0
 71
5
  1
40
 50
90.0
  0
POINT
  5
775
330
76A
100
AcDbEntity
  8
Defpoints
100
AcDbPoint
 10
20.0
 20
4150.0
 30
0.0
  0
POINT
  5
776
330
76A
100
AcDbEntity
  8
Defpoints
100
AcDbPoint
 10
20.0
 20
4150.0
 30
0.0
  0
POINT
  5
777
330
76A
100
AcDbEntity
  8
Defpoints
100
AcDbPoint
 10
20.0
 20
4190.0
 30
0.0
  0
ENDBLK
  5
76C
330
76A
100
AcDbEntity
  8
0
100
AcDbBlockEnd
  0
BLOCK
  5
77A
330
779
100
AcDbEntity
  8
0
100
AcDbBlockBegin
  2
*D97
 70
1
 10
0.0
 20
0.0
 30
0.0
  3
*D97
  1

  0
LINE
  5
77C
330
779
100
AcDbEntity
  8
0
100
AcDbLine
 10
15.5
 20
4190.0
 30
0.0
 11
12.5
 21
4190.0
 31
0.0
  0
LINE
  5
77D
330
779
100
AcDbEntity
  8
0
100
AcDbLine
 10
15.5
 20
4690.0
 30
0.0
 11
12.5
 21
4690.0
 31
0.0
  0
INSERT
  5
77E
330
779
100
AcDbEntity
  8
FW_DIM
100
AcDbBlockReference
  2
_OBLIQUE
 10
20.0
 20
4190.0
 30
0.0
 41
18.0
 42
18.0
 50
90.0
  0
INSERT
  5
780
330
779
100
AcDbEntity
  8
FW_DIM
100
AcDbBlockReference
  2
_OBLIQUE
 10
20.0
 20
4690.0
 30
0.0
 41
18.0
 42
18.0
 50
90.0
  0
LINE
  5
782
330
779
100
AcDbEntity
  8
0
100
AcDbLine
 10
20.0
 20
4182.5
 30
0.0
 11
20.0
 21
4697.5
 31
0.0
  0
MTEXT
  5
783
330
779
100
AcDbEntity
  8
FW_DIM
 62
7
100
AcDbMText
 10
6.5
 20
4440.0
 30
0.0
 40
18.0
 71
5
  1
500
 50
90.0
  0
POINT
  5
784
330
779
100
AcDbEntity
  8
Defpoints
100
AcDbPoint
 10
20.0
 20
4190.0
 30
0.0
  0
POINT
  5
785
330
779
100
AcDbEntity
  8
Defpoints
100
AcDbPoint
 10
20.0
 20
4190.0
 30
0.0
  0
POINT
  5
786
330
779
100
AcDbEntity
  8
Defpoints
100
AcDbPoint
 10
20.0
 20
4690.0
 30
0.0
  0
ENDBLK
  5
77B
330
779
100
AcDbEntity
  8
0
100
AcDbBlockEnd
  0
BLOCK
  5
789
330
788
100
AcDbEntity
  8
0
100
AcDbBlockBegin
  2
*D98
 70
1
 10
0.0
 20
0.0
 30
0.0
  3
*D98
  1

  0
LINE
  5
78B
330
788
100
AcDbEntity
  8
0
100
AcDbLine
 10
15.5
 20
4690.0
 30
0.0
 11
12.5
 21
4690.0
 31
0.0
  0
LINE
  5
78C
330
788
100
AcDbEntity
  8
0
100
AcDbLine
 10
15.5
 20
4730.0
 30
0.0
 11
12.5
 21
4730.0
 31
0.0
  0
INSERT
  5
78D
330
788
100
AcDbEntity
  8
FW_DIM
100
AcDbBlockReference
  2
_OBLIQUE
 10
20.0
 20
4690.0
 30
0.0
 41
18.0
 42
18.0
 50
90.0
  0
INSERT
  5
78F
330
788
100
AcDbEntity
  8
FW_DIM
100
AcDbBlockReference
  2
_OBLIQUE
 10
20.0
 20
4730.0
 30
0.0
 41
18.0
 42
18.0
 50
90.0
  0
LINE
  5
791
330
788
100
AcDbEntity
  8
0
100
AcDbLine
 10
20.0
 20
4682.5
 30
0.0
 11
20.0
 21
4737.5
 31
0.0
  0
MTEXT
  5
792
330
788
100
AcDbEntity
  8
FW_DIM
 62
7
100
AcDbMText
 10
6.5
 20
4710.0
 30
0.0
 40
18.0
 71
5
  1
40
 50
90.0
  0
POINT
  5
793
330
788
100
AcDbEntity
  8
Defpoints
100
AcDbPoint
 10
20.0
 20
4690.0
 30
0.0
  0
POINT
  5
794
330
788
100
AcDbEntity
  8
Defpoints
100
AcDbPoint
 10
20.0
 20
4690.0
 30
0.0
  0
POINT
  5
795
330
788
100
AcDbEntity
  8
Defpoints
100
AcDbPoint
 10
20.0
 20
4730.0
 30
0.0
  0
ENDBLK
  5
78A
330
788
100
AcDbEntity
  8
0
100
AcDbBlockEnd
  0
BLOCK
  5
798
330
797
100
AcDbEntity
  8
0
100
AcDbBlockBegin
  2
*D99
 70
1
 10
0.0
 20
0.0
 30
0.0
  3
*D99
  1

  0
LINE
  5
79A
330
797
100
AcDbEntity
  8
0
100
AcDbLine
 10
15.5
 20
4730.0
 30
0.0
 11
12.5
 21
4730.0
 31
0.0
  0
LINE
  5
79B
330
797
100
AcDbEntity
  8
0
100
AcDbLine
 10
15.5
 20
5230.0
 30
0.0
 11
12.5
 21
5230.0
 31
0.0
  0
INSERT
  5
79C
330
797
100
AcDbEntity
  8
FW_DIM
100
AcDbBlockReference
  2
_OBLIQUE
 10
20.0
 20
4730.0
 30
0.0
 41
18.0
 42
18.0
 50
90.0
  0
INSERT
  5
79E
330
797
100
AcDbEntity
  8
FW_DIM
100
AcDbBlockReference
  2
_OBLIQUE
 10
20.0
 20
5230.0
 30
0.0
 41
18.0
 42
18.0
 50
90.0
  0
LINE
  5
7A0
330
797
100
AcDbEntity
  8
0
100
AcDbLine
 10
20.0
 20
4722.5
 30
0.0
 11
20.0
 21
5237.5
 31
0.0
  0
MTEXT
  5
7A1
330
797
100
AcDbEntity
  8
FW_DIM
 62
7
100
AcDbMText
 10
6.5
 20
4980.0
 30
0.0
 40
18.0
 71
5
  1
500
 50
90.0
  0
POINT
  5
7A2
330
797
100
AcDbEntity
  8
Defpoints
100
AcDbPoint
 10
20.0
 20
4730.0
 30
0.0
  0
POINT
  5
7A3
330
797
100
AcDbEntity
  8
Defpoints
100
AcDbPoint
 10
20.0
 20
4730.0
 30
0.0
  0
POINT
  5
7A4
330
797
100
AcDbEntity
  8
Defpoints
100
AcDbPoint
 10
20.0
 20
5230.0
 30
0.0
  0
ENDBLK
  5
799
330
797
100
AcDbEntity
  8
0
100
AcDbBlockEnd
  0
BLOCK
  5
7A7
330
7A6
100
AcDbEntity
  8
0
100
AcDbBlockBegin
  2
*D100
 70
1
 10
0.0
 20
0.0
 30
0.0
  3
*D100
  1

  0
LINE
  5
7A9
330
7A6
100
AcDbEntity
  8
0
100
AcDbLine
 10
15.5
 20
5230.0
 30
0.0
 11
12.5
 21
5230.0
 31
0.0
  0
LINE
  5
7AA
330
7A6
100
AcDbEntity
  8
0
100
AcDbLine
 10
15.5
 20
5810.0
 30
0.0
 11
12.5
 21
5810.0
 31
0.0
  0
INSERT
  5
7AB
330
7A6
100
AcDbEntity
  8
FW_DIM
100
AcDbBlockReference
  2
_OBLIQUE
 10
20.0
 20
5230.0
 30
0.0
 41
18.0
 42
18.0
 50
90.0
  0
INSERT
  5
7AD
330
7A6
100
AcDbEntity
  8
FW_DIM
100
AcDbBlockReference
  2
_OBLIQUE
 10
20.0
 20
5810.0
 30
0.0
 41
18.0
 42
18.0
 50
90.0
  0
LINE
  5
7AF
330
7A6
100
AcDbEntity
  8
0
100
AcDbLine
 10
20.0
 20
5222.5
 30
0.0
 11
20.0
 21
5817.5
 31
0.0
  0
MTEXT
  5
7B0
330
7A6
100
AcDbEntity
  8
FW_DIM
 62
7
100
AcDbMText
 10
6.5
 20
5520.0
 30
0.0
 40
18.0
 71
5
  1
580
 50
90.0
  0
POINT
  5
7B1
330
7A6
100
AcDbEntity
  8
Defpoints
100
AcDbPoint
 10
20.0
 20
5230.0
 30
0.0
  0
POINT
  5
7B2
330
7A6
100
AcDbEntity
  8
Defpoints
100
AcDbPoint
 10
20.0
 20
5230.0
 30
0.0
  0
POINT
  5
7B3
330
7A6
100
AcDbEntity
  8
Defpoints
100
AcDbPoint
 10
20.0
 20
5810.0
 30
0.0
  0
ENDBLK
  5
7A8
330
7A6
100
AcDbEntity
  8
0
100
AcDbBlockEnd
  0
BLOCK
  5
7B6
330
7B5
100
AcDbEntity
  8
0
100
AcDbBlockBegin
  2
*D101
 70
1
 10
0.0
 20
0.0
 30
0.0
  3
*D101
  1

  0
LINE
  5
7B8
330
7B5
100
AcDbEntity
  8
0
100
AcDbLine
 10
15.5
 20
5810.0
 30
0.0
 11
12.5
 21
5810.0
 31
0.0
  0
LINE
  5
7B9
330
7B5
100
AcDbEntity
  8
0
100
AcDbLine
 10
15.5
 20
6310.0
 30
0.0
 11
12.5
 21
6310.0
 31
0.0
  0
INSERT
  5
7BA
330
7B5
100
AcDbEntity
  8
FW_DIM
100
AcDbBlockReference
  2
_OBLIQUE
 10
20.0
 20
5810.0
 30
0.0
 41
18.0
 42
18.0
 50
90.0
  0
INSERT
  5
7BC
330
7B5
100
AcDbEntity
  8
FW_DIM
100
AcDbBlockReference
  2
_OBLIQUE
 10
20.0
 20
6310.0
 30
0.0
 41
18.0
 42
18.0
 50
90.0
  0
LINE
  5
7BE
330
7B5
100
AcDbEntity
  8
0
100
AcDbLine
 10
20.0
 20
5802.5
 30
0.0
 11
20.0
 21
6317.5
 31
0.0
  0
MTEXT
  5
7BF
330
7B5
100
AcDbEntity
  8
FW_DIM
 62
7
100
AcDbMText
 10
6.5
 20
6060.0
 30
0.0
 40
18.0
 71
5
  1
500
 50
90.0
  0
POINT
  5
7C0
330
7B5
100
AcDbEntity
  8
Defpoints
100
AcDbPoint
 10
20.0
 20
5810.0
 30
0.0
  0
POINT
  5
7C1
330
7B5
100
AcDbEntity
  8
Defpoints
100
AcDbPoint
 10
20.0
 20
5810.0
 30
0.0
  0
POINT
  5
7C2
330
7B5
100
AcDbEntity
  8
Defpoints
100
AcDbPoint
 10
20.0
 20
6310.0
 30
0.0
  0
ENDBLK
  5
7B7
330
7B5
100
AcDbEntity
  8
0
100
AcDbBlockEnd
  0
BLOCK
  5
7C5
330
7C4
100
AcDbEntity
  8
0
100
AcDbBlockBegin
  2
*D102
 70
1
 10
0.0
 20
0.0
 30
0.0
  3
*D102
  1

  0
LINE
  5
7C7
330
7C4
100
AcDbEntity
  8
0
100
AcDbLine
 10
15.5
 20
6310.0
 30
0.0
 11
12.5
 21
6310.0
 31
0.0
  0
LINE
  5
7C8
330
7C4
100
AcDbEntity
  8
0
100
AcDbLine
 10
15.5
 20
6350.0
 30
0.0
 11
12.5
 21
6350.0
 31
0.0
  0
INSERT
  5
7C9
330
7C4
100
AcDbEntity
  8
FW_DIM
100
AcDbBlockReference
  2
_OBLIQUE
 10
20.0
 20
6310.0
 30
0.0
 41
18.0
 42
18.0
 50
90.0
  0
INSERT
  5
7CB
330
7C4
100
AcDbEntity
  8
FW_DIM
100
AcDbBlockReference
  2
_OBLIQUE
 10
20.0
 20
6350.0
 30
0.0
 41
18.0
 42
18.0
 50
90.0
  0
LINE
  5
7CD
330
7C4
100
AcDbEntity
  8
0
100
AcDbLine
 10
20.0
 20
6302.5
 30
0.0
 11
20.0
 21
6357.5
 31
0.0
  0
MTEXT
  5
7CE
330
7C4
100
AcDbEntity
  8
FW_DIM
 62
7
100
AcDbMText
 10
6.5
 20
6330.0
 30
0.0
 40
18.0
 71
5
  1
40
 50
90.0
  0
POINT
  5
7CF
330
7C4
100
AcDbEntity
  8
Defpoints
100
AcDbPoint
 10
20.0
 20
6310.0
 30
0.0
  0
POINT
  5
7D0
330
7C4
100
AcDbEntity
  8
Defpoints
100
AcDbPoint
 10
20.0
 20
6310.0
 30
0.0
  0
POINT
  5
7D1
330
7C4
100
AcDbEntity
  8
Defpoints
100
AcDbPoint
 10
20.0
 20
6350.0
 30
0.0
  0
ENDBLK
  5
7C6
330
7C4
100
AcDbEntity
  8
0
100
AcDbBlockEnd
  0
BLOCK
  5
7D4
330
7D3
100
AcDbEntity
  8
0
100
AcDbBlockBegin
  2
*D103
 70
1
 10
0.0
 20
0.0
 30
0.0
  3
*D103
  1

  0
LINE
  5
7D6
330
7D3
100
AcDbEntity
  8
0
100
AcDbLine
 10
15.5
 20
6350.0
 30
0.0
 11
12.5
 21
6350.0
 31
0.0
  0
LINE
  5
7D7
330
7D3
100
AcDbEntity
  8
0
100
AcDbLine
 10
15.5
 20
6850.0
 30
0.0
 11
12.5
 21
6850.0
 31
0.0
  0
INSERT
  5
7D8
330
7D3
100
AcDbEntity
  8
FW_DIM
100
AcDbBlockReference
  2
_OBLIQUE
 10
20.0
 20
6350.0
 30
0.0
 41
18.0
 42
18.0
 50
90.0
  0
INSERT
  5
7DA
330
7D3
100
AcDbEntity
  8
FW_DIM
100
AcDbBlockReference
  2
_OBLIQUE
 10
20.0
 20
6850.0
 30
0.0
 41
18.0
 42
18.0
 50
90.0
  0
LINE
  5
7DC
330
7D3
100
AcDbEntity
  8
0
100
AcDbLine
 10
20.0
 20
6342.5
 30
0.0
 11
20.0
 21
6857.5
 31
0.0
  0
MTEXT
  5
7DD
330
7D3
100
AcDbEntity
  8
FW_DIM
 62
7
100
AcDbMText
 10
6.5
 20
6600.0
 30
0.0
 40
18.0
 71
5
  1
500
 50
90.0
  0
POINT
  5
7DE
330
7D3
100
AcDbEntity
  8
Defpoints
100
AcDbPoint
 10
20.0
 20
6350.0
 30
0.0
  0
POINT
  5
7DF
330
7D3
100
AcDbEntity
  8
Defpoints
100
AcDbPoint
 10
20.0
 20
6350.0
 30
0.0
  0
POINT
  5
7E0
330
7D3
100
AcDbEntity
  8
Defpoints
100
AcDbPoint
 10
20.0
 20
6850.0
 30
0.0
  0
ENDBLK
  5
7D5
330
7D3
100
AcDbEntity
  8
0
100
AcDbBlockEnd
  0
BLOCK
  5
7E3
330
7E2
100
AcDbEntity
  8
0
100
AcDbBlockBegin
  2
*D104
 70
1
 10
0.0
 20
0.0
 30
0.0
  3
*D104
  1

  0
LINE
  5
7E5
330
7E2
100
AcDbEntity
  8
0
100
AcDbLine
 10
15.5
 20
6850.0
 30
0.0
 11
12.5
 21
6850.0
 31
0.0
  0
LINE
  5
7E6
330
7E2
100
AcDbEntity
  8
0
100
AcDbLine
 10
15.5
 20
6890.0
 30
0.0
 11
12.5
 21
6890.0
 31
0.0
  0
INSERT
  5
7E7
330
7E2
100
AcDbEntity
  8
FW_DIM
100
AcDbBlockReference
  2
_OBLIQUE
 10
20.0
 20
6850.0
 30
0.0
 41
18.0
 42
18.0
 50
90.0
  0
INSERT
  5
7E9
330
7E2
100
AcDbEntity
  8
FW_DIM
100
AcDbBlockReference
  2
_OBLIQUE
 10
20.0
 20
6890.0
 30
0.0
 41
18.0
 42
18.0
 50
90.0
  0
LINE
  5
7EB
330
7E2
100
AcDbEntity
  8
0
100
AcDbLine
 10
20.0
 20
6842.5
 30
0.0
 11
20.0
 21
6897.5
 31
0.0
  0
MTEXT
  5
7EC
330
7E2
100
AcDbEntity
  8
FW_DIM
 62
7
100
AcDbMText
 10
6.5
 20
6870.0
 30
0.0
 40
18.0
 71
5
  1
40
 50
90.0
  0
POINT
  5
7ED
330
7E2
100
AcDbEntity
  8
Defpoints
100
AcDbPoint
 10
20.0
 20
6850.0
 30
0.0
  0
POINT
  5
7EE
330
7E2
100
AcDbEntity
  8
Defpoints
100
AcDbPoint
 10
20.0
 20
6850.0
 30
0.0
  0
POINT
  5
7EF
330
7E2
100
AcDbEntity
  8
Defpoints
100
AcDbPoint
 10
20.0
 20
6890.0
 30
0.0
  0
ENDBLK
  5
7E4
330
7E2
100
AcDbEntity
  8
0
100
AcDbBlockEnd
  0
BLOCK
  5
7F2
330
7F1
100
AcDbEntity
  8
0
100
AcDbBlockBegin
  2
*D105
 70
1
 10
0.0
 20
0.0
 30
0.0
  3
*D105
  1

  0
LINE
  5
7F4
330
7F1
100
AcDbEntity
  8
0
100
AcDbLine
 10
555.5
 20
4150.0
 30
0.0
 11
552.5
 21
4150.0
 31
0.0
  0
LINE
  5
7F5
330
7F1
100
AcDbEntity
  8
0
100
AcDbLine
 10
555.5
 20
4190.0
 30
0.0
 11
552.5
 21
4190.0
 31
0.0
  0
INSERT
  5
7F6
330
7F1
100
AcDbEntity
  8
FW_DIM
100
AcDbBlockReference
  2
_OBLIQUE
 10
560.0
 20
4150.0
 30
0.0
 41
18.0
 42
18.0
 50
90.0
  0
INSERT
  5
7F8
330
7F1
100
AcDbEntity
  8
FW_DIM
100
AcDbBlockReference
  2
_OBLIQUE
 10
560.0
 20
4190.0
 30
0.0
 41
18.0
 42
18.0
 50
90.0
  0
LINE
  5
7FA
330
7F1
100
AcDbEntity
  8
0
100
AcDbLine
 10
560.0
 20
4142.5
 30
0.0
 11
560.0
 21
4197.5
 31
0.0
  0
MTEXT
  5
7FB
330
7F1
100
AcDbEntity
  8
FW_DIM
 62
7
100
AcDbMText
 10
546.5
 20
4170.0
 30
0.0
 40
18.0
 71
5
  1
40
 50
90.0
  0
POINT
  5
7FC
330
7F1
100
AcDbEntity
  8
Defpoints
100
AcDbPoint
 10
560.0
 20
4150.0
 30
0.0
  0
POINT
  5
7FD
330
7F1
100
AcDbEntity
  8
Defpoints
100
AcDbPoint
 10
560.0
 20
4150.0
 30
0.0
  0
POINT
  5
7FE
330
7F1
100
AcDbEntity
  8
Defpoints
100
AcDbPoint
 10
560.0
 20
4190.0
 30
0.0
  0
ENDBLK
  5
7F3
330
7F1
100
AcDbEntity
  8
0
100
AcDbBlockEnd
  0
BLOCK
  5
801
330
800
100
AcDbEntity
  8
0
100
AcDbBlockBegin
  2
*D106
 70
1
 10
0.0
 20
0.0
 30
0.0
  3
*D106
  1

  0
LINE
  5
803
330
800
100
AcDbEntity
  8
0
100
AcDbLine
 10
555.5
 20
4190.0
 30
0.0
 11
552.5
 21
4190.0
 31
0.0
  0
LINE
  5
804
330
800
100
AcDbEntity
  8
0
100
AcDbLine
 10
555.5
 20
4690.0
 30
0.0
 11
552.5
 21
4690.0
 31
0.0
  0
INSERT
  5
805
330
800
100
AcDbEntity
  8
FW_DIM
100
AcDbBlockReference
  2
_OBLIQUE
 10
560.0
 20
4190.0
 30
0.0
 41
18.0
 42
18.0
 50
90.0
  0
INSERT
  5
807
330
800
100
AcDbEntity
  8
FW_DIM
100
AcDbBlockReference
  2
_OBLIQUE
 10
560.0
 20
4690.0
 30
0.0
 41
18.0
 42
18.0
 50
90.0
  0
LINE
  5
809
330
800
100
AcDbEntity
  8
0
100
AcDbLine
 10
560.0
 20
4182.5
 30
0.0
 11
560.0
 21
4697.5
 31
0.0
  0
MTEXT
  5
80A
330
800
100
AcDbEntity
  8
FW_DIM
 62
7
100
AcDbMText
 10
546.5
 20
4478.25
 30
0.0
 40
18.0
 71
5
  1
500
 50
90.0
  0
POINT
  5
80B
330
800
100
AcDbEntity
  8
Defpoints
100
AcDbPoint
 10
560.0
 20
4190.0
 30
0.0
  0
POINT
  5
80C
330
800
100
AcDbEntity
  8
Defpoints
100
AcDbPoint
 10
560.0
 20
4190.0
 30
0.0
  0
POINT
  5
80D
330
800
100
AcDbEntity
  8
Defpoints
100
AcDbPoint
 10
560.0
 20
4690.0
 30
0.0
  0
ENDBLK
  5
802
330
800
100
AcDbEntity
  8
0
100
AcDbBlockEnd
  0
BLOCK
  5
810
330
80F
100
AcDbEntity
  8
0
100
AcDbBlockBegin
  2
*D107
 70
1
 10
0.0
 20
0.0
 30
0.0
  3
*D107
  1

  0
LINE
  5
812
330
80F
100
AcDbEntity
  8
0
100
AcDbLine
 10
555.5
 20
4690.0
 30
0.0
 11
552.5
 21
4690.0
 31
0.0
  0
LINE
  5
813
330
80F
100
AcDbEntity
  8
0
100
AcDbLine
 10
555.5
 20
4730.0
 30
0.0
 11
552.5
 21
4730.0
 31
0.0
  0
INSERT
  5
814
330
80F
100
AcDbEntity
  8
FW_DIM
100
AcDbBlockReference
  2
_OBLIQUE
 10
560.0
 20
4690.0
 30
0.0
 41
18.0
 42
18.0
 50
90.0
  0
INSERT
  5
816
330
80F
100
AcDbEntity
  8
FW_DIM
100
AcDbBlockReference
  2
_OBLIQUE
 10
560.0
 20
4730.0
 30
0.0
 41
18.0
 42
18.0
 50
90.0
  0
LINE
  5
818
330
80F
100
AcDbEntity
  8
0
100
AcDbLine
 10
560.0
 20
4682.5
 30
0.0
 11
560.0
 21
4737.5
 31
0.0
  0
MTEXT
  5
819
330
80F
100
AcDbEntity
  8
FW_DIM
 62
7
100
AcDbMText
 10
546.5
 20
4710.0
 30
0.0
 40
18.0
 71
5
  1
40
 50
90.0
  0
POINT
  5
81A
330
80F
100
AcDbEntity
  8
Defpoints
100
AcDbPoint
 10
560.0
 20
4690.0
 30
0.0
  0
POINT
  5
81B
330
80F
100
AcDbEntity
  8
Defpoints
100
AcDbPoint
 10
560.0
 20
4690.0
 30
0.0
  0
POINT
  5
81C
330
80F
100
AcDbEntity
  8
Defpoints
100
AcDbPoint
 10
560.0
 20
4730.0
 30
0.0
  0
ENDBLK
  5
811
330
80F
100
AcDbEntity
  8
0
100
AcDbBlockEnd
  0
BLOCK
  5
81F
330
81E
100
AcDbEntity
  8
0
100
AcDbBlockBegin
  2
*D108
 70
1
 10
0.0
 20
0.0
 30
0.0
  3
*D108
  1

  0
LINE
  5
821
330
81E
100
AcDbEntity
  8
0
100
AcDbLine
 10
555.5
 20
4730.0
 30
0.0
 11
552.5
 21
4730.0
 31
0.0
  0
LINE
  5
822
330
81E
100
AcDbEntity
  8
0
100
AcDbLine
 10
555.5
 20
5230.0
 30
0.0
 11
552.5
 21
5230.0
 31
0.0
  0
INSERT
  5
823
330
81E
100
AcDbEntity
  8
FW_DIM
100
AcDbBlockReference
  2
_OBLIQUE
 10
560.0
 20
4730.0
 30
0.0
 41
18.0
 42
18.0
 50
90.0
  0
INSERT
  5
825
330
81E
100
AcDbEntity
  8
FW_DIM
100
AcDbBlockReference
  2
_OBLIQUE
 10
560.0
 20
5230.0
 30
0.0
 41
18.0
 42
18.0
 50
90.0
  0
LINE
  5
827
330
81E
100
AcDbEntity
  8
0
100
AcDbLine
 10
560.0
 20
4722.5
 30
0.0
 11
560.0
 21
5237.5
 31
0.0
  0
MTEXT
  5
828
330
81E
100
AcDbEntity
  8
FW_DIM
 62
7
100
AcDbMText
 10
546.5
 20
5018.25
 30
0.0
 40
18.0
 71
5
  1
500
 50
90.0
  0
POINT
  5
829
330
81E
100
AcDbEntity
  8
Defpoints
100
AcDbPoint
 10
560.0
 20
4730.0
 30
0.0
  0
POINT
  5
82A
330
81E
100
AcDbEntity
  8
Defpoints
100
AcDbPoint
 10
560.0
 20
4730.0
 30
0.0
  0
POINT
  5
82B
330
81E
100
AcDbEntity
  8
Defpoints
100
AcDbPoint
 10
560.0
 20
5230.0
 30
0.0
  0
ENDBLK
  5
820
330
81E
100
AcDbEntity
  8
0
100
AcDbBlockEnd
  0
BLOCK
  5
82E
330
82D
100
AcDbEntity
  8
0
100
AcDbBlockBegin
  2
*D109
 70
1
 10
0.0
 20
0.0
 30
0.0
  3
*D109
  1

  0
LINE
  5
830
330
82D
100
AcDbEntity
  8
0
100
AcDbLine
 10
555.5
 20
5230.0
 30
0.0
 11
552.5
 21
5230.0
 31
0.0
  0
LINE
  5
831
330
82D
100
AcDbEntity
  8
0
100
AcDbLine
 10
555.5
 20
5270.0
 30
0.0
 11
552.5
 21
5270.0
 31
0.0
  0
INSERT
  5
832
330
82D
100
AcDbEntity
  8
FW_DIM
100
AcDbBlockReference
  2
_OBLIQUE
 10
560.0
 20
5230.0
 30
0.0
 41
18.0
 42
18.0
 50
90.0
  0
INSERT
  5
834
330
82D
100
AcDbEntity
  8
FW_DIM
100
AcDbBlockReference
  2
_OBLIQUE
 10
560.0
 20
5270.0
 30
0.0
 41
18.0
 42
18.0
 50
90.0
  0
LINE
  5
836
330
82D
100
AcDbEntity
  8
0
100
AcDbLine
 10
560.0
 20
5222.5
 30
0.0
 11
560.0
 21
5277.5
 31
0.0
  0
MTEXT
  5
837
330
82D
100
AcDbEntity
  8
FW_DIM
 62
7
100
AcDbMText
 10
546.5
 20
5250.0
 30
0.0
 40
18.0
 71
5
  1
40
 50
90.0
  0
POINT
  5
838
330
82D
100
AcDbEntity
  8
Defpoints
100
AcDbPoint
 10
560.0
 20
5230.0
 30
0.0
  0
POINT
  5
839
330
82D
100
AcDbEntity
  8
Defpoints
100
AcDbPoint
 10
560.0
 20
5230.0
 30
0.0
  0
POINT
  5
83A
330
82D
100
AcDbEntity
  8
Defpoints
100
AcDbPoint
 10
560.0
 20
5270.0
 30
0.0
  0
ENDBLK
  5
82F
330
82D
100
AcDbEntity
  8
0
100
AcDbBlockEnd
  0
BLOCK
  5
83D
330
83C
100
AcDbEntity
  8
0
100
AcDbBlockBegin
  2
*D110
 70
1
 10
0.0
 20
0.0
 30
0.0
  3
*D110
  1

  0
LINE
  5
83F
330
83C
100
AcDbEntity
  8
0
100
AcDbLine
 10
555.5
 20
5270.0
 30
0.0
 11
552.5
 21
5270.0
 31
0.0
  0
LINE
  5
840
330
83C
100
AcDbEntity
  8
0
100
AcDbLine
 10
555.5
 20
5767.5
 30
0.0
 11
552.5
 21
5767.5
 31
0.0
  0
INSERT
  5
841
330
83C
100
AcDbEntity
  8
FW_DIM
100
AcDbBlockReference
  2
_OBLIQUE
 10
560.0
 20
5270.0
 30
0.0
 41
18.0
 42
18.0
 50
90.0
  0
INSERT
  5
843
330
83C
100
AcDbEntity
  8
FW_DIM
100
AcDbBlockReference
  2
_OBLIQUE
 10
560.0
 20
5767.5
 30
0.0
 41
18.0
 42
18.0
 50
90.0
  0
LINE
  5
845
330
83C
100
AcDbEntity
  8
0
100
AcDbLine
 10
560.0
 20
5262.5
 30
0.0
 11
560.0
 21
5775.0
 31
0.0
  0
MTEXT
  5
846
330
83C
100
AcDbEntity
  8
FW_DIM
 62
7
100
AcDbMText
 10
546.5
 20
5558.25
 30
0.0
 40
18.0
 71
5
  1
498
 50
90.0
  0
POINT
  5
847
330
83C
100
AcDbEntity
  8
Defpoints
100
AcDbPoint
 10
560.0
 20
5270.0
 30
0.0
  0
POINT
  5
848
330
83C
100
AcDbEntity
  8
Defpoints
100
AcDbPoint
 10
560.0
 20
5270.0
 30
0.0
  0
POINT
  5
849
330
83C
100
AcDbEntity
  8
Defpoints
100
AcDbPoint
 10
560.0
 20
5767.5
 30
0.0
  0
ENDBLK
  5
83E
330
83C
100
AcDbEntity
  8
0
100
AcDbBlockEnd
  0
BLOCK
  5
84C
330
84B
100
AcDbEntity
  8
0
100
AcDbBlockBegin
  2
*D111
 70
1
 10
0.0
 20
0.0
 30
0.0
  3
*D111
  1

  0
LINE
  5
84E
330
84B
100
AcDbEntity
  8
0
100
AcDbLine
 10
555.5
 20
5767.5
 30
0.0
 11
552.5
 21
5767.5
 31
0.0
  0
LINE
  5
84F
330
84B
100
AcDbEntity
  8
0
100
AcDbLine
 10
555.5
 20
5812.5
 30
0.0
 11
552.5
 21
5812.5
 31
0.0
  0
INSERT
  5
850
330
84B
100
AcDbEntity
  8
FW_DIM
100
AcDbBlockReference
  2
_OBLIQUE
 10
560.0
 20
5767.5
 30
0.0
 41
18.0
 42
18.0
 50
90.0
  0
INSERT
  5
852
330
84B
100
AcDbEntity
  8
FW_DIM
100
AcDbBlockReference
  2
_OBLIQUE
 10
560.0
 20
5812.5
 30
0.0
 41
18.0
 42
18.0
 50
90.0
  0
LINE
  5
854
330
84B
100
AcDbEntity
  8
0
100
AcDbLine
 10
560.0
 20
5760.0
 30
0.0
 11
560.0
 21
5820.0
 31
0.0
  0
MTEXT
  5
855
330
84B
100
AcDbEntity
  8
FW_DIM
 62
7
100
AcDbMText
 10
546.5
 20
5790.0
 30
0.0
 40
18.0
 71
5
  1
45
 50
90.0
  0
POINT
  5
856
330
84B
100
AcDbEntity
  8
Defpoints
100
AcDbPoint
 10
560.0
 20
5767.5
 30
0.0
  0
POINT
  5
857
330
84B
100
AcDbEntity
  8
Defpoints
100
AcDbPoint
 10
560.0
 20
5767.5
 30
0.0
  0
POINT
  5
858
330
84B
100
AcDbEntity
  8
Defpoints
100
AcDbPoint
 10
560.0
 20
5812.5
 30
0.0
  0
ENDBLK
  5
84D
330
84B
100
AcDbEntity
  8
0
100
AcDbBlockEnd
  0
BLOCK
  5
85B
330
85A
100
AcDbEntity
  8
0
100
AcDbBlockBegin
  2
*D112
 70
1
 10
0.0
 20
0.0
 30
0.0
  3
*D112
  1

  0
LINE
  5
85D
330
85A
100
AcDbEntity
  8
0
100
AcDbLine
 10
555.5
 20
5812.5
 30
0.0
 11
552.5
 21
5812.5
 31
0.0
  0
LINE
  5
85E
330
85A
100
AcDbEntity
  8
0
100
AcDbLine
 10
555.5
 20
6310.0
 30
0.0
 11
552.5
 21
6310.0
 31
0.0
  0
INSERT
  5
85F
330
85A
100
AcDbEntity
  8
FW_DIM
100
AcDbBlockReference
  2
_OBLIQUE
 10
560.0
 20
5812.5
 30
0.0
 41
18.0
 42
18.0
 50
90.0
  0
INSERT
  5
861
330
85A
100
AcDbEntity
  8
FW_DIM
100
AcDbBlockReference
  2
_OBLIQUE
 10
560.0
 20
6310.0
 30
0.0
 41
18.0
 42
18.0
 50
90.0
  0
LINE
  5
863
330
85A
100
AcDbEntity
  8
0
100
AcDbLine
 10
560.0
 20
5805.0
 30
0.0
 11
560.0
 21
6317.5
 31
0.0
  0
MTEXT
  5
864
330
85A
100
AcDbEntity
  8
FW_DIM
 62
7
100
AcDbMText
 10
546.5
 20
6098.25
 30
0.0
 40
18.0
 71
5
  1
498
 50
90.0
  0
POINT
  5
865
330
85A
100
AcDbEntity
  8
Defpoints
100
AcDbPoint
 10
560.0
 20
5812.5
 30
0.0
  0
POINT
  5
866
330
85A
100
AcDbEntity
  8
Defpoints
100
AcDbPoint
 10
560.0
 20
5812.5
 30
0.0
  0
POINT
  5
867
330
85A
100
AcDbEntity
  8
Defpoints
100
AcDbPoint
 10
560.0
 20
6310.0
 30
0.0
  0
ENDBLK
  5
85C
330
85A
100
AcDbEntity
  8
0
100
AcDbBlockEnd
  0
BLOCK
  5
86A
330
869
100
AcDbEntity
  8
0
100
AcDbBlockBegin
  2
*D113
 70
1
 10
0.0
 20
0.0
 30
0.0
  3
*D113
  1

  0
LINE
  5
86C
330
869
100
AcDbEntity
  8
0
100
AcDbLine
 10
555.5
 20
6310.0
 30
0.0
 11
552.5
 21
6310.0
 31
0.0
  0
LINE
  5
86D
330
869
100
AcDbEntity
  8
0
100
AcDbLine
 10
555.5
 20
6350.0
 30
0.0
 11
552.5
 21
6350.0
 31
0.0
  0
INSERT
  5
86E
330
869
100
AcDbEntity
  8
FW_DIM
100
AcDbBlockReference
  2
_OBLIQUE
 10
560.0
 20
6310.0
 30
0.0
 41
18.0
 42
18.0
 50
90.0
  0
INSERT
  5
870
330
869
100
AcDbEntity
  8
FW_DIM
100
AcDbBlockReference
  2
_OBLIQUE
 10
560.0
 20
6350.0
 30
0.0
 41
18.0
 42
18.0
 50
90.0
  0
LINE
  5
872
330
869
100
AcDbEntity
  8
0
100
AcDbLine
 10
560.0
 20
6302.5
 30
0.0
 11
560.0
 21
6357.5
 31
0.0
  0
MTEXT
  5
873
330
869
100
AcDbEntity
  8
FW_DIM
 62
7
100
AcDbMText
 10
546.5
 20
6330.0
 30
0.0
 40
18.0
 71
5
  1
40
 50
90.0
  0
POINT
  5
874
330
869
100
AcDbEntity
  8
Defpoints
100
AcDbPoint
 10
560.0
 20
6310.0
 30
0.0
  0
POINT
  5
875
330
869
100
AcDbEntity
  8
Defpoints
100
AcDbPoint
 10
560.0
 20
6310.0
 30
0.0
  0
POINT
  5
876
330
869
100
AcDbEntity
  8
Defpoints
100
AcDbPoint
 10
560.0
 20
6350.0
 30
0.0
  0
ENDBLK
  5
86B
330
869
100
AcDbEntity
  8
0
100
AcDbBlockEnd
  0
BLOCK
  5
879
330
878
100
AcDbEntity
  8
0
100
AcDbBlockBegin
  2
*D114
 70
1
 10
0.0
 20
0.0
 30
0.0
  3
*D114
  1

  0
LINE
  5
87B
330
878
100
AcDbEntity
  8
0
100
AcDbLine
 10
555.5
 20
6350.0
 30
0.0
 11
552.5
 21
6350.0
 31
0.0
  0
LINE
  5
87C
330
878
100
AcDbEntity
  8
0
100
AcDbLine
 10
555.5
 20
6850.0
 30
0.0
 11
552.5
 21
6850.0
 31
0.0
  0
INSERT
  5
87D
330
878
100
AcDbEntity
  8
FW_DIM
100
AcDbBlockReference
  2
_OBLIQUE
 10
560.0
 20
6350.0
 30
0.0
 41
18.0
 42
18.0
 50
90.0
  0
INSERT
  5
87F
330
878
100
AcDbEntity
  8
FW_DIM
100
AcDbBlockReference
  2
_OBLIQUE
 10
560.0
 20
6850.0
 30
0.0
 41
18.0
 42
18.0
 50
90.0
  0
LINE
  5
881
330
878
100
AcDbEntity
  8
0
100
AcDbLine
 10
560.0
 20
6342.5
 30
0.0
 11
560.0
 21
6857.5
 31
0.0
  0
MTEXT
  5
882
330
878
100
AcDbEntity
  8
FW_DIM
 62
7
100
AcDbMText
 10
546.5
 20
6638.25
 30
0.0
 40
18.0
 71
5
  1
500
 50
90.0
  0
POINT
  5
883
330
878
100
AcDbEntity
  8
Defpoints
100
AcDbPoint
 10
560.0
 20
6350.0
 30
0.0
  0
POINT
  5
884
330
878
100
AcDbEntity
  8
Defpoints
100
AcDbPoint
 10
560.0
 20
6350.0
 30
0.0
  0
POINT
  5
885
330
878
100
AcDbEntity
  8
Defpoints
100
AcDbPoint
 10
560.0
 20
6850.0
 30
0.0
  0
ENDBLK
  5
87A
330
878
100
AcDbEntity
  8
0
100
AcDbBlockEnd
  0
BLOCK
  5
888
330
887
100
AcDbEntity
  8
0
100
AcDbBlockBegin
  2
*D115
 70
1
 10
0.0
 20
0.0
 30
0.0
  3
*D115
  1

  0
LINE
  5
88A
330
887
100
AcDbEntity
  8
0
100
AcDbLine
 10
555.5
 20
6850.0
 30
0.0
 11
552.5
 21
6850.0
 31
0.0
  0
LINE
  5
88B
330
887
100
AcDbEntity
  8
0
100
AcDbLine
 10
555.5
 20
6890.0
 30
0.0
 11
552.5
 21
6890.0
 31
0.0
  0
INSERT
  5
88C
330
887
100
AcDbEntity
  8
FW_DIM
100
AcDbBlockReference
  2
_OBLIQUE
 10
560.0
 20
6850.0
 30
0.0
 41
18.0
 42
18.0
 50
90.0
  0
INSERT
  5
88E
330
887
100
AcDbEntity
  8
FW_DIM
100
AcDbBlockReference
  2
_OBLIQUE
 10
560.0
 20
6890.0
 30
0.0
 41
18.0
 42
18.0
 50
90.0
  0
LINE
  5
890
330
887
100
AcDbEntity
  8
0
100
AcDbLine
 10
560.0
 20
6842.5
 30
0.0
 11
560.0
 21
6897.5
 31
0.0
  0
MTEXT
  5
891
330
887
100
AcDbEntity
  8
FW_DIM
 62
7
100
AcDbMText
 10
546.5
 20
6870.0
 30
0.0
 40
18.0
 71
5
  1
40
 50
90.0
  0
POINT
  5
892
330
887
100
AcDbEntity
  8
Defpoints
100
AcDbPoint
 10
560.0
 20
6850.0
 30
0.0
  0
POINT
  5
893
330
887
100
AcDbEntity
  8
Defpoints
100
AcDbPoint
 10
560.0
 20
6850.0
 30
0.0
  0
POINT
  5
894
330
887
100
AcDbEntity
  8
Defpoints
100
AcDbPoint
 10
560.0
 20
6890.0
 30
0.0
  0
ENDBLK
  5
889
330
887
100
AcDbEntity
  8
0
100
AcDbBlockEnd
  0
BLOCK
  5
897
330
896
100
AcDbEntity
  8
0
100
AcDbBlockBegin
  2
*D116
 70
1
 10
0.0
 20
0.0
 30
0.0
  3
*D116
  1

  0
LINE
  5
899
330
896
100
AcDbEntity
  8
0
100
AcDbLine
 10
1095.5
 20
4150.0
 30
0.0
 11
1092.5
 21
4150.0
 31
0.0
  0
LINE
  5
89A
330
896
100
AcDbEntity
  8
0
100
AcDbLine
 10
1095.5
 20
4190.0
 30
0.0
 11
1092.5
 21
4190.0
 31
0.0
  0
INSERT
  5
89B
330
896
100
AcDbEntity
  8
FW_DIM
100
AcDbBlockReference
  2
_OBLIQUE
 10
1100.0
 20
4150.0
 30
0.0
 41
18.0
 42
18.0
 50
90.0
  0
INSERT
  5
89D
330
896
100
AcDbEntity
  8
FW_DIM
100
AcDbBlockReference
  2
_OBLIQUE
 10
1100.0
 20
4190.0
 30
0.0
 41
18.0
 42
18.0
 50
90.0
  0
LINE
  5
89F
330
896
100
AcDbEntity
  8
0
100
AcDbLine
 10
1100.0
 20
4142.5
 30
0.0
 11
1100.0
 21
4197.5
 31
0.0
  0
MTEXT
  5
8A0
330
896
100
AcDbEntity
  8
FW_DIM
 62
7
100
AcDbMText
 10
1086.5
 20
4170.0
 30
0.0
 40
18.0
 71
5
  1
40
 50
90.0
  0
POINT
  5
8A1
330
896
100
AcDbEntity
  8
Defpoints
100
AcDbPoint
 10
1100.0
 20
4150.0
 30
0.0
  0
POINT
  5
8A2
330
896
100
AcDbEntity
  8
Defpoints
100
AcDbPoint
 10
1100.0
 20
4150.0
 30
0.0
  0
POINT
  5
8A3
330
896
100
AcDbEntity
  8
Defpoints
100
AcDbPoint
 10
1100.0
 20
4190.0
 30
0.0
  0
ENDBLK
  5
898
330
896
100
AcDbEntity
  8
0
100
AcDbBlockEnd
  0
BLOCK
  5
8A6
330
8A5
100
AcDbEntity
  8
0
100
AcDbBlockBegin
  2
*D117
 70
1
 10
0.0
 20
0.0
 30
0.0
  3
*D117
  1

  0
LINE
  5
8A8
330
8A5
100
AcDbEntity
  8
0
100
AcDbLine
 10
1095.5
 20
4190.0
 30
0.0
 11
1092.5
 21
4190.0
 31
0.0
  0
LINE
  5
8A9
330
8A5
100
AcDbEntity
  8
0
100
AcDbLine
 10
1095.5
 20
4690.0
 30
0.0
 11
1092.5
 21
4690.0
 31
0.0
  0
INSERT
  5
8AA
330
8A5
100
AcDbEntity
  8
FW_DIM
100
AcDbBlockReference
  2
_OBLIQUE
 10
1100.0
 20
4190.0
 30
0.0
 41
18.0
 42
18.0
 50
90.0
  0
INSERT
  5
8AC
330
8A5
100
AcDbEntity
  8
FW_DIM
100
AcDbBlockReference
  2
_OBLIQUE
 10
1100.0
 20
4690.0
 30
0.0
 41
18.0
 42
18.0
 50
90.0
  0
LINE
  5
8AE
330
8A5
100
AcDbEntity
  8
0
100
AcDbLine
 10
1100.0
 20
4182.5
 30
0.0
 11
1100.0
 21
4697.5
 31
0.0
  0
MTEXT
  5
8AF
330
8A5
100
AcDbEntity
  8
FW_DIM
 62
7
100
AcDbMText
 10
1086.5
 20
4478.25
 30
0.0
 40
18.0
 71
5
  1
500
 50
90.0
  0
POINT
  5
8B0
330
8A5
100
AcDbEntity
  8
Defpoints
100
AcDbPoint
 10
1100.0
 20
4190.0
 30
0.0
  0
POINT
  5
8B1
330
8A5
100
AcDbEntity
  8
Defpoints
100
AcDbPoint
 10
1100.0
 20
4190.0
 30
0.0
  0
POINT
  5
8B2
330
8A5
100
AcDbEntity
  8
Defpoints
100
AcDbPoint
 10
1100.0
 20
4690.0
 30
0.0
  0
ENDBLK
  5
8A7
330
8A5
100
AcDbEntity
  8
0
100
AcDbBlockEnd
  0
BLOCK
  5
8B5
330
8B4
100
AcDbEntity
  8
0
100
AcDbBlockBegin
  2
*D118
 70
1
 10
0.0
 20
0.0
 30
0.0
  3
*D118
  1

  0
LINE
  5
8B7
330
8B4
100
AcDbEntity
  8
0
100
AcDbLine
 10
1095.5
 20
4690.0
 30
0.0
 11
1092.5
 21
4690.0
 31
0.0
  0
LINE
  5
8B8
330
8B4
100
AcDbEntity
  8
0
100
AcDbLine
 10
1095.5
 20
4730.0
 30
0.0
 11
1092.5
 21
4730.0
 31
0.0
  0
INSERT
  5
8B9
330
8B4
100
AcDbEntity
  8
FW_DIM
100
AcDbBlockReference
  2
_OBLIQUE
 10
1100.0
 20
4690.0
 30
0.0
 41
18.0
 42
18.0
 50
90.0
  0
INSERT
  5
8BB
330
8B4
100
AcDbEntity
  8
FW_DIM
100
AcDbBlockReference
  2
_OBLIQUE
 10
1100.0
 20
4730.0
 30
0.0
 41
18.0
 42
18.0
 50
90.0
  0
LINE
  5
8BD
330
8B4
100
AcDbEntity
  8
0
100
AcDbLine
 10
1100.0
 20
4682.5
 30
0.0
 11
1100.0
 21
4737.5
 31
0.0
  0
MTEXT
  5
8BE
330
8B4
100
AcDbEntity
  8
FW_DIM
 62
7
100
AcDbMText
 10
1086.5
 20
4710.0
 30
0.0
 40
18.0
 71
5
  1
40
 50
90.0
  0
POINT
  5
8BF
330
8B4
100
AcDbEntity
  8
Defpoints
100
AcDbPoint
 10
1100.0
 20
4690.0
 30
0.0
  0
POINT
  5
8C0
330
8B4
100
AcDbEntity
  8
Defpoints
100
AcDbPoint
 10
1100.0
 20
4690.0
 30
0.0
  0
POINT
  5
8C1
330
8B4
100
AcDbEntity
  8
Defpoints
100
AcDbPoint
 10
1100.0
 20
4730.0
 30
0.0
  0
ENDBLK
  5
8B6
330
8B4
100
AcDbEntity
  8
0
100
AcDbBlockEnd
  0
BLOCK
  5
8C4
330
8C3
100
AcDbEntity
  8
0
100
AcDbBlockBegin
  2
*D119
 70
1
 10
0.0
 20
0.0
 30
0.0
  3
*D119
  1

  0
LINE
  5
8C6
330
8C3
100
AcDbEntity
  8
0
100
AcDbLine
 10
1095.5
 20
4730.0
 30
0.0
 11
1092.5
 21
4730.0
 31
0.0
  0
LINE
  5
8C7
330
8C3
100
AcDbEntity
  8
0
100
AcDbLine
 10
1095.5
 20
5237.5
 30
0.0
 11
1092.5
 21
5237.5
 31
0.0
  0
INSERT
  5
8C8
330
8C3
100
AcDbEntity
  8
FW_DIM
100
AcDbBlockReference
  2
_OBLIQUE
 10
1100.0
 20
4730.0
 30
0.0
 41
18.0
 42
18.0
 50
90.0
  0
INSERT
  5
8CA
330
8C3
100
AcDbEntity
  8
FW_DIM
100
AcDbBlockReference
  2
_OBLIQUE
 10
1100.0
 20
5237.5
 30
0.0
 41
18.0
 42
18.0
 50
90.0
  0
LINE
  5
8CC
330
8C3
100
AcDbEntity
  8
0
100
AcDbLine
 10
1100.0
 20
4722.5
 30
0.0
 11
1100.0
 21
5245.0
 31
0.0
  0
MTEXT
  5
8CD
330
8C3
100
AcDbEntity
  8
FW_DIM
 62
7
100
AcDbMText
 10
1086.5
 20
5018.25
 30
0.0
 40
18.0
 71
5
  1
508
 50
90.0
  0
POINT
  5
8CE
330
8C3
100
AcDbEntity
  8
Defpoints
100
AcDbPoint
 10
1100.0
 20
4730.0
 30
0.0
  0
POINT
  5
8CF
330
8C3
100
AcDbEntity
  8
Defpoints
100
AcDbPoint
 10
1100.0
 20
4730.0
 30
0.0
  0
POINT
  5
8D0
330
8C3
100
AcDbEntity
  8
Defpoints
100
AcDbPoint
 10
1100.0
 20
5237.5
 30
0.0
  0
ENDBLK
  5
8C5
330
8C3
100
AcDbEntity
  8
0
100
AcDbBlockEnd
  0
BLOCK
  5
8D3
330
8D2
100
AcDbEntity
  8
0
100
AcDbBlockBegin
  2
*D120
 70
1
 10
0.0
 20
0.0
 30
0.0
  3
*D120
  1

  0
LINE
  5
8D5
330
8D2
100
AcDbEntity
  8
0
100
AcDbLine
 10
1095.5
 20
5237.5
 30
0.0
 11
1092.5
 21
5237.5
 31
0.0
  0
LINE
  5
8D6
330
8D2
100
AcDbEntity
  8
0
100
AcDbLine
 10
1095.5
 20
5802.5
 30
0.0
 11
1092.5
 21
5802.5
 31
0.0
  0
INSERT
  5
8D7
330
8D2
100
AcDbEntity
  8
FW_DIM
100
AcDbBlockReference
  2
_OBLIQUE
 10
1100.0
 20
5237.5
 30
0.0
 41
18.0
 42
18.0
 50
90.0
  0
INSERT
  5
8D9
330
8D2
100
AcDbEntity
  8
FW_DIM
100
AcDbBlockReference
  2
_OBLIQUE
 10
1100.0
 20
5802.5
 30
0.0
 41
18.0
 42
18.0
 50
90.0
  0
LINE
  5
8DB
330
8D2
100
AcDbEntity
  8
0
100
AcDbLine
 10
1100.0
 20
5230.0
 30
0.0
 11
1100.0
 21
5810.0
 31
0.0
  0
MTEXT
  5
8DC
330
8D2
100
AcDbEntity
  8
FW_DIM
 62
7
100
AcDbMText
 10
1086.5
 20
5520.0
 30
0.0
 40
18.0
 71
5
  1
565
 50
90.0
  0
POINT
  5
8DD
330
8D2
100
AcDbEntity
  8
Defpoints
100
AcDbPoint
 10
1100.0
 20
5237.5
 30
0.0
  0
POINT
  5
8DE
330
8D2
100
AcDbEntity
  8
Defpoints
100
AcDbPoint
 10
1100.0
 20
5237.5
 30
0.0
  0
POINT
  5
8DF
330
8D2
100
AcDbEntity
  8
Defpoints
100
AcDbPoint
 10
1100.0
 20
5802.5
 30
0.0
  0
ENDBLK
  5
8D4
330
8D2
100
AcDbEntity
  8
0
100
AcDbBlockEnd
  0
BLOCK
  5
8E2
330
8E1
100
AcDbEntity
  8
0
100
AcDbBlockBegin
  2
*D121
 70
1
 10
0.0
 20
0.0
 30
0.0
  3
*D121
  1

  0
LINE
  5
8E4
330
8E1
100
AcDbEntity
  8
0
100
AcDbLine
 10
1095.5
 20
5802.5
 30
0.0
 11
1092.5
 21
5802.5
 31
0.0
  0
LINE
  5
8E5
330
8E1
100
AcDbEntity
  8
0
100
AcDbLine
 10
1095.5
 20
6310.0
 30
0.0
 11
1092.5
 21
6310.0
 31
0.0
  0
INSERT
  5
8E6
330
8E1
100
AcDbEntity
  8
FW_DIM
100
AcDbBlockReference
  2
_OBLIQUE
 10
1100.0
 20
5802.5
 30
0.0
 41
18.0
 42
18.0
 50
90.0
  0
INSERT
  5
8E8
330
8E1
100
AcDbEntity
  8
FW_DIM
100
AcDbBlockReference
  2
_OBLIQUE
 10
1100.0
 20
6310.0
 30
0.0
 41
18.0
 42
18.0
 50
90.0
  0
LINE
  5
8EA
330
8E1
100
AcDbEntity
  8
0
100
AcDbLine
 10
1100.0
 20
5795.0
 30
0.0
 11
1100.0
 21
6317.5
 31
0.0
  0
MTEXT
  5
8EB
330
8E1
100
AcDbEntity
  8
FW_DIM
 62
7
100
AcDbMText
 10
1086.5
 20
6098.25
 30
0.0
 40
18.0
 71
5
  1
508
 50
90.0
  0
POINT
  5
8EC
330
8E1
100
AcDbEntity
  8
Defpoints
100
AcDbPoint
 10
1100.0
 20
5802.5
 30
0.0
  0
POINT
  5
8ED
330
8E1
100
AcDbEntity
  8
Defpoints
100
AcDbPoint
 10
1100.0
 20
5802.5
 30
0.0
  0
POINT
  5
8EE
330
8E1
100
AcDbEntity
  8
Defpoints
100
AcDbPoint
 10
1100.0
 20
6310.0
 30
0.0
  0
ENDBLK
  5
8E3
330
8E1
100
AcDbEntity
  8
0
100
AcDbBlockEnd
  0
BLOCK
  5
8F1
330
8F0
100
AcDbEntity
  8
0
100
AcDbBlockBegin
  2
*D122
 70
1
 10
0.0
 20
0.0
 30
0.0
  3
*D122
  1

  0
LINE
  5
8F3
330
8F0
100
AcDbEntity
  8
0
100
AcDbLine
 10
1095.5
 20
6310.0
 30
0.0
 11
1092.5
 21
6310.0
 31
0.0
  0
LINE
  5
8F4
330
8F0
100
AcDbEntity
  8
0
100
AcDbLine
 10
1095.5
 20
6350.0
 30
0.0
 11
1092.5
 21
6350.0
 31
0.0
  0
INSERT
  5
8F5
330
8F0
100
AcDbEntity
  8
FW_DIM
100
AcDbBlockReference
  2
_OBLIQUE
 10
1100.0
 20
6310.0
 30
0.0
 41
18.0
 42
18.0
 50
90.0
  0
INSERT
  5
8F7
330
8F0
100
AcDbEntity
  8
FW_DIM
100
AcDbBlockReference
  2
_OBLIQUE
 10
1100.0
 20
6350.0
 30
0.0
 41
18.0
 42
18.0
 50
90.0
  0
LINE
  5
8F9
330
8F0
100
AcDbEntity
  8
0
100
AcDbLine
 10
1100.0
 20
6302.5
 30
0.0
 11
1100.0
 21
6357.5
 31
0.0
  0
MTEXT
  5
8FA
330
8F0
100
AcDbEntity
  8
FW_DIM
 62
7
100
AcDbMText
 10
1086.5
 20
6330.0
 30
0.0
 40
18.0
 71
5
  1
40
 50
90.0
  0
POINT
  5
8FB
330
8F0
100
AcDbEntity
  8
Defpoints
100
AcDbPoint
 10
1100.0
 20
6310.0
 30
0.0
  0
POINT
  5
8FC
330
8F0
100
AcDbEntity
  8
Defpoints
100
AcDbPoint
 10
1100.0
 20
6310.0
 30
0.0
  0
POINT
  5
8FD
330
8F0
100
AcDbEntity
  8
Defpoints
100
AcDbPoint
 10
1100.0
 20
6350.0
 30
0.0
  0
ENDBLK
  5
8F2
330
8F0
100
AcDbEntity
  8
0
100
AcDbBlockEnd
  0
BLOCK
  5
900
330
8FF
100
AcDbEntity
  8
0
100
AcDbBlockBegin
  2
*D123
 70
1
 10
0.0
 20
0.0
 30
0.0
  3
*D123
  1

  0
LINE
  5
902
330
8FF
100
AcDbEntity
  8
0
100
AcDbLine
 10
1095.5
 20
6350.0
 30
0.0
 11
1092.5
 21
6350.0
 31
0.0
  0
LINE
  5
903
330
8FF
100
AcDbEntity
  8
0
100
AcDbLine
 10
1095.5
 20
6850.0
 30
0.0
 11
1092.5
 21
6850.0
 31
0.0
  0
INSERT
  5
904
330
8FF
100
AcDbEntity
  8
FW_DIM
100
AcDbBlockReference
  2
_OBLIQUE
 10
1100.0
 20
6350.0
 30
0.0
 41
18.0
 42
18.0
 50
90.0
  0
INSERT
  5
906
330
8FF
100
AcDbEntity
  8
FW_DIM
100
AcDbBlockReference
  2
_OBLIQUE
 10
1100.0
 20
6850.0
 30
0.0
 41
18.0
 42
18.0
 50
90.0
  0
LINE
  5
908
330
8FF
100
AcDbEntity
  8
0
100
AcDbLine
 10
1100.0
 20
6342.5
 30
0.0
 11
1100.0
 21
6857.5
 31
0.0
  0
MTEXT
  5
909
330
8FF
100
AcDbEntity
  8
FW_DIM
 62
7
100
AcDbMText
 10
1086.5
 20
6638.25
 30
0.0
 40
18.0
 71
5
  1
500
 50
90.0
  0
POINT
  5
90A
330
8FF
100
AcDbEntity
  8
Defpoints
100
AcDbPoint
 10
1100.0
 20
6350.0
 30
0.0
  0
POINT
  5
90B
330
8FF
100
AcDbEntity
  8
Defpoints
100
AcDbPoint
 10
1100.0
 20
6350.0
 30
0.0
  0
POINT
  5
90C
330
8FF
100
AcDbEntity
  8
Defpoints
100
AcDbPoint
 10
1100.0
 20
6850.0
 30
0.0
  0
ENDBLK
  5
901
330
8FF
100
AcDbEntity
  8
0
100
AcDbBlockEnd
  0
BLOCK
  5
90F
330
90E
100
AcDbEntity
  8
0
100
AcDbBlockBegin
  2
*D124
 70
1
 10
0.0
 20
0.0
 30
0.0
  3
*D124
  1

  0
LINE
  5
911
330
90E
100
AcDbEntity
  8
0
100
AcDbLine
 10
1095.5
 20
6850.0
 30
0.0
 11
1092.5
 21
6850.0
 31
0.0
  0
LINE
  5
912
330
90E
100
AcDbEntity
  8
0
100
AcDbLine
 10
1095.5
 20
6890.0
 30
0.0
 11
1092.5
 21
6890.0
 31
0.0
  0
INSERT
  5
913
330
90E
100
AcDbEntity
  8
FW_DIM
100
AcDbBlockReference
  2
_OBLIQUE
 10
1100.0
 20
6850.0
 30
0.0
 41
18.0
 42
18.0
 50
90.0
  0
INSERT
  5
915
330
90E
100
AcDbEntity
  8
FW_DIM
100
AcDbBlockReference
  2
_OBLIQUE
 10
1100.0
 20
6890.0
 30
0.0
 41
18.0
 42
18.0
 50
90.0
  0
LINE
  5
917
330
90E
100
AcDbEntity
  8
0
100
AcDbLine
 10
1100.0
 20
6842.5
 30
0.0
 11
1100.0
 21
6897.5
 31
0.0
  0
MTEXT
  5
918
330
90E
100
AcDbEntity
  8
FW_DIM
 62
7
100
AcDbMText
 10
1086.5
 20
6870.0
 30
0.0
 40
18.0
 71
5
  1
40
 50
90.0
  0
POINT
  5
919
330
90E
100
AcDbEntity
  8
Defpoints
100
AcDbPoint
 10
1100.0
 20
6850.0
 30
0.0
  0
POINT
  5
91A
330
90E
100
AcDbEntity
  8
Defpoints
100
AcDbPoint
 10
1100.0
 20
6850.0
 30
0.0
  0
POINT
  5
91B
330
90E
100
AcDbEntity
  8
Defpoints
100
AcDbPoint
 10
1100.0
 20
6890.0
 30
0.0
  0
ENDBLK
  5
910
330
90E
100
AcDbEntity
  8
0
100
AcDbBlockEnd
  0
BLOCK
  5
91E
330
91D
100
AcDbEntity
  8
0
100
AcDbBlockBegin
  2
*D125
 70
1
 10
0.0
 20
0.0
 30
0.0
  3
*D125
  1

  0
LINE
  5
920
330
91D
100
AcDbEntity
  8
0
100
AcDbLine
 10
1635.5
 20
4150.0
 30
0.0
 11
1632.5
 21
4150.0
 31
0.0
  0
LINE
  5
921
330
91D
100
AcDbEntity
  8
0
100
AcDbLine
 10
1635.5
 20
4190.0
 30
0.0
 11
1632.5
 21
4190.0
 31
0.0
  0
INSERT
  5
922
330
91D
100
AcDbEntity
  8
FW_DIM
100
AcDbBlockReference
  2
_OBLIQUE
 10
1640.0
 20
4150.0
 30
0.0
 41
18.0
 42
18.0
 50
90.0
  0
INSERT
  5
924
330
91D
100
AcDbEntity
  8
FW_DIM
100
AcDbBlockReference
  2
_OBLIQUE
 10
1640.0
 20
4190.0
 30
0.0
 41
18.0
 42
18.0
 50
90.0
  0
LINE
  5
926
330
91D
100
AcDbEntity
  8
0
100
AcDbLine
 10
1640.0
 20
4142.5
 30
0.0
 11
1640.0
 21
4197.5
 31
0.0
  0
MTEXT
  5
927
330
91D
100
AcDbEntity
  8
FW_DIM
 62
7
100
AcDbMText
 10
1626.5
 20
4170.0
 30
0.0
 40
18.0
 71
5
  1
40
 50
90.0
  0
POINT
  5
928
330
91D
100
AcDbEntity
  8
Defpoints
100
AcDbPoint
 10
1640.0
 20
4150.0
 30
0.0
  0
POINT
  5
929
330
91D
100
AcDbEntity
  8
Defpoints
100
AcDbPoint
 10
1640.0
 20
4150.0
 30
0.0
  0
POINT
  5
92A
330
91D
100
AcDbEntity
  8
Defpoints
100
AcDbPoint
 10
1640.0
 20
4190.0
 30
0.0
  0
ENDBLK
  5
91F
330
91D
100
AcDbEntity
  8
0
100
AcDbBlockEnd
  0
BLOCK
  5
92D
330
92C
100
AcDbEntity
  8
0
100
AcDbBlockBegin
  2
*D126
 70
1
 10
0.0
 20
0.0
 30
0.0
  3
*D126
  1

  0
LINE
  5
92F
330
92C
100
AcDbEntity
  8
0
100
AcDbLine
 10
1635.5
 20
4190.0
 30
0.0
 11
1632.5
 21
4190.0
 31
0.0
  0
LINE
  5
930
330
92C
100
AcDbEntity
  8
0
100
AcDbLine
 10
1635.5
 20
4690.0
 30
0.0
 11
1632.5
 21
4690.0
 31
0.0
  0
INSERT
  5
931
330
92C
100
AcDbEntity
  8
FW_DIM
100
AcDbBlockReference
  2
_OBLIQUE
 10
1640.0
 20
4190.0
 30
0.0
 41
18.0
 42
18.0
 50
90.0
  0
INSERT
  5
933
330
92C
100
AcDbEntity
  8
FW_DIM
100
AcDbBlockReference
  2
_OBLIQUE
 10
1640.0
 20
4690.0
 30
0.0
 41
18.0
 42
18.0
 50
90.0
  0
LINE
  5
935
330
92C
100
AcDbEntity
  8
0
100
AcDbLine
 10
1640.0
 20
4182.5
 30
0.0
 11
1640.0
 21
4697.5
 31
0.0
  0
MTEXT
  5
936
330
92C
100
AcDbEntity
  8
FW_DIM
 62
7
100
AcDbMText
 10
1626.5
 20
4478.25
 30
0.0
 40
18.0
 71
5
  1
500
 50
90.0
  0
POINT
  5
937
330
92C
100
AcDbEntity
  8
Defpoints
100
AcDbPoint
 10
1640.0
 20
4190.0
 30
0.0
  0
POINT
  5
938
330
92C
100
AcDbEntity
  8
Defpoints
100
AcDbPoint
 10
1640.0
 20
4190.0
 30
0.0
  0
POINT
  5
939
330
92C
100
AcDbEntity
  8
Defpoints
100
AcDbPoint
 10
1640.0
 20
4690.0
 30
0.0
  0
ENDBLK
  5
92E
330
92C
100
AcDbEntity
  8
0
100
AcDbBlockEnd
  0
BLOCK
  5
93C
330
93B
100
AcDbEntity
  8
0
100
AcDbBlockBegin
  2
*D127
 70
1
 10
0.0
 20
0.0
 30
0.0
  3
*D127
  1

  0
LINE
  5
93E
330
93B
100
AcDbEntity
  8
0
100
AcDbLine
 10
1635.5
 20
4690.0
 30
0.0
 11
1632.5
 21
4690.0
 31
0.0
  0
LINE
  5
93F
330
93B
100
AcDbEntity
  8
0
100
AcDbLine
 10
1635.5
 20
4730.0
 30
0.0
 11
1632.5
 21
4730.0
 31
0.0
  0
INSERT
  5
940
330
93B
100
AcDbEntity
  8
FW_DIM
100
AcDbBlockReference
  2
_OBLIQUE
 10
1640.0
 20
4690.0
 30
0.0
 41
18.0
 42
18.0
 50
90.0
  0
INSERT
  5
942
330
93B
100
AcDbEntity
  8
FW_DIM
100
AcDbBlockReference
  2
_OBLIQUE
 10
1640.0
 20
4730.0
 30
0.0
 41
18.0
 42
18.0
 50
90.0
  0
LINE
  5
944
330
93B
100
AcDbEntity
  8
0
100
AcDbLine
 10
1640.0
 20
4682.5
 30
0.0
 11
1640.0
 21
4737.5
 31
0.0
  0
MTEXT
  5
945
330
93B
100
AcDbEntity
  8
FW_DIM
 62
7
100
AcDbMText
 10
1626.5
 20
4710.0
 30
0.0
 40
18.0
 71
5
  1
40
 50
90.0
  0
POINT
  5
946
330
93B
100
AcDbEntity
  8
Defpoints
100
AcDbPoint
 10
1640.0
 20
4690.0
 30
0.0
  0
POINT
  5
947
330
93B
100
AcDbEntity
  8
Defpoints
100
AcDbPoint
 10
1640.0
 20
4690.0
 30
0.0
  0
POINT
  5
948
330
93B
100
AcDbEntity
  8
Defpoints
100
AcDbPoint
 10
1640.0
 20
4730.0
 30
0.0
  0
ENDBLK
  5
93D
330
93B
100
AcDbEntity
  8
0
100
AcDbBlockEnd
  0
BLOCK
  5
94B
330
94A
100
AcDbEntity
  8
0
100
AcDbBlockBegin
  2
*D128
 70
1
 10
0.0
 20
0.0
 30
0.0
  3
*D128
  1

  0
LINE
  5
94D
330
94A
100
AcDbEntity
  8
0
100
AcDbLine
 10
1635.5
 20
4730.0
 30
0.0
 11
1632.5
 21
4730.0
 31
0.0
  0
LINE
  5
94E
330
94A
100
AcDbEntity
  8
0
100
AcDbLine
 10
1635.5
 20
5237.5
 30
0.0
 11
1632.5
 21
5237.5
 31
0.0
  0
INSERT
  5
94F
330
94A
100
AcDbEntity
  8
FW_DIM
100
AcDbBlockReference
  2
_OBLIQUE
 10
1640.0
 20
4730.0
 30
0.0
 41
18.0
 42
18.0
 50
90.0
  0
INSERT
  5
951
330
94A
100
AcDbEntity
  8
FW_DIM
100
AcDbBlockReference
  2
_OBLIQUE
 10
1640.0
 20
5237.5
 30
0.0
 41
18.0
 42
18.0
 50
90.0
  0
LINE
  5
953
330
94A
100
AcDbEntity
  8
0
100
AcDbLine
 10
1640.0
 20
4722.5
 30
0.0
 11
1640.0
 21
5245.0
 31
0.0
  0
MTEXT
  5
954
330
94A
100
AcDbEntity
  8
FW_DIM
 62
7
100
AcDbMText
 10
1626.5
 20
5018.25
 30
0.0
 40
18.0
 71
5
  1
508
 50
90.0
  0
POINT
  5
955
330
94A
100
AcDbEntity
  8
Defpoints
100
AcDbPoint
 10
1640.0
 20
4730.0
 30
0.0
  0
POINT
  5
956
330
94A
100
AcDbEntity
  8
Defpoints
100
AcDbPoint
 10
1640.0
 20
4730.0
 30
0.0
  0
POINT
  5
957
330
94A
100
AcDbEntity
  8
Defpoints
100
AcDbPoint
 10
1640.0
 20
5237.5
 30
0.0
  0
ENDBLK
  5
94C
330
94A
100
AcDbEntity
  8
0
100
AcDbBlockEnd
  0
BLOCK
  5
95A
330
959
100
AcDbEntity
  8
0
100
AcDbBlockBegin
  2
*D129
 70
1
 10
0.0
 20
0.0
 30
0.0
  3
*D129
  1

  0
LINE
  5
95C
330
959
100
AcDbEntity
  8
0
100
AcDbLine
 10
1635.5
 20
5237.5
 30
0.0
 11
1632.5
 21
5237.5
 31
0.0
  0
LINE
  5
95D
330
959
100
AcDbEntity
  8
0
100
AcDbLine
 10
1635.5
 20
5802.5
 30
0.0
 11
1632.5
 21
5802.5
 31
0.0
  0
INSERT
  5
95E
330
959
100
AcDbEntity
  8
FW_DIM
100
AcDbBlockReference
  2
_OBLIQUE
 10
1640.0
 20
5237.5
 30
0.0
 41
18.0
 42
18.0
 50
90.0
  0
INSERT
  5
960
330
959
100
AcDbEntity
  8
FW_DIM
100
AcDbBlockReference
  2
_OBLIQUE
 10
1640.0
 20
5802.5
 30
0.0
 41
18.0
 42
18.0
 50
90.0
  0
LINE
  5
962
330
959
100
AcDbEntity
  8
0
100
AcDbLine
 10
1640.0
 20
5230.0
 30
0.0
 11
1640.0
 21
5810.0
 31
0.0
  0
MTEXT
  5
963
330
959
100
AcDbEntity
  8
FW_DIM
 62
7
100
AcDbMText
 10
1626.5
 20
5520.0
 30
0.0
 40
18.0
 71
5
  1
565
 50
90.0
  0
POINT
  5
964
330
959
100
AcDbEntity
  8
Defpoints
100
AcDbPoint
 10
1640.0
 20
5237.5
 30
0.0
  0
POINT
  5
965
330
959
100
AcDbEntity
  8
Defpoints
100
AcDbPoint
 10
1640.0
 20
5237.5
 30
0.0
  0
POINT
  5
966
330
959
100
AcDbEntity
  8
Defpoints
100
AcDbPoint
 10
1640.0
 20
5802.5
 30
0.0
  0
ENDBLK
  5
95B
330
959
100
AcDbEntity
  8
0
100
AcDbBlockEnd
  0
BLOCK
  5
969
330
968
100
AcDbEntity
  8
0
100
AcDbBlockBegin
  2
*D130
 70
1
 10
0.0
 20
0.0
 30
0.0
  3
*D130
  1

  0
LINE
  5
96B
330
968
100
AcDbEntity
  8
0
100
AcDbLine
 10
1635.5
 20
5802.5
 30
0.0
 11
1632.5
 21
5802.5
 31
0.0
  0
LINE
  5
96C
330
968
100
AcDbEntity
  8
0
100
AcDbLine
 10
1635.5
 20
6310.0
 30
0.0
 11
1632.5
 21
6310.0
 31
0.0
  0
INSERT
  5
96D
330
968
100
AcDbEntity
  8
FW_DIM
100
AcDbBlockReference
  2
_OBLIQUE
 10
1640.0
 20
5802.5
 30
0.0
 41
18.0
 42
18.0
 50
90.0
  0
INSERT
  5
96F
330
968
100
AcDbEntity
  8
FW_DIM
100
AcDbBlockReference
  2
_OBLIQUE
 10
1640.0
 20
6310.0
 30
0.0
 41
18.0
 42
18.0
 50
90.0
  0
LINE
  5
971
330
968
100
AcDbEntity
  8
0
100
AcDbLine
 10
1640.0
 20
5795.0
 30
0.0
 11
1640.0
 21
6317.5
 31
0.0
  0
MTEXT
  5
972
330
968
100
AcDbEntity
  8
FW_DIM
 62
7
100
AcDbMText
 10
1626.5
 20
6098.25
 30
0.0
 40
18.0
 71
5
  1
508
 50
90.0
  0
POINT
  5
973
330
968
100
AcDbEntity
  8
Defpoints
100
AcDbPoint
 10
1640.0
 20
5802.5
 30
0.0
  0
POINT
  5
974
330
968
100
AcDbEntity
  8
Defpoints
100
AcDbPoint
 10
1640.0
 20
5802.5
 30
0.0
  0
POINT
  5
975
330
968
100
AcDbEntity
  8
Defpoints
100
AcDbPoint
 10
1640.0
 20
6310.0
 30
0.0
  0
ENDBLK
  5
96A
330
968
100
AcDbEntity
  8
0
100
AcDbBlockEnd
  0
BLOCK
  5
978
330
977
100
AcDbEntity
  8
0
100
AcDbBlockBegin
  2
*D131
 70
1
 10
0.0
 20
0.0
 30
0.0
  3
*D131
  1

  0
LINE
  5
97A
330
977
100
AcDbEntity
  8
0
100
AcDbLine
 10
1635.5
 20
6310.0
 30
0.0
 11
1632.5
 21
6310.0
 31
0.0
  0
LINE
  5
97B
330
977
100
AcDbEntity
  8
0
100
AcDbLine
 10
1635.5
 20
6350.0
 30
0.0
 11
1632.5
 21
6350.0
 31
0.0
  0
INSERT
  5
97C
330
977
100
AcDbEntity
  8
FW_DIM
100
AcDbBlockReference
  2
_OBLIQUE
 10
1640.0
 20
6310.0
 30
0.0
 41
18.0
 42
18.0
 50
90.0
  0
INSERT
  5
97E
330
977
100
AcDbEntity
  8
FW_DIM
100
AcDbBlockReference
  2
_OBLIQUE
 10
1640.0
 20
6350.0
 30
0.0
 41
18.0
 42
18.0
 50
90.0
  0
LINE
  5
980
330
977
100
AcDbEntity
  8
0
100
AcDbLine
 10
1640.0
 20
6302.5
 30
0.0
 11
1640.0
 21
6357.5
 31
0.0
  0
MTEXT
  5
981
330
977
100
AcDbEntity
  8
FW_DIM
 62
7
100
AcDbMText
 10
1626.5
 20
6330.0
 30
0.0
 40
18.0
 71
5
  1
40
 50
90.0
  0
POINT
  5
982
330
977
100
AcDbEntity
  8
Defpoints
100
AcDbPoint
 10
1640.0
 20
6310.0
 30
0.0
  0
POINT
  5
983
330
977
100
AcDbEntity
  8
Defpoints
100
AcDbPoint
 10
1640.0
 20
6310.0
 30
0.0
  0
POINT
  5
984
330
977
100
AcDbEntity
  8
Defpoints
100
AcDbPoint
 10
1640.0
 20
6350.0
 30
0.0
  0
ENDBLK
  5
979
330
977
100
AcDbEntity
  8
0
100
AcDbBlockEnd
  0
BLOCK
  5
987
330
986
100
AcDbEntity
  8
0
100
AcDbBlockBegin
  2
*D132
 70
1
 10
0.0
 20
0.0
 30
0.0
  3
*D132
  1

  0
LINE
  5
989
330
986
100
AcDbEntity
  8
0
100
AcDbLine
 10
1635.5
 20
6350.0
 30
0.0
 11
1632.5
 21
6350.0
 31
0.0
  0
LINE
  5
98A
330
986
100
AcDbEntity
  8
0
100
AcDbLine
 10
1635.5
 20
6850.0
 30
0.0
 11
1632.5
 21
6850.0
 31
0.0
  0
INSERT
  5
98B
330
986
100
AcDbEntity
  8
FW_DIM
100
AcDbBlockReference
  2
_OBLIQUE
 10
1640.0
 20
6350.0
 30
0.0
 41
18.0
 42
18.0
 50
90.0
  0
INSERT
  5
98D
330
986
100
AcDbEntity
  8
FW_DIM
100
AcDbBlockReference
  2
_OBLIQUE
 10
1640.0
 20
6850.0
 30
0.0
 41
18.0
 42
18.0
 50
90.0
  0
LINE
  5
98F
330
986
100
AcDbEntity
  8
0
100
AcDbLine
 10
1640.0
 20
6342.5
 30
0.0
 11
1640.0
 21
6857.5
 31
0.0
  0
MTEXT
  5
990
330
986
100
AcDbEntity
  8
FW_DIM
 62
7
100
AcDbMText
 10
1626.5
 20
6638.25
 30
0.0
 40
18.0
 71
5
  1
500
 50
90.0
  0
POINT
  5
991
330
986
100
AcDbEntity
  8
Defpoints
100
AcDbPoint
 10
1640.0
 20
6350.0
 30
0.0
  0
POINT
  5
992
330
986
100
AcDbEntity
  8
Defpoints
100
AcDbPoint
 10
1640.0
 20
6350.0
 30
0.0
  0
POINT
  5
993
330
986
100
AcDbEntity
  8
Defpoints
100
AcDbPoint
 10
1640.0
 20
6850.0
 30
0.0
  0
ENDBLK
  5
988
330
986
100
AcDbEntity
  8
0
100
AcDbBlockEnd
  0
BLOCK
  5
996
330
995
100
AcDbEntity
  8
0
100
AcDbBlockBegin
  2
*D133
 70
1
 10
0.0
 20
0.0
 30
0.0
  3
*D133
  1

  0
LINE
  5
998
330
995
100
AcDbEntity
  8
0
100
AcDbLine
 10
1635.5
 20
6850.0
 30
0.0
 11
1632.5
 21
6850.0
 31
0.0
  0
LINE
  5
999
330
995
100
AcDbEntity
  8
0
100
AcDbLine
 10
1635.5
 20
6890.0
 30
0.0
 11
1632.5
 21
6890.0
 31
0.0
  0
INSERT
  5
99A
330
995
100
AcDbEntity
  8
FW_DIM
100
AcDbBlockReference
  2
_OBLIQUE
 10
1640.0
 20
6850.0
 30
0.0
 41
18.0
 42
18.0
 50
90.0
  0
INSERT
  5
99C
330
995
100
AcDbEntity
  8
FW_DIM
100
AcDbBlockReference
  2
_OBLIQUE
 10
1640.0
 20
6890.0
 30
0.0
 41
18.0
 42
18.0
 50
90.0
  0
LINE
  5
99E
330
995
100
AcDbEntity
  8
0
100
AcDbLine
 10
1640.0
 20
6842.5
 30
0.0
 11
1640.0
 21
6897.5
 31
0.0
  0
MTEXT
  5
99F
330
995
100
AcDbEntity
  8
FW_DIM
 62
7
100
AcDbMText
 10
1626.5
 20
6870.0
 30
0.0
 40
18.0
 71
5
  1
40
 50
90.0
  0
POINT
  5
9A0
330
995
100
AcDbEntity
  8
Defpoints
100
AcDbPoint
 10
1640.0
 20
6850.0
 30
0.0
  0
POINT
  5
9A1
330
995
100
AcDbEntity
  8
Defpoints
100
AcDbPoint
 10
1640.0
 20
6850.0
 30
0.0
  0
POINT
  5
9A2
330
995
100
AcDbEntity
  8
Defpoints
100
AcDbPoint
 10
1640.0
 20
6890.0
 30
0.0
  0
ENDBLK
  5
997
330
995
100
AcDbEntity
  8
0
100
AcDbBlockEnd
  0
BLOCK
  5
9A5
330
9A4
100
AcDbEntity
  8
0
100
AcDbBlockBegin
  2
*D134
 70
1
 10
0.0
 20
0.0
 30
0.0
  3
*D134
  1

  0
LINE
  5
9A7
330
9A4
100
AcDbEntity
  8
0
100
AcDbLine
 10
2175.5
 20
4150.0
 30
0.0
 11
2172.5
 21
4150.0
 31
0.0
  0
LINE
  5
9A8
330
9A4
100
AcDbEntity
  8
0
100
AcDbLine
 10
2175.5
 20
4190.0
 30
0.0
 11
2172.5
 21
4190.0
 31
0.0
  0
INSERT
  5
9A9
330
9A4
100
AcDbEntity
  8
FW_DIM
100
AcDbBlockReference
  2
_OBLIQUE
 10
2180.0
 20
4150.0
 30
0.0
 41
18.0
 42
18.0
 50
90.0
  0
INSERT
  5
9AB
330
9A4
100
AcDbEntity
  8
FW_DIM
100
AcDbBlockReference
  2
_OBLIQUE
 10
2180.0
 20
4190.0
 30
0.0
 41
18.0
 42
18.0
 50
90.0
  0
LINE
  5
9AD
330
9A4
100
AcDbEntity
  8
0
100
AcDbLine
 10
2180.0
 20
4142.5
 30
0.0
 11
2180.0
 21
4197.5
 31
0.0
  0
MTEXT
  5
9AE
330
9A4
100
AcDbEntity
  8
FW_DIM
 62
7
100
AcDbMText
 10
2166.5
 20
4170.0
 30
0.0
 40
18.0
 71
5
  1
40
 50
90.0
  0
POINT
  5
9AF
330
9A4
100
AcDbEntity
  8
Defpoints
100
AcDbPoint
 10
2180.0
 20
4150.0
 30
0.0
  0
POINT
  5
9B0
330
9A4
100
AcDbEntity
  8
Defpoints
100
AcDbPoint
 10
2180.0
 20
4150.0
 30
0.0
  0
POINT
  5
9B1
330
9A4
100
AcDbEntity
  8
Defpoints
100
AcDbPoint
 10
2180.0
 20
4190.0
 30
0.0
  0
ENDBLK
  5
9A6
330
9A4
100
AcDbEntity
  8
0
100
AcDbBlockEnd
  0
BLOCK
  5
9B4
330
9B3
100
AcDbEntity
  8
0
100
AcDbBlockBegin
  2
*D135
 70
1
 10
0.0
 20
0.0
 30
0.0
  3
*D135
  1

  0
LINE
  5
9B6
330
9B3
100
AcDbEntity
  8
0
100
AcDbLine
 10
2175.5
 20
4190.0
 30
0.0
 11
2172.5
 21
4190.0
 31
0.0
  0
LINE
  5
9B7
330
9B3
100
AcDbEntity
  8
0
100
AcDbLine
 10
2175.5
 20
4690.0
 30
0.0
 11
2172.5
 21
4690.0
 31
0.0
  0
INSERT
  5
9B8
330
9B3
100
AcDbEntity
  8
FW_DIM
100
AcDbBlockReference
  2
_OBLIQUE
 10
2180.0
 20
4190.0
 30
0.0
 41
18.0
 42
18.0
 50
90.0
  0
INSERT
  5
9BA
330
9B3
100
AcDbEntity
  8
FW_DIM
100
AcDbBlockReference
  2
_OBLIQUE
 10
2180.0
 20
4690.0
 30
0.0
 41
18.0
 42
18.0
 50
90.0
  0
LINE
  5
9BC
330
9B3
100
AcDbEntity
  8
0
100
AcDbLine
 10
2180.0
 20
4182.5
 30
0.0
 11
2180.0
 21
4697.5
 31
0.0
  0
MTEXT
  5
9BD
330
9B3
100
AcDbEntity
  8
FW_DIM
 62
7
100
AcDbMText
 10
2166.5
 20
4478.25
 30
0.0
 40
18.0
 71
5
  1
500
 50
90.0
  0
POINT
  5
9BE
330
9B3
100
AcDbEntity
  8
Defpoints
100
AcDbPoint
 10
2180.0
 20
4190.0
 30
0.0
  0
POINT
  5
9BF
330
9B3
100
AcDbEntity
  8
Defpoints
100
AcDbPoint
 10
2180.0
 20
4190.0
 30
0.0
  0
POINT
  5
9C0
330
9B3
100
AcDbEntity
  8
Defpoints
100
AcDbPoint
 10
2180.0
 20
4690.0
 30
0.0
  0
ENDBLK
  5
9B5
330
9B3
100
AcDbEntity
  8
0
100
AcDbBlockEnd
  0
BLOCK
  5
9C3
330
9C2
100
AcDbEntity
  8
0
100
AcDbBlockBegin
  2
*D136
 70
1
 10
0.0
 20
0.0
 30
0.0
  3
*D136
  1

  0
LINE
  5
9C5
330
9C2
100
AcDbEntity
  8
0
100
AcDbLine
 10
2175.5
 20
4690.0
 30
0.0
 11
2172.5
 21
4690.0
 31
0.0
  0
LINE
  5
9C6
330
9C2
100
AcDbEntity
  8
0
100
AcDbLine
 10
2175.5
 20
4730.0
 30
0.0
 11
2172.5
 21
4730.0
 31
0.0
  0
INSERT
  5
9C7
330
9C2
100
AcDbEntity
  8
FW_DIM
100
AcDbBlockReference
  2
_OBLIQUE
 10
2180.0
 20
4690.0
 30
0.0
 41
18.0
 42
18.0
 50
90.0
  0
INSERT
  5
9C9
330
9C2
100
AcDbEntity
  8
FW_DIM
100
AcDbBlockReference
  2
_OBLIQUE
 10
2180.0
 20
4730.0
 30
0.0
 41
18.0
 42
18.0
 50
90.0
  0
LINE
  5
9CB
330
9C2
100
AcDbEntity
  8
0
100
AcDbLine
 10
2180.0
 20
4682.5
 30
0.0
 11
2180.0
 21
4737.5
 31
0.0
  0
MTEXT
  5
9CC
330
9C2
100
AcDbEntity
  8
FW_DIM
 62
7
100
AcDbMText
 10
2166.5
 20
4710.0
 30
0.0
 40
18.0
 71
5
  1
40
 50
90.0
  0
POINT
  5
9CD
330
9C2
100
AcDbEntity
  8
Defpoints
100
AcDbPoint
 10
2180.0
 20
4690.0
 30
0.0
  0
POINT
  5
9CE
330
9C2
100
AcDbEntity
  8
Defpoints
100
AcDbPoint
 10
2180.0
 20
4690.0
 30
0.0
  0
POINT
  5
9CF
330
9C2
100
AcDbEntity
  8
Defpoints
100
AcDbPoint
 10
2180.0
 20
4730.0
 30
0.0
  0
ENDBLK
  5
9C4
330
9C2
100
AcDbEntity
  8
0
100
AcDbBlockEnd
  0
BLOCK
  5
9D2
330
9D1
100
AcDbEntity
  8
0
100
AcDbBlockBegin
  2
*D137
 70
1
 10
0.0
 20
0.0
 30
0.0
  3
*D137
  1

  0
LINE
  5
9D4
330
9D1
100
AcDbEntity
  8
0
100
AcDbLine
 10
2175.5
 20
4730.0
 30
0.0
 11
2172.5
 21
4730.0
 31
0.0
  0
LINE
  5
9D5
330
9D1
100
AcDbEntity
  8
0
100
AcDbLine
 10
2175.5
 20
4830.0
 30
0.0
 11
2172.5
 21
4830.0
 31
0.0
  0
INSERT
  5
9D6
330
9D1
100
AcDbEntity
  8
FW_DIM
100
AcDbBlockReference
  2
_OBLIQUE
 10
2180.0
 20
4730.0
 30
0.0
 41
18.0
 42
18.0
 50
90.0
  0
INSERT
  5
9D8
330
9D1
100
AcDbEntity
  8
FW_DIM
100
AcDbBlockReference
  2
_OBLIQUE
 10
2180.0
 20
4830.0
 30
0.0
 41
18.0
 42
18.0
 50
90.0
  0
LINE
  5
9DA
330
9D1
100
AcDbEntity
  8
0
100
AcDbLine
 10
2180.0
 20
4722.5
 30
0.0
 11
2180.0
 21
4837.5
 31
0.0
  0
MTEXT
  5
9DB
330
9D1
100
AcDbEntity
  8
FW_DIM
 62
7
100
AcDbMText
 10
2166.5
 20
4780.0
 30
0.0
 40
18.0
 71
5
  1
100
 50
90.0
  0
POINT
  5
9DC
330
9D1
100
AcDbEntity
  8
Defpoints
100
AcDbPoint
 10
2180.0
 20
4730.0
 30
0.0
  0
POINT
  5
9DD
330
9D1
100
AcDbEntity
  8
Defpoints
100
AcDbPoint
 10
2180.0
 20
4730.0
 30
0.0
  0
POINT
  5
9DE
330
9D1
100
AcDbEntity
  8
Defpoints
100
AcDbPoint
 10
2180.0
 20
4830.0
 30
0.0
  0
ENDBLK
  5
9D3
330
9D1
100
AcDbEntity
  8
0
100
AcDbBlockEnd
  0
BLOCK
  5
9E1
330
9E0
100
AcDbEntity
  8
0
100
AcDbBlockBegin
  2
*D138
 70
1
 10
0.0
 20
0.0
 30
0.0
  3
*D138
  1

  0
LINE
  5
9E3
330
9E0
100
AcDbEntity
  8
0
100
AcDbLine
 10
2175.5
 20
4830.0
 30
0.0
 11
2172.5
 21
4830.0
 31
0.0
  0
LINE
  5
9E4
330
9E0
100
AcDbEntity
  8
0
100
AcDbLine
 10
2175.5
 20
5080.0
 30
0.0
 11
2172.5
 21
5080.0
 31
0.0
  0
INSERT
  5
9E5
330
9E0
100
AcDbEntity
  8
FW_DIM
100
AcDbBlockReference
  2
_OBLIQUE
 10
2180.0
 20
4830.0
 30
0.0
 41
18.0
 42
18.0
 50
90.0
  0
INSERT
  5
9E7
330
9E0
100
AcDbEntity
  8
FW_DIM
100
AcDbBlockReference
  2
_OBLIQUE
 10
2180.0
 20
5080.0
 30
0.0
 41
18.0
 42
18.0
 50
90.0
  0
LINE
  5
9E9
330
9E0
100
AcDbEntity
  8
0
100
AcDbLine
 10
2180.0
 20
4822.5
 30
0.0
 11
2180.0
 21
5087.5
 31
0.0
  0
MTEXT
  5
9EA
330
9E0
100
AcDbEntity
  8
FW_DIM
 62
7
100
AcDbMText
 10
2166.5
 20
4955.0
 30
0.0
 40
18.0
 71
5
  1
250
 50
90.0
  0
POINT
  5
9EB
330
9E0
100
AcDbEntity
  8
Defpoints
100
AcDbPoint
 10
2180.0
 20
4830.0
 30
0.0
  0
POINT
  5
9EC
330
9E0
100
AcDbEntity
  8
Defpoints
100
AcDbPoint
 10
2180.0
 20
4830.0
 30
0.0
  0
POINT
  5
9ED
330
9E0
100
AcDbEntity
  8
Defpoints
100
AcDbPoint
 10
2180.0
 20
5080.0
 30
0.0
  0
ENDBLK
  5
9E2
330
9E0
100
AcDbEntity
  8
0
100
AcDbBlockEnd
  0
BLOCK
  5
9F0
330
9EF
100
AcDbEntity
  8
0
100
AcDbBlockBegin
  2
*D139
 70
1
 10
0.0
 20
0.0
 30
0.0
  3
*D139
  1

  0
LINE
  5
9F2
330
9EF
100
AcDbEntity
  8
0
100
AcDbLine
 10
2175.5
 20
5080.0
 30
0.0
 11
2172.5
 21
5080.0
 31
0.0
  0
LINE
  5
9F3
330
9EF
100
AcDbEntity
  8
0
100
AcDbLine
 10
2175.5
 20
5227.5
 30
0.0
 11
2172.5
 21
5227.5
 31
0.0
  0
INSERT
  5
9F4
330
9EF
100
AcDbEntity
  8
FW_DIM
100
AcDbBlockReference
  2
_OBLIQUE
 10
2180.0
 20
5080.0
 30
0.0
 41
18.0
 42
18.0
 50
90.0
  0
INSERT
  5
9F6
330
9EF
100
AcDbEntity
  8
FW_DIM
100
AcDbBlockReference
  2
_OBLIQUE
 10
2180.0
 20
5227.5
 30
0.0
 41
18.0
 42
18.0
 50
90.0
  0
LINE
  5
9F8
330
9EF
100
AcDbEntity
  8
0
100
AcDbLine
 10
2180.0
 20
5072.5
 30
0.0
 11
2180.0
 21
5235.0
 31
0.0
  0
MTEXT
  5
9F9
330
9EF
100
AcDbEntity
  8
FW_DIM
 62
7
100
AcDbMText
 10
2166.5
 20
5153.75
 30
0.0
 40
18.0
 71
5
  1
148
 50
90.0
  0
POINT
  5
9FA
330
9EF
100
AcDbEntity
  8
Defpoints
100
AcDbPoint
 10
2180.0
 20
5080.0
 30
0.0
  0
POINT
  5
9FB
330
9EF
100
AcDbEntity
  8
Defpoints
100
AcDbPoint
 10
2180.0
 20
5080.0
 30
0.0
  0
POINT
  5
9FC
330
9EF
100
AcDbEntity
  8
Defpoints
100
AcDbPoint
 10
2180.0
 20
5227.5
 30
0.0
  0
ENDBLK
  5
9F1
330
9EF
100
AcDbEntity
  8
0
100
AcDbBlockEnd
  0
BLOCK
  5
9FF
330
9FE
100
AcDbEntity
  8
0
100
AcDbBlockBegin
  2
*D140
 70
1
 10
0.0
 20
0.0
 30
0.0
  3
*D140
  1

  0
LINE
  5
A01
330
9FE
100
AcDbEntity
  8
0
100
AcDbLine
 10
2175.5
 20
5227.5
 30
0.0
 11
2172.5
 21
5227.5
 31
0.0
  0
LINE
  5
A02
330
9FE
100
AcDbEntity
  8
0
100
AcDbLine
 10
2175.5
 20
5272.5
 30
0.0
 11
2172.5
 21
5272.5
 31
0.0
  0
INSERT
  5
A03
330
9FE
100
AcDbEntity
  8
FW_DIM
100
AcDbBlockReference
  2
_OBLIQUE
 10
2180.0
 20
5227.5
 30
0.0
 41
18.0
 42
18.0
 50
90.0
  0
INSERT
  5
A05
330
9FE
100
AcDbEntity
  8
FW_DIM
100
AcDbBlockReference
  2
_OBLIQUE
 10
2180.0
 20
5272.5
 30
0.0
 41
18.0
 42
18.0
 50
90.0
  0
LINE
  5
A07
330
9FE
100
AcDbEntity
  8
0
100
AcDbLine
 10
2180.0
 20
5220.0
 30
0.0
 11
2180.0
 21
5280.0
 31
0.0
  0
MTEXT
  5
A08
330
9FE
100
AcDbEntity
  8
FW_DIM
 62
7
100
AcDbMText
 10
2166.5
 20
5250.0
 30
0.0
 40
18.0
 71
5
  1
45
 50
90.0
  0
POINT
  5
A09
330
9FE
100
AcDbEntity
  8
Defpoints
100
AcDbPoint
 10
2180.0
 20
5227.5
 30
0.0
  0
POINT
  5
A0A
330
9FE
100
AcDbEntity
  8
Defpoints
100
AcDbPoint
 10
2180.0
 20
5227.5
 30
0.0
  0
POINT
  5
A0B
330
9FE
100
AcDbEntity
  8
Defpoints
100
AcDbPoint
 10
2180.0
 20
5272.5
 30
0.0
  0
ENDBLK
  5
A00
330
9FE
100
AcDbEntity
  8
0
100
AcDbBlockEnd
  0
BLOCK
  5
A0E
330
A0D
100
AcDbEntity
  8
0
100
AcDbBlockBegin
  2
*D141
 70
1
 10
0.0
 20
0.0
 30
0.0
  3
*D141
  1

  0
LINE
  5
A10
330
A0D
100
AcDbEntity
  8
0
100
AcDbLine
 10
2175.5
 20
5272.5
 30
0.0
 11
2172.5
 21
5272.5
 31
0.0
  0
LINE
  5
A11
330
A0D
100
AcDbEntity
  8
0
100
AcDbLine
 10
2175.5
 20
5770.0
 30
0.0
 11
2172.5
 21
5770.0
 31
0.0
  0
INSERT
  5
A12
330
A0D
100
AcDbEntity
  8
FW_DIM
100
AcDbBlockReference
  2
_OBLIQUE
 10
2180.0
 20
5272.5
 30
0.0
 41
18.0
 42
18.0
 50
90.0
  0
INSERT
  5
A14
330
A0D
100
AcDbEntity
  8
FW_DIM
100
AcDbBlockReference
  2
_OBLIQUE
 10
2180.0
 20
5770.0
 30
0.0
 41
18.0
 42
18.0
 50
90.0
  0
LINE
  5
A16
330
A0D
100
AcDbEntity
  8
0
100
AcDbLine
 10
2180.0
 20
5265.0
 30
0.0
 11
2180.0
 21
5777.5
 31
0.0
  0
MTEXT
  5
A17
330
A0D
100
AcDbEntity
  8
FW_DIM
 62
7
100
AcDbMText
 10
2166.5
 20
5558.25
 30
0.0
 40
18.0
 71
5
  1
498
 50
90.0
  0
POINT
  5
A18
330
A0D
100
AcDbEntity
  8
Defpoints
100
AcDbPoint
 10
2180.0
 20
5272.5
 30
0.0
  0
POINT
  5
A19
330
A0D
100
AcDbEntity
  8
Defpoints
100
AcDbPoint
 10
2180.0
 20
5272.5
 30
0.0
  0
POINT
  5
A1A
330
A0D
100
AcDbEntity
  8
Defpoints
100
AcDbPoint
 10
2180.0
 20
5770.0
 30
0.0
  0
ENDBLK
  5
A0F
330
A0D
100
AcDbEntity
  8
0
100
AcDbBlockEnd
  0
BLOCK
  5
A1D
330
A1C
100
AcDbEntity
  8
0
100
AcDbBlockBegin
  2
*D142
 70
1
 10
0.0
 20
0.0
 30
0.0
  3
*D142
  1

  0
LINE
  5
A1F
330
A1C
100
AcDbEntity
  8
0
100
AcDbLine
 10
2175.5
 20
5770.0
 30
0.0
 11
2172.5
 21
5770.0
 31
0.0
  0
LINE
  5
A20
330
A1C
100
AcDbEntity
  8
0
100
AcDbLine
 10
2175.5
 20
5810.0
 30
0.0
 11
2172.5
 21
5810.0
 31
0.0
  0
INSERT
  5
A21
330
A1C
100
AcDbEntity
  8
FW_DIM
100
AcDbBlockReference
  2
_OBLIQUE
 10
2180.0
 20
5770.0
 30
0.0
 41
18.0
 42
18.0
 50
90.0
  0
INSERT
  5
A23
330
A1C
100
AcDbEntity
  8
FW_DIM
100
AcDbBlockReference
  2
_OBLIQUE
 10
2180.0
 20
5810.0
 30
0.0
 41
18.0
 42
18.0
 50
90.0
  0
LINE
  5
A25
330
A1C
100
AcDbEntity
  8
0
100
AcDbLine
 10
2180.0
 20
5762.5
 30
0.0
 11
2180.0
 21
5817.5
 31
0.0
  0
MTEXT
  5
A26
330
A1C
100
AcDbEntity
  8
FW_DIM
 62
7
100
AcDbMText
 10
2166.5
 20
5790.0
 30
0.0
 40
18.0
 71
5
  1
40
 50
90.0
  0
POINT
  5
A27
330
A1C
100
AcDbEntity
  8
Defpoints
100
AcDbPoint
 10
2180.0
 20
5770.0
 30
0.0
  0
POINT
  5
A28
330
A1C
100
AcDbEntity
  8
Defpoints
100
AcDbPoint
 10
2180.0
 20
5770.0
 30
0.0
  0
POINT
  5
A29
330
A1C
100
AcDbEntity
  8
Defpoints
100
AcDbPoint
 10
2180.0
 20
5810.0
 30
0.0
  0
ENDBLK
  5
A1E
330
A1C
100
AcDbEntity
  8
0
100
AcDbBlockEnd
  0
BLOCK
  5
A2C
330
A2B
100
AcDbEntity
  8
0
100
AcDbBlockBegin
  2
*D143
 70
1
 10
0.0
 20
0.0
 30
0.0
  3
*D143
  1

  0
LINE
  5
A2E
330
A2B
100
AcDbEntity
  8
0
100
AcDbLine
 10
2175.5
 20
5810.0
 30
0.0
 11
2172.5
 21
5810.0
 31
0.0
  0
LINE
  5
A2F
330
A2B
100
AcDbEntity
  8
0
100
AcDbLine
 10
2175.5
 20
6310.0
 30
0.0
 11
2172.5
 21
6310.0
 31
0.0
  0
INSERT
  5
A30
330
A2B
100
AcDbEntity
  8
FW_DIM
100
AcDbBlockReference
  2
_OBLIQUE
 10
2180.0
 20
5810.0
 30
0.0
 41
18.0
 42
18.0
 50
90.0
  0
INSERT
  5
A32
330
A2B
100
AcDbEntity
  8
FW_DIM
100
AcDbBlockReference
  2
_OBLIQUE
 10
2180.0
 20
6310.0
 30
0.0
 41
18.0
 42
18.0
 50
90.0
  0
LINE
  5
A34
330
A2B
100
AcDbEntity
  8
0
100
AcDbLine
 10
2180.0
 20
5802.5
 30
0.0
 11
2180.0
 21
6317.5
 31
0.0
  0
MTEXT
  5
A35
330
A2B
100
AcDbEntity
  8
FW_DIM
 62
7
100
AcDbMText
 10
2166.5
 20
6098.25
 30
0.0
 40
18.0
 71
5
  1
500
 50
90.0
  0
POINT
  5
A36
330
A2B
100
AcDbEntity
  8
Defpoints
100
AcDbPoint
 10
2180.0
 20
5810.0
 30
0.0
  0
POINT
  5
A37
330
A2B
100
AcDbEntity
  8
Defpoints
100
AcDbPoint
 10
2180.0
 20
5810.0
 30
0.0
  0
POINT
  5
A38
330
A2B
100
AcDbEntity
  8
Defpoints
100
AcDbPoint
 10
2180.0
 20
6310.0
 30
0.0
  0
ENDBLK
  5
A2D
330
A2B
100
AcDbEntity
  8
0
100
AcDbBlockEnd
  0
BLOCK
  5
A3B
330
A3A
100
AcDbEntity
  8
0
100
AcDbBlockBegin
  2
*D144
 70
1
 10
0.0
 20
0.0
 30
0.0
  3
*D144
  1

  0
LINE
  5
A3D
330
A3A
100
AcDbEntity
  8
0
100
AcDbLine
 10
2175.5
 20
6310.0
 30
0.0
 11
2172.5
 21
6310.0
 31
0.0
  0
LINE
  5
A3E
330
A3A
100
AcDbEntity
  8
0
100
AcDbLine
 10
2175.5
 20
6350.0
 30
0.0
 11
2172.5
 21
6350.0
 31
0.0
  0
INSERT
  5
A3F
330
A3A
100
AcDbEntity
  8
FW_DIM
100
AcDbBlockReference
  2
_OBLIQUE
 10
2180.0
 20
6310.0
 30
0.0
 41
18.0
 42
18.0
 50
90.0
  0
INSERT
  5
A41
330
A3A
100
AcDbEntity
  8
FW_DIM
100
AcDbBlockReference
  2
_OBLIQUE
 10
2180.0
 20
6350.0
 30
0.0
 41
18.0
 42
18.0
 50
90.0
  0
LINE
  5
A43
330
A3A
100
AcDbEntity
  8
0
100
AcDbLine
 10
2180.0
 20
6302.5
 30
0.0
 11
2180.0
 21
6357.5
 31
0.0
  0
MTEXT
  5
A44
330
A3A
100
AcDbEntity
  8
FW_DIM
 62
7
100
AcDbMText
 10
2166.5
 20
6330.0
 30
0.0
 40
18.0
 71
5
  1
40
 50
90.0
  0
POINT
  5
A45
330
A3A
100
AcDbEntity
  8
Defpoints
100
AcDbPoint
 10
2180.0
 20
6310.0
 30
0.0
  0
POINT
  5
A46
330
A3A
100
AcDbEntity
  8
Defpoints
100
AcDbPoint
 10
2180.0
 20
6310.0
 30
0.0
  0
POINT
  5
A47
330
A3A
100
AcDbEntity
  8
Defpoints
100
AcDbPoint
 10
2180.0
 20
6350.0
 30
0.0
  0
ENDBLK
  5
A3C
330
A3A
100
AcDbEntity
  8
0
100
AcDbBlockEnd
  0
BLOCK
  5
A4A
330
A49
100
AcDbEntity
  8
0
100
AcDbBlockBegin
  2
*D145
 70
1
 10
0.0
 20
0.0
 30
0.0
  3
*D145
  1

  0
LINE
  5
A4C
330
A49
100
AcDbEntity
  8
0
100
AcDbLine
 10
2175.5
 20
6350.0
 30
0.0
 11
2172.5
 21
6350.0
 31
0.0
  0
LINE
  5
A4D
330
A49
100
AcDbEntity
  8
0
100
AcDbLine
 10
2175.5
 20
6850.0
 30
0.0
 11
2172.5
 21
6850.0
 31
0.0
  0
INSERT
  5
A4E
330
A49
100
AcDbEntity
  8
FW_DIM
100
AcDbBlockReference
  2
_OBLIQUE
 10
2180.0
 20
6350.0
 30
0.0
 41
18.0
 42
18.0
 50
90.0
  0
INSERT
  5
A50
330
A49
100
AcDbEntity
  8
FW_DIM
100
AcDbBlockReference
  2
_OBLIQUE
 10
2180.0
 20
6850.0
 30
0.0
 41
18.0
 42
18.0
 50
90.0
  0
LINE
  5
A52
330
A49
100
AcDbEntity
  8
0
100
AcDbLine
 10
2180.0
 20
6342.5
 30
0.0
 11
2180.0
 21
6857.5
 31
0.0
  0
MTEXT
  5
A53
330
A49
100
AcDbEntity
  8
FW_DIM
 62
7
100
AcDbMText
 10
2166.5
 20
6638.25
 30
0.0
 40
18.0
 71
5
  1
500
 50
90.0
  0
POINT
  5
A54
330
A49
100
AcDbEntity
  8
Defpoints
100
AcDbPoint
 10
2180.0
 20
6350.0
 30
0.0
  0
POINT
  5
A55
330
A49
100
AcDbEntity
  8
Defpoints
100
AcDbPoint
 10
2180.0
 20
6350.0
 30
0.0
  0
POINT
  5
A56
330
A49
100
AcDbEntity
  8
Defpoints
100
AcDbPoint
 10
2180.0
 20
6850.0
 30
0.0
  0
ENDBLK
  5
A4B
330
A49
100
AcDbEntity
  8
0
100
AcDbBlockEnd
  0
BLOCK
  5
A59
330
A58
100
AcDbEntity
  8
0
100
AcDbBlockBegin
  2
*D146
 70
1
 10
0.0
 20
0.0
 30
0.0
  3
*D146
  1

  0
LINE
  5
A5B
330
A58
100
AcDbEntity
  8
0
100
AcDbLine
 10
2175.5
 20
6850.0
 30
0.0
 11
2172.5
 21
6850.0
 31
0.0
  0
LINE
  5
A5C
330
A58
100
AcDbEntity
  8
0
100
AcDbLine
 10
2175.5
 20
6890.0
 30
0.0
 11
2172.5
 21
6890.0
 31
0.0
  0
INSERT
  5
A5D
330
A58
100
AcDbEntity
  8
FW_DIM
100
AcDbBlockReference
  2
_OBLIQUE
 10
2180.0
 20
6850.0
 30
0.0
 41
18.0
 42
18.0
 50
90.0
  0
INSERT
  5
A5F
330
A58
100
AcDbEntity
  8
FW_DIM
100
AcDbBlockReference
  2
_OBLIQUE
 10
2180.0
 20
6890.0
 30
0.0
 41
18.0
 42
18.0
 50
90.0
  0
LINE
  5
A61
330
A58
100
AcDbEntity
  8
0
100
AcDbLine
 10
2180.0
 20
6842.5
 30
0.0
 11
2180.0
 21
6897.5
 31
0.0
  0
MTEXT
  5
A62
330
A58
100
AcDbEntity
  8
FW_DIM
 62
7
100
AcDbMText
 10
2166.5
 20
6870.0
 30
0.0
 40
18.0
 71
5
  1
40
 50
90.0
  0
POINT
  5
A63
330
A58
100
AcDbEntity
  8
Defpoints
100
AcDbPoint
 10
2180.0
 20
6850.0
 30
0.0
  0
POINT
  5
A64
330
A58
100
AcDbEntity
  8
Defpoints
100
AcDbPoint
 10
2180.0
 20
6850.0
 30
0.0
  0
POINT
  5
A65
330
A58
100
AcDbEntity
  8
Defpoints
100
AcDbPoint
 10
2180.0
 20
6890.0
 30
0.0
  0
ENDBLK
  5
A5A
330
A58
100
AcDbEntity
  8
0
100
AcDbBlockEnd
  0
BLOCK
  5
A68
330
A67
100
AcDbEntity
  8
0
100
AcDbBlockBegin
  2
*D147
 70
1
 10
0.0
 20
0.0
 30
0.0
  3
*D147
  1

  0
LINE
  5
A6A
330
A67
100
AcDbEntity
  8
0
100
AcDbLine
 10
2715.5
 20
4150.0
 30
0.0
 11
2712.5
 21
4150.0
 31
0.0
  0
LINE
  5
A6B
330
A67
100
AcDbEntity
  8
0
100
AcDbLine
 10
2715.5
 20
4190.0
 30
0.0
 11
2712.5
 21
4190.0
 31
0.0
  0
INSERT
  5
A6C
330
A67
100
AcDbEntity
  8
FW_DIM
100
AcDbBlockReference
  2
_OBLIQUE
 10
2720.0
 20
4150.0
 30
0.0
 41
18.0
 42
18.0
 50
90.0
  0
INSERT
  5
A6E
330
A67
100
AcDbEntity
  8
FW_DIM
100
AcDbBlockReference
  2
_OBLIQUE
 10
2720.0
 20
4190.0
 30
0.0
 41
18.0
 42
18.0
 50
90.0
  0
LINE
  5
A70
330
A67
100
AcDbEntity
  8
0
100
AcDbLine
 10
2720.0
 20
4142.5
 30
0.0
 11
2720.0
 21
4197.5
 31
0.0
  0
MTEXT
  5
A71
330
A67
100
AcDbEntity
  8
FW_DIM
 62
7
100
AcDbMText
 10
2706.5
 20
4170.0
 30
0.0
 40
18.0
 71
5
  1
40
 50
90.0
  0
POINT
  5
A72
330
A67
100
AcDbEntity
  8
Defpoints
100
AcDbPoint
 10
2720.0
 20
4150.0
 30
0.0
  0
POINT
  5
A73
330
A67
100
AcDbEntity
  8
Defpoints
100
AcDbPoint
 10
2720.0
 20
4150.0
 30
0.0
  0
POINT
  5
A74
330
A67
100
AcDbEntity
  8
Defpoints
100
AcDbPoint
 10
2720.0
 20
4190.0
 30
0.0
  0
ENDBLK
  5
A69
330
A67
100
AcDbEntity
  8
0
100
AcDbBlockEnd
  0
BLOCK
  5
A77
330
A76
100
AcDbEntity
  8
0
100
AcDbBlockBegin
  2
*D148
 70
1
 10
0.0
 20
0.0
 30
0.0
  3
*D148
  1

  0
LINE
  5
A79
330
A76
100
AcDbEntity
  8
0
100
AcDbLine
 10
2715.5
 20
4190.0
 30
0.0
 11
2712.5
 21
4190.0
 31
0.0
  0
LINE
  5
A7A
330
A76
100
AcDbEntity
  8
0
100
AcDbLine
 10
2715.5
 20
4690.0
 30
0.0
 11
2712.5
 21
4690.0
 31
0.0
  0
INSERT
  5
A7B
330
A76
100
AcDbEntity
  8
FW_DIM
100
AcDbBlockReference
  2
_OBLIQUE
 10
2720.0
 20
4190.0
 30
0.0
 41
18.0
 42
18.0
 50
90.0
  0
INSERT
  5
A7D
330
A76
100
AcDbEntity
  8
FW_DIM
100
AcDbBlockReference
  2
_OBLIQUE
 10
2720.0
 20
4690.0
 30
0.0
 41
18.0
 42
18.0
 50
90.0
  0
LINE
  5
A7F
330
A76
100
AcDbEntity
  8
0
100
AcDbLine
 10
2720.0
 20
4182.5
 30
0.0
 11
2720.0
 21
4697.5
 31
0.0
  0
MTEXT
  5
A80
330
A76
100
AcDbEntity
  8
FW_DIM
 62
7
100
AcDbMText
 10
2706.5
 20
4440.0
 30
0.0
 40
18.0
 71
5
  1
500
 50
90.0
  0
POINT
  5
A81
330
A76
100
AcDbEntity
  8
Defpoints
100
AcDbPoint
 10
2720.0
 20
4190.0
 30
0.0
  0
POINT
  5
A82
330
A76
100
AcDbEntity
  8
Defpoints
100
AcDbPoint
 10
2720.0
 20
4190.0
 30
0.0
  0
POINT
  5
A83
330
A76
100
AcDbEntity
  8
Defpoints
100
AcDbPoint
 10
2720.0
 20
4690.0
 30
0.0
  0
ENDBLK
  5
A78
330
A76
100
AcDbEntity
  8
0
100
AcDbBlockEnd
  0
BLOCK
  5
A86
330
A85
100
AcDbEntity
  8
0
100
AcDbBlockBegin
  2
*D149
 70
1
 10
0.0
 20
0.0
 30
0.0
  3
*D149
  1

  0
LINE
  5
A88
330
A85
100
AcDbEntity
  8
0
100
AcDbLine
 10
2715.5
 20
4690.0
 30
0.0
 11
2712.5
 21
4690.0
 31
0.0
  0
LINE
  5
A89
330
A85
100
AcDbEntity
  8
0
100
AcDbLine
 10
2715.5
 20
4730.0
 30
0.0
 11
2712.5
 21
4730.0
 31
0.0
  0
INSERT
  5
A8A
330
A85
100
AcDbEntity
  8
FW_DIM
100
AcDbBlockReference
  2
_OBLIQUE
 10
2720.0
 20
4690.0
 30
0.0
 41
18.0
 42
18.0
 50
90.0
  0
INSERT
  5
A8C
330
A85
100
AcDbEntity
  8
FW_DIM
100
AcDbBlockReference
  2
_OBLIQUE
 10
2720.0
 20
4730.0
 30
0.0
 41
18.0
 42
18.0
 50
90.0
  0
LINE
  5
A8E
330
A85
100
AcDbEntity
  8
0
100
AcDbLine
 10
2720.0
 20
4682.5
 30
0.0
 11
2720.0
 21
4737.5
 31
0.0
  0
MTEXT
  5
A8F
330
A85
100
AcDbEntity
  8
FW_DIM
 62
7
100
AcDbMText
 10
2706.5
 20
4710.0
 30
0.0
 40
18.0
 71
5
  1
40
 50
90.0
  0
POINT
  5
A90
330
A85
100
AcDbEntity
  8
Defpoints
100
AcDbPoint
 10
2720.0
 20
4690.0
 30
0.0
  0
POINT
  5
A91
330
A85
100
AcDbEntity
  8
Defpoints
100
AcDbPoint
 10
2720.0
 20
4690.0
 30
0.0
  0
POINT
  5
A92
330
A85
100
AcDbEntity
  8
Defpoints
100
AcDbPoint
 10
2720.0
 20
4730.0
 30
0.0
  0
ENDBLK
  5
A87
330
A85
100
AcDbEntity
  8
0
100
AcDbBlockEnd
  0
BLOCK
  5
A95
330
A94
100
AcDbEntity
  8
0
100
AcDbBlockBegin
  2
*D150
 70
1
 10
0.0
 20
0.0
 30
0.0
  3
*D150
  1

  0
LINE
  5
A97
330
A94
100
AcDbEntity
  8
0
100
AcDbLine
 10
2715.5
 20
4730.0
 30
0.0
 11
2712.5
 21
4730.0
 31
0.0
  0
LINE
  5
A98
330
A94
100
AcDbEntity
  8
0
100
AcDbLine
 10
2715.5
 20
5230.0
 30
0.0
 11
2712.5
 21
5230.0
 31
0.0
  0
INSERT
  5
A99
330
A94
100
AcDbEntity
  8
FW_DIM
100
AcDbBlockReference
  2
_OBLIQUE
 10
2720.0
 20
4730.0
 30
0.0
 41
18.0
 42
18.0
 50
90.0
  0
INSERT
  5
A9B
330
A94
100
AcDbEntity
  8
FW_DIM
100
AcDbBlockReference
  2
_OBLIQUE
 10
2720.0
 20
5230.0
 30
0.0
 41
18.0
 42
18.0
 50
90.0
  0
LINE
  5
A9D
330
A94
100
AcDbEntity
  8
0
100
AcDbLine
 10
2720.0
 20
4722.5
 30
0.0
 11
2720.0
 21
5237.5
 31
0.0
  0
MTEXT
  5
A9E
330
A94
100
AcDbEntity
  8
FW_DIM
 62
7
100
AcDbMText
 10
2706.5
 20
4980.0
 30
0.0
 40
18.0
 71
5
  1
500
 50
90.0
  0
POINT
  5
A9F
330
A94
100
AcDbEntity
  8
Defpoints
100
AcDbPoint
 10
2720.0
 20
4730.0
 30
0.0
  0
POINT
  5
AA0
330
A94
100
AcDbEntity
  8
Defpoints
100
AcDbPoint
 10
2720.0
 20
4730.0
 30
0.0
  0
POINT
  5
AA1
330
A94
100
AcDbEntity
  8
Defpoints
100
AcDbPoint
 10
2720.0
 20
5230.0
 30
0.0
  0
ENDBLK
  5
A96
330
A94
100
AcDbEntity
  8
0
100
AcDbBlockEnd
  0
BLOCK
  5
AA4
330
AA3
100
AcDbEntity
  8
0
100
AcDbBlockBegin
  2
*D151
 70
1
 10
0.0
 20
0.0
 30
0.0
  3
*D151
  1

  0
LINE
  5
AA6
330
AA3
100
AcDbEntity
  8
0
100
AcDbLine
 10
2715.5
 20
5230.0
 30
0.0
 11
2712.5
 21
5230.0
 31
0.0
  0
LINE
  5
AA7
330
AA3
100
AcDbEntity
  8
0
100
AcDbLine
 10
2715.5
 20
5270.0
 30
0.0
 11
2712.5
 21
5270.0
 31
0.0
  0
INSERT
  5
AA8
330
AA3
100
AcDbEntity
  8
FW_DIM
100
AcDbBlockReference
  2
_OBLIQUE
 10
2720.0
 20
5230.0
 30
0.0
 41
18.0
 42
18.0
 50
90.0
  0
INSERT
  5
AAA
330
AA3
100
AcDbEntity
  8
FW_DIM
100
AcDbBlockReference
  2
_OBLIQUE
 10
2720.0
 20
5270.0
 30
0.0
 41
18.0
 42
18.0
 50
90.0
  0
LINE
  5
AAC
330
AA3
100
AcDbEntity
  8
0
100
AcDbLine
 10
2720.0
 20
5222.5
 30
0.0
 11
2720.0
 21
5277.5
 31
0.0
  0
MTEXT
  5
AAD
330
AA3
100
AcDbEntity
  8
FW_DIM
 62
7
100
AcDbMText
 10
2706.5
 20
5250.0
 30
0.0
 40
18.0
 71
5
  1
40
 50
90.0
  0
POINT
  5
AAE
330
AA3
100
AcDbEntity
  8
Defpoints
100
AcDbPoint
 10
2720.0
 20
5230.0
 30
0.0
  0
POINT
  5
AAF
330
AA3
100
AcDbEntity
  8
Defpoints
100
AcDbPoint
 10
2720.0
 20
5230.0
 30
0.0
  0
POINT
  5
AB0
330
AA3
100
AcDbEntity
  8
Defpoints
100
AcDbPoint
 10
2720.0
 20
5270.0
 30
0.0
  0
ENDBLK
  5
AA5
330
AA3
100
AcDbEntity
  8
0
100
AcDbBlockEnd
  0
BLOCK
  5
AB3
330
AB2
100
AcDbEntity
  8
0
100
AcDbBlockBegin
  2
*D152
 70
1
 10
0.0
 20
0.0
 30
0.0
  3
*D152
  1

  0
LINE
  5
AB5
330
AB2
100
AcDbEntity
  8
0
100
AcDbLine
 10
2715.5
 20
5270.0
 30
0.0
 11
2712.5
 21
5270.0
 31
0.0
  0
LINE
  5
AB6
330
AB2
100
AcDbEntity
  8
0
100
AcDbLine
 10
2715.5
 20
5770.0
 30
0.0
 11
2712.5
 21
5770.0
 31
0.0
  0
INSERT
  5
AB7
330
AB2
100
AcDbEntity
  8
FW_DIM
100
AcDbBlockReference
  2
_OBLIQUE
 10
2720.0
 20
5270.0
 30
0.0
 41
18.0
 42
18.0
 50
90.0
  0
INSERT
  5
AB9
330
AB2
100
AcDbEntity
  8
FW_DIM
100
AcDbBlockReference
  2
_OBLIQUE
 10
2720.0
 20
5770.0
 30
0.0
 41
18.0
 42
18.0
 50
90.0
  0
LINE
  5
ABB
330
AB2
100
AcDbEntity
  8
0
100
AcDbLine
 10
2720.0
 20
5262.5
 30
0.0
 11
2720.0
 21
5777.5
 31
0.0
  0
MTEXT
  5
ABC
330
AB2
100
AcDbEntity
  8
FW_DIM
 62
7
100
AcDbMText
 10
2706.5
 20
5520.0
 30
0.0
 40
18.0
 71
5
  1
500
 50
90.0
  0
POINT
  5
ABD
330
AB2
100
AcDbEntity
  8
Defpoints
100
AcDbPoint
 10
2720.0
 20
5270.0
 30
0.0
  0
POINT
  5
ABE
330
AB2
100
AcDbEntity
  8
Defpoints
100
AcDbPoint
 10
2720.0
 20
5270.0
 30
0.0
  0
POINT
  5
ABF
330
AB2
100
AcDbEntity
  8
Defpoints
100
AcDbPoint
 10
2720.0
 20
5770.0
 30
0.0
  0
ENDBLK
  5
AB4
330
AB2
100
AcDbEntity
  8
0
100
AcDbBlockEnd
  0
BLOCK
  5
AC2
330
AC1
100
AcDbEntity
  8
0
100
AcDbBlockBegin
  2
*D153
 70
1
 10
0.0
 20
0.0
 30
0.0
  3
*D153
  1

  0
LINE
  5
AC4
330
AC1
100
AcDbEntity
  8
0
100
AcDbLine
 10
2715.5
 20
5770.0
 30
0.0
 11
2712.5
 21
5770.0
 31
0.0
  0
LINE
  5
AC5
330
AC1
100
AcDbEntity
  8
0
100
AcDbLine
 10
2715.5
 20
5810.0
 30
0.0
 11
2712.5
 21
5810.0
 31
0.0
  0
INSERT
  5
AC6
330
AC1
100
AcDbEntity
  8
FW_DIM
100
AcDbBlockReference
  2
_OBLIQUE
 10
2720.0
 20
5770.0
 30
0.0
 41
18.0
 42
18.0
 50
90.0
  0
INSERT
  5
AC8
330
AC1
100
AcDbEntity
  8
FW_DIM
100
AcDbBlockReference
  2
_OBLIQUE
 10
2720.0
 20
5810.0
 30
0.0
 41
18.0
 42
18.0
 50
90.0
  0
LINE
  5
ACA
330
AC1
100
AcDbEntity
  8
0
100
AcDbLine
 10
2720.0
 20
5762.5
 30
0.0
 11
2720.0
 21
5817.5
 31
0.0
  0
MTEXT
  5
ACB
330
AC1
100
AcDbEntity
  8
FW_DIM
 62
7
100
AcDbMText
 10
2706.5
 20
5790.0
 30
0.0
 40
18.0
 71
5
  1
40
 50
90.0
  0
POINT
  5
ACC
330
AC1
100
AcDbEntity
  8
Defpoints
100
AcDbPoint
 10
2720.0
 20
5770.0
 30
0.0
  0
POINT
  5
ACD
330
AC1
100
AcDbEntity
  8
Defpoints
100
AcDbPoint
 10
2720.0
 20
5770.0
 30
0.0
  0
POINT
  5
ACE
330
AC1
100
AcDbEntity
  8
Defpoints
100
AcDbPoint
 10
2720.0
 20
5810.0
 30
0.0
  0
ENDBLK
  5
AC3
330
AC1
100
AcDbEntity
  8
0
100
AcDbBlockEnd
  0
BLOCK
  5
AD1
330
AD0
100
AcDbEntity
  8
0
100
AcDbBlockBegin
  2
*D154
 70
1
 10
0.0
 20
0.0
 30
0.0
  3
*D154
  1

  0
LINE
  5
AD3
330
AD0
100
AcDbEntity
  8
0
100
AcDbLine
 10
2715.5
 20
5810.0
 30
0.0
 11
2712.5
 21
5810.0
 31
0.0
  0
LINE
  5
AD4
330
AD0
100
AcDbEntity
  8
0
100
AcDbLine
 10
2715.5
 20
6310.0
 30
0.0
 11
2712.5
 21
6310.0
 31
0.0
  0
INSERT
  5
AD5
330
AD0
100
AcDbEntity
  8
FW_DIM
100
AcDbBlockReference
  2
_OBLIQUE
 10
2720.0
 20
5810.0
 30
0.0
 41
18.0
 42
18.0
 50
90.0
  0
INSERT
  5
AD7
330
AD0
100
AcDbEntity
  8
FW_DIM
100
AcDbBlockReference
  2
_OBLIQUE
 10
2720.0
 20
6310.0
 30
0.0
 41
18.0
 42
18.0
 50
90.0
  0
LINE
  5
AD9
330
AD0
100
AcDbEntity
  8
0
100
AcDbLine
 10
2720.0
 20
5802.5
 30
0.0
 11
2720.0
 21
6317.5
 31
0.0
  0
MTEXT
  5
ADA
330
AD0
100
AcDbEntity
  8
FW_DIM
 62
7
100
AcDbMText
 10
2706.5
 20
6060.0
 30
0.0
 40
18.0
 71
5
  1
500
 50
90.0
  0
POINT
  5
ADB
330
AD0
100
AcDbEntity
  8
Defpoints
100
AcDbPoint
 10
2720.0
 20
5810.0
 30
0.0
  0
POINT
  5
ADC
330
AD0
100
AcDbEntity
  8
Defpoints
100
AcDbPoint
 10
2720.0
 20
5810.0
 30
0.0
  0
POINT
  5
ADD
330
AD0
100
AcDbEntity
  8
Defpoints
100
AcDbPoint
 10
2720.0
 20
6310.0
 30
0.0
  0
ENDBLK
  5
AD2
330
AD0
100
AcDbEntity
  8
0
100
AcDbBlockEnd
  0
BLOCK
  5
AE0
330
ADF
100
AcDbEntity
  8
0
100
AcDbBlockBegin
  2
*D155
 70
1
 10
0.0
 20
0.0
 30
0.0
  3
*D155
  1

  0
LINE
  5
AE2
330
ADF
100
AcDbEntity
  8
0
100
AcDbLine
 10
2715.5
 20
6310.0
 30
0.0
 11
2712.5
 21
6310.0
 31
0.0
  0
LINE
  5
AE3
330
ADF
100
AcDbEntity
  8
0
100
AcDbLine
 10
2715.5
 20
6350.0
 30
0.0
 11
2712.5
 21
6350.0
 31
0.0
  0
INSERT
  5
AE4
330
ADF
100
AcDbEntity
  8
FW_DIM
100
AcDbBlockReference
  2
_OBLIQUE
 10
2720.0
 20
6310.0
 30
0.0
 41
18.0
 42
18.0
 50
90.0
  0
INSERT
  5
AE6
330
ADF
100
AcDbEntity
  8
FW_DIM
100
AcDbBlockReference
  2
_OBLIQUE
 10
2720.0
 20
6350.0
 30
0.0
 41
18.0
 42
18.0
 50
90.0
  0
LINE
  5
AE8
330
ADF
100
AcDbEntity
  8
0
100
AcDbLine
 10
2720.0
 20
6302.5
 30
0.0
 11
2720.0
 21
6357.5
 31
0.0
  0
MTEXT
  5
AE9
330
ADF
100
AcDbEntity
  8
FW_DIM
 62
7
100
AcDbMText
 10
2706.5
 20
6330.0
 30
0.0
 40
18.0
 71
5
  1
40
 50
90.0
  0
POINT
  5
AEA
330
ADF
100
AcDbEntity
  8
Defpoints
100
AcDbPoint
 10
2720.0
 20
6310.0
 30
0.0
  0
POINT
  5
AEB
330
ADF
100
AcDbEntity
  8
Defpoints
100
AcDbPoint
 10
2720.0
 20
6310.0
 30
0.0
  0
POINT
  5
AEC
330
ADF
100
AcDbEntity
  8
Defpoints
100
AcDbPoint
 10
2720.0
 20
6350.0
 30
0.0
  0
ENDBLK
  5
AE1
330
ADF
100
AcDbEntity
  8
0
100
AcDbBlockEnd
  0
BLOCK
  5
AEF
330
AEE
100
AcDbEntity
  8
0
100
AcDbBlockBegin
  2
*D156
 70
1
 10
0.0
 20
0.0
 30
0.0
  3
*D156
  1

  0
LINE
  5
AF1
330
AEE
100
AcDbEntity
  8
0
100
AcDbLine
 10
2715.5
 20
6350.0
 30
0.0
 11
2712.5
 21
6350.0
 31
0.0
  0
LINE
  5
AF2
330
AEE
100
AcDbEntity
  8
0
100
AcDbLine
 10
2715.5
 20
6850.0
 30
0.0
 11
2712.5
 21
6850.0
 31
0.0
  0
INSERT
  5
AF3
330
AEE
100
AcDbEntity
  8
FW_DIM
100
AcDbBlockReference
  2
_OBLIQUE
 10
2720.0
 20
6350.0
 30
0.0
 41
18.0
 42
18.0
 50
90.0
  0
INSERT
  5
AF5
330
AEE
100
AcDbEntity
  8
FW_DIM
100
AcDbBlockReference
  2
_OBLIQUE
 10
2720.0
 20
6850.0
 30
0.0
 41
18.0
 42
18.0
 50
90.0
  0
LINE
  5
AF7
330
AEE
100
AcDbEntity
  8
0
100
AcDbLine
 10
2720.0
 20
6342.5
 30
0.0
 11
2720.0
 21
6857.5
 31
0.0
  0
MTEXT
  5
AF8
330
AEE
100
AcDbEntity
  8
FW_DIM
 62
7
100
AcDbMText
 10
2706.5
 20
6600.0
 30
0.0
 40
18.0
 71
5
  1
500
 50
90.0
  0
POINT
  5
AF9
330
AEE
100
AcDbEntity
  8
Defpoints
100
AcDbPoint
 10
2720.0
 20
6350.0
 30
0.0
  0
POINT
  5
AFA
330
AEE
100
AcDbEntity
  8
Defpoints
100
AcDbPoint
 10
2720.0
 20
6350.0
 30
0.0
  0
POINT
  5
AFB
330
AEE
100
AcDbEntity
  8
Defpoints
100
AcDbPoint
 10
2720.0
 20
6850.0
 30
0.0
  0
ENDBLK
  5
AF0
330
AEE
100
AcDbEntity
  8
0
100
AcDbBlockEnd
  0
BLOCK
  5
AFE
330
AFD
100
AcDbEntity
  8
0
100
AcDbBlockBegin
  2
*D157
 70
1
 10
0.0
 20
0.0
 30
0.0
  3
*D157
  1

  0
LINE
  5
B00
330
AFD
100
AcDbEntity
  8
0
100
AcDbLine
 10
2715.5
 20
6850.0
 30
0.0
 11
2712.5
 21
6850.0
 31
0.0
  0
LINE
  5
B01
330
AFD
100
AcDbEntity
  8
0
100
AcDbLine
 10
2715.5
 20
6890.0
 30
0.0
 11
2712.5
 21
6890.0
 31
0.0
  0
INSERT
  5
B02
330
AFD
100
AcDbEntity
  8
FW_DIM
100
AcDbBlockReference
  2
_OBLIQUE
 10
2720.0
 20
6850.0
 30
0.0
 41
18.0
 42
18.0
 50
90.0
  0
INSERT
  5
B04
330
AFD
100
AcDbEntity
  8
FW_DIM
100
AcDbBlockReference
  2
_OBLIQUE
 10
2720.0
 20
6890.0
 30
0.0
 41
18.0
 42
18.0
 50
90.0
  0
LINE
  5
B06
330
AFD
100
AcDbEntity
  8
0
100
AcDbLine
 10
2720.0
 20
6842.5
 30
0.0
 11
2720.0
 21
6897.5
 31
0.0
  0
MTEXT
  5
B07
330
AFD
100
AcDbEntity
  8
FW_DIM
 62
7
100
AcDbMText
 10
2706.5
 20
6870.0
 30
0.0
 40
18.0
 71
5
  1
40
 50
90.0
  0
POINT
  5
B08
330
AFD
100
AcDbEntity
  8
Defpoints
100
AcDbPoint
 10
2720.0
 20
6850.0
 30
0.0
  0
POINT
  5
B09
330
AFD
100
AcDbEntity
  8
Defpoints
100
AcDbPoint
 10
2720.0
 20
6850.0
 30
0.0
  0
POINT
  5
B0A
330
AFD
100
AcDbEntity
  8
Defpoints
100
AcDbPoint
 10
2720.0
 20
6890.0
 30
0.0
  0
ENDBLK
  5
AFF
330
AFD
100
AcDbEntity
  8
0
100
AcDbBlockEnd
  0
BLOCK
  5
B0D
330
B0C
100
AcDbEntity
  8
0
100
AcDbBlockBegin
  2
*D158
 70
1
 10
0.0
 20
0.0
 30
0.0
  3
*D158
  1

  0
LINE
  5
B0F
330
B0C
100
AcDbEntity
  8
0
100
AcDbLine
 10
0.0
 20
6894.5
 30
0.0
 11
0.0
 21
6957.5
 31
0.0
  0
LINE
  5
B10
330
B0C
100
AcDbEntity
  8
0
100
AcDbLine
 10
20.0
 20
6894.5
 30
0.0
 11
20.0
 21
6957.5
 31
0.0
  0
INSERT
  5
B11
330
B0C
100
AcDbEntity
  8
FW_DIM
100
AcDbBlockReference
  2
_OBLIQUE
 10
0.0
 20
6950.0
 30
0.0
 41
18.0
 42
18.0
  0
INSERT
  5
B13
330
B0C
100
AcDbEntity
  8
FW_DIM
100
AcDbBlockReference
  2
_OBLIQUE
 10
20.0
 20
6950.0
 30
0.0
 41
18.0
 42
18.0
  0
LINE
  5
B15
330
B0C
100
AcDbEntity
  8
0
100
AcDbLine
 10
-7.5
 20
6950.0
 30
0.0
 11
27.5
 21
6950.0
 31
0.0
  0
MTEXT
  5
B16
330
B0C
100
AcDbEntity
  8
FW_DIM
 62
7
100
AcDbMText
 10
10.0
 20
6971.0
 30
0.0
 40
18.0
 71
5
  1
20
  0
POINT
  5
B17
330
B0C
100
AcDbEntity
  8
Defpoints
100
AcDbPoint
 10
0.0
 20
6950.0
 30
0.0
  0
POINT
  5
B18
330
B0C
100
AcDbEntity
  8
Defpoints
100
AcDbPoint
 10
0.0
 20
6890.0
 30
0.0
  0
POINT
  5
B19
330
B0C
100
AcDbEntity
  8
Defpoints
100
AcDbPoint
 10
20.0
 20
6890.0
 30
0.0
  0
ENDBLK
  5
B0E
330
B0C
100
AcDbEntity
  8
0
100
AcDbBlockEnd
  0
BLOCK
  5
B1C
330
B1B
100
AcDbEntity
  8
0
100
AcDbBlockBegin
  2
*D159
 70
1
 10
0.0
 20
0.0
 30
0.0
  3
*D159
  1

  0
LINE
  5
B1E
330
B1B
100
AcDbEntity
  8
0
100
AcDbLine
 10
20.0
 20
6894.5
 30
0.0
 11
20.0
 21
6957.5
 31
0.0
  0
LINE
  5
B1F
330
B1B
100
AcDbEntity
  8
0
100
AcDbLine
 10
560.0
 20
6894.5
 30
0.0
 11
560.0
 21
6957.5
 31
0.0
  0
INSERT
  5
B20
330
B1B
100
AcDbEntity
  8
FW_DIM
100
AcDbBlockReference
  2
_OBLIQUE
 10
20.0
 20
6950.0
 30
0.0
 41
18.0
 42
18.0
  0
INSERT
  5
B22
330
B1B
100
AcDbEntity
  8
FW_DIM
100
AcDbBlockReference
  2
_OBLIQUE
 10
560.0
 20
6950.0
 30
0.0
 41
18.0
 42
18.0
  0
LINE
  5
B24
330
B1B
100
AcDbEntity
  8
0
100
AcDbLine
 10
12.5
 20
6950.0
 30
0.0
 11
567.5
 21
6950.0
 31
0.0
  0
MTEXT
  5
B25
330
B1B
100
AcDbEntity
  8
FW_DIM
 62
7
100
AcDbMText
 10
290.0
 20
6963.5
 30
0.0
 40
18.0
 71
5
  1
540
  0
POINT
  5
B26
330
B1B
100
AcDbEntity
  8
Defpoints
100
AcDbPoint
 10
20.0
 20
6950.0
 30
0.0
  0
POINT
  5
B27
330
B1B
100
AcDbEntity
  8
Defpoints
100
AcDbPoint
 10
20.0
 20
6890.0
 30
0.0
  0
POINT
  5
B28
330
B1B
100
AcDbEntity
  8
Defpoints
100
AcDbPoint
 10
560.0
 20
6890.0
 30
0.0
  0
ENDBLK
  5
B1D
330
B1B
100
AcDbEntity
  8
0
100
AcDbBlockEnd
  0
BLOCK
  5
B2B
330
B2A
100
AcDbEntity
  8
0
100
AcDbBlockBegin
  2
*D160
 70
1
 10
0.0
 20
0.0
 30
0.0
  3
*D160
  1

  0
LINE
  5
B2D
330
B2A
100
AcDbEntity
  8
0
100
AcDbLine
 10
560.0
 20
6894.5
 30
0.0
 11
560.0
 21
6957.5
 31
0.0
  0
LINE
  5
B2E
330
B2A
100
AcDbEntity
  8
0
100
AcDbLine
 10
1100.0
 20
6894.5
 30
0.0
 11
1100.0
 21
6957.5
 31
0.0
  0
INSERT
  5
B2F
330
B2A
100
AcDbEntity
  8
FW_DIM
100
AcDbBlockReference
  2
_OBLIQUE
 10
560.0
 20
6950.0
 30
0.0
 41
18.0
 42
18.0
  0
INSERT
  5
B31
330
B2A
100
AcDbEntity
  8
FW_DIM
100
AcDbBlockReference
  2
_OBLIQUE
 10
1100.0
 20
6950.0
 30
0.0
 41
18.0
 42
18.0
  0
LINE
  5
B33
330
B2A
100
AcDbEntity
  8
0
100
AcDbLine
 10
552.5
 20
6950.0
 30
0.0
 11
1107.5
 21
6950.0
 31
0.0
  0
MTEXT
  5
B34
330
B2A
100
AcDbEntity
  8
FW_DIM
 62
7
100
AcDbMText
 10
830.0
 20
6963.5
 30
0.0
 40
18.0
 71
5
  1
540
  0
POINT
  5
B35
330
B2A
100
AcDbEntity
  8
Defpoints
100
AcDbPoint
 10
560.0
 20
6950.0
 30
0.0
  0
POINT
  5
B36
330
B2A
100
AcDbEntity
  8
Defpoints
100
AcDbPoint
 10
560.0
 20
6890.0
 30
0.0
  0
POINT
  5
B37
330
B2A
100
AcDbEntity
  8
Defpoints
100
AcDbPoint
 10
1100.0
 20
6890.0
 30
0.0
  0
ENDBLK
  5
B2C
330
B2A
100
AcDbEntity
  8
0
100
AcDbBlockEnd
  0
BLOCK
  5
B3A
330
B39
100
AcDbEntity
  8
0
100
AcDbBlockBegin
  2
*D161
 70
1
 10
0.0
 20
0.0
 30
0.0
  3
*D161
  1

  0
LINE
  5
B3C
330
B39
100
AcDbEntity
  8
0
100
AcDbLine
 10
1100.0
 20
6894.5
 30
0.0
 11
1100.0
 21
6957.5
 31
0.0
  0
LINE
  5
B3D
330
B39
100
AcDbEntity
  8
0
100
AcDbLine
 10
1640.0
 20
6894.5
 30
0.0
 11
1640.0
 21
6957.5
 31
0.0
  0
INSERT
  5
B3E
330
B39
100
AcDbEntity
  8
FW_DIM
100
AcDbBlockReference
  2
_OBLIQUE
 10
1100.0
 20
6950.0
 30
0.0
 41
18.0
 42
18.0
  0
INSERT
  5
B40
330
B39
100
AcDbEntity
  8
FW_DIM
100
AcDbBlockReference
  2
_OBLIQUE
 10
1640.0
 20
6950.0
 30
0.0
 41
18.0
 42
18.0
  0
LINE
  5
B42
330
B39
100
AcDbEntity
  8
0
100
AcDbLine
 10
1092.5
 20
6950.0
 30
0.0
 11
1647.5
 21
6950.0
 31
0.0
  0
MTEXT
  5
B43
330
B39
100
AcDbEntity
  8
FW_DIM
 62
7
100
AcDbMText
 10
1370.0
 20
6963.5
 30
0.0
 40
18.0
 71
5
  1
540
  0
POINT
  5
B44
330
B39
100
AcDbEntity
  8
Defpoints
100
AcDbPoint
 10
1100.0
 20
6950.0
 30
0.0
  0
POINT
  5
B45
330
B39
100
AcDbEntity
  8
Defpoints
100
AcDbPoint
 10
1100.0
 20
6890.0
 30
0.0
  0
POINT
  5
B46
330
B39
100
AcDbEntity
  8
Defpoints
100
AcDbPoint
 10
1640.0
 20
6890.0
 30
0.0
  0
ENDBLK
  5
B3B
330
B39
100
AcDbEntity
  8
0
100
AcDbBlockEnd
  0
BLOCK
  5
B49
330
B48
100
AcDbEntity
  8
0
100
AcDbBlockBegin
  2
*D162
 70
1
 10
0.0
 20
0.0
 30
0.0
  3
*D162
  1

  0
LINE
  5
B4B
330
B48
100
AcDbEntity
  8
0
100
AcDbLine
 10
1640.0
 20
6894.5
 30
0.0
 11
1640.0
 21
6957.5
 31
0.0
  0
LINE
  5
B4C
330
B48
100
AcDbEntity
  8
0
100
AcDbLine
 10
2180.0
 20
6894.5
 30
0.0
 11
2180.0
 21
6957.5
 31
0.0
  0
INSERT
  5
B4D
330
B48
100
AcDbEntity
  8
FW_DIM
100
AcDbBlockReference
  2
_OBLIQUE
 10
1640.0
 20
6950.0
 30
0.0
 41
18.0
 42
18.0
  0
INSERT
  5
B4F
330
B48
100
AcDbEntity
  8
FW_DIM
100
AcDbBlockReference
  2
_OBLIQUE
 10
2180.0
 20
6950.0
 30
0.0
 41
18.0
 42
18.0
  0
LINE
  5
B51
330
B48
100
AcDbEntity
  8
0
100
AcDbLine
 10
1632.5
 20
6950.0
 30
0.0
 11
2187.5
 21
6950.0
 31
0.0
  0
MTEXT
  5
B52
330
B48
100
AcDbEntity
  8
FW_DIM
 62
7
100
AcDbMText
 10
1910.0
 20
6963.5
 30
0.0
 40
18.0
 71
5
  1
540
  0
POINT
  5
B53
330
B48
100
AcDbEntity
  8
Defpoints
100
AcDbPoint
 10
1640.0
 20
6950.0
 30
0.0
  0
POINT
  5
B54
330
B48
100
AcDbEntity
  8
Defpoints
100
AcDbPoint
 10
1640.0
 20
6890.0
 30
0.0
  0
POINT
  5
B55
330
B48
100
AcDbEntity
  8
Defpoints
100
AcDbPoint
 10
2180.0
 20
6890.0
 30
0.0
  0
ENDBLK
  5
B4A
330
B48
100
AcDbEntity
  8
0
100
AcDbBlockEnd
  0
BLOCK
  5
B58
330
B57
100
AcDbEntity
  8
0
100
AcDbBlockBegin
  2
*D163
 70
1
 10
0.0
 20
0.0
 30
0.0
  3
*D163
  1

  0
LINE
  5
B5A
330
B57
100
AcDbEntity
  8
0
100
AcDbLine
 10
2180.0
 20
6894.5
 30
0.0
 11
2180.0
 21
6957.5
 31
0.0
  0
LINE
  5
B5B
330
B57
100
AcDbEntity
  8
0
100
AcDbLine
 10
2720.0
 20
6894.5
 30
0.0
 11
2720.0
 21
6957.5
 31
0.0
  0
INSERT
  5
B5C
330
B57
100
AcDbEntity
  8
FW_DIM
100
AcDbBlockReference
  2
_OBLIQUE
 10
2180.0
 20
6950.0
 30
0.0
 41
18.0
 42
18.0
  0
INSERT
  5
B5E
330
B57
100
AcDbEntity
  8
FW_DIM
100
AcDbBlockReference
  2
_OBLIQUE
 10
2720.0
 20
6950.0
 30
0.0
 41
18.0
 42
18.0
  0
LINE
  5
B60
330
B57
100
AcDbEntity
  8
0
100
AcDbLine
 10
2172.5
 20
6950.0
 30
0.0
 11
2727.5
 21
6950.0
 31
0.0
  0
MTEXT
  5
B61
330
B57
100
AcDbEntity
  8
FW_DIM
 62
7
100
AcDbMText
 10
2450.0
 20
6963.5
 30
0.0
 40
18.0
 71
5
  1
540
  0
POINT
  5
B62
330
B57
100
AcDbEntity
  8
Defpoints
100
AcDbPoint
 10
2180.0
 20
6950.0
 30
0.0
  0
POINT
  5
B63
330
B57
100
AcDbEntity
  8
Defpoints
100
AcDbPoint
 10
2180.0
 20
6890.0
 30
0.0
  0
POINT
  5
B64
330
B57
100
AcDbEntity
  8
Defpoints
100
AcDbPoint
 10
2720.0
 20
6890.0
 30
0.0
  0
ENDBLK
  5
B59
330
B57
100
AcDbEntity
  8
0
100
AcDbBlockEnd
  0
BLOCK
  5
B67
330
B66
100
AcDbEntity
  8
0
100
AcDbBlockBegin
  2
*D164
 70
1
 10
0.0
 20
0.0
 30
0.0
  3
*D164
  1

  0
LINE
  5
B69
330
B66
100
AcDbEntity
  8
0
100
AcDbLine
 10
2720.0
 20
6894.5
 30
0.0
 11
2720.0
 21
6957.5
 31
0.0
  0
LINE
  5
B6A
330
B66
100
AcDbEntity
  8
0
100
AcDbLine
 10
2740.0
 20
6894.5
 30
0.0
 11
2740.0
 21
6957.5
 31
0.0
  0
INSERT
  5
B6B
330
B66
100
AcDbEntity
  8
FW_DIM
100
AcDbBlockReference
  2
_OBLIQUE
 10
2720.0
 20
6950.0
 30
0.0
 41
18.0
 42
18.0
  0
INSERT
  5
B6D
330
B66
100
AcDbEntity
  8
FW_DIM
100
AcDbBlockReference
  2
_OBLIQUE
 10
2740.0
 20
6950.0
 30
0.0
 41
18.0
 42
18.0
  0
LINE
  5
B6F
330
B66
100
AcDbEntity
  8
0
100
AcDbLine
 10
2712.5
 20
6950.0
 30
0.0
 11
2747.5
 21
6950.0
 31
0.0
  0
MTEXT
  5
B70
330
B66
100
AcDbEntity
  8
FW_DIM
 62
7
100
AcDbMText
 10
2730.0
 20
6971.0
 30
0.0
 40
18.0
 71
5
  1
20
  0
POINT
  5
B71
330
B66
100
AcDbEntity
  8
Defpoints
100
AcDbPoint
 10
2720.0
 20
6950.0
 30
0.0
  0
POINT
  5
B72
330
B66
100
AcDbEntity
  8
Defpoints
100
AcDbPoint
 10
2720.0
 20
6890.0
 30
0.0
  0
POINT
  5
B73
330
B66
100
AcDbEntity
  8
Defpoints
100
AcDbPoint
 10
2740.0
 20
6890.0
 30
0.0
  0
ENDBLK
  5
B68
330
B66
100
AcDbEntity
  8
0
100
AcDbBlockEnd
  0
BLOCK
  5
B76
330
B75
100
AcDbEntity
  8
0
100
AcDbBlockBegin
  2
*D165
 70
1
 10
0.0
 20
0.0
 30
0.0
  3
*D165
  1

  0
LINE
  5
B78
330
B75
100
AcDbEntity
  8
0
100
AcDbLine
 10
0.0
 20
4145.5
 30
0.0
 11
0.0
 21
4082.5
 31
0.0
  0
LINE
  5
B79
330
B75
100
AcDbEntity
  8
0
100
AcDbLine
 10
20.0
 20
4145.5
 30
0.0
 11
20.0
 21
4082.5
 31
0.0
  0
INSERT
  5
B7A
330
B75
100
AcDbEntity
  8
FW_DIM
100
AcDbBlockReference
  2
_OBLIQUE
 10
0.0
 20
4090.0
 30
0.0
 41
18.0
 42
18.0
  0
INSERT
  5
B7C
330
B75
100
AcDbEntity
  8
FW_DIM
100
AcDbBlockReference
  2
_OBLIQUE
 10
20.0
 20
4090.0
 30
0.0
 41
18.0
 42
18.0
  0
LINE
  5
B7E
330
B75
100
AcDbEntity
  8
0
100
AcDbLine
 10
-7.5
 20
4090.0
 30
0.0
 11
27.5
 21
4090.0
 31
0.0
  0
MTEXT
  5
B7F
330
B75
100
AcDbEntity
  8
FW_DIM
 62
7
100
AcDbMText
 10
10.0
 20
4111.0
 30
0.0
 40
18.0
 71
5
  1
20
  0
POINT
  5
B80
330
B75
100
AcDbEntity
  8
Defpoints
100
AcDbPoint
 10
0.0
 20
4090.0
 30
0.0
  0
POINT
  5
B81
330
B75
100
AcDbEntity
  8
Defpoints
100
AcDbPoint
 10
0.0
 20
4150.0
 30
0.0
  0
POINT
  5
B82
330
B75
100
AcDbEntity
  8
Defpoints
100
AcDbPoint
 10
20.0
 20
4150.0
 30
0.0
  0
ENDBLK
  5
B77
330
B75
100
AcDbEntity
  8
0
100
AcDbBlockEnd
  0
BLOCK
  5
B85
330
B84
100
AcDbEntity
  8
0
100
AcDbBlockBegin
  2
*D166
 70
1
 10
0.0
 20
0.0
 30
0.0
  3
*D166
  1

  0
LINE
  5
B87
330
B84
100
AcDbEntity
  8
0
100
AcDbLine
 10
20.0
 20
4145.5
 30
0.0
 11
20.0
 21
4082.5
 31
0.0
  0
LINE
  5
B88
330
B84
100
AcDbEntity
  8
0
100
AcDbLine
 10
560.0
 20
4145.5
 30
0.0
 11
560.0
 21
4082.5
 31
0.0
  0
INSERT
  5
B89
330
B84
100
AcDbEntity
  8
FW_DIM
100
AcDbBlockReference
  2
_OBLIQUE
 10
20.0
 20
4090.0
 30
0.0
 41
18.0
 42
18.0
  0
INSERT
  5
B8B
330
B84
100
AcDbEntity
  8
FW_DIM
100
AcDbBlockReference
  2
_OBLIQUE
 10
560.0
 20
4090.0
 30
0.0
 41
18.0
 42
18.0
  0
LINE
  5
B8D
330
B84
100
AcDbEntity
  8
0
100
AcDbLine
 10
12.5
 20
4090.0
 30
0.0
 11
567.5
 21
4090.0
 31
0.0
  0
MTEXT
  5
B8E
330
B84
100
AcDbEntity
  8
FW_DIM
 62
7
100
AcDbMText
 10
290.0
 20
4103.5
 30
0.0
 40
18.0
 71
5
  1
540
  0
POINT
  5
B8F
330
B84
100
AcDbEntity
  8
Defpoints
100
AcDbPoint
 10
20.0
 20
4090.0
 30
0.0
  0
POINT
  5
B90
330
B84
100
AcDbEntity
  8
Defpoints
100
AcDbPoint
 10
20.0
 20
4150.0
 30
0.0
  0
POINT
  5
B91
330
B84
100
AcDbEntity
  8
Defpoints
100
AcDbPoint
 10
560.0
 20
4150.0
 30
0.0
  0
ENDBLK
  5
B86
330
B84
100
AcDbEntity
  8
0
100
AcDbBlockEnd
  0
BLOCK
  5
B94
330
B93
100
AcDbEntity
  8
0
100
AcDbBlockBegin
  2
*D167
 70
1
 10
0.0
 20
0.0
 30
0.0
  3
*D167
  1

  0
LINE
  5
B96
330
B93
100
AcDbEntity
  8
0
100
AcDbLine
 10
560.0
 20
4145.5
 30
0.0
 11
560.0
 21
4082.5
 31
0.0
  0
LINE
  5
B97
330
B93
100
AcDbEntity
  8
0
100
AcDbLine
 10
1100.0
 20
4145.5
 30
0.0
 11
1100.0
 21
4082.5
 31
0.0
  0
INSERT
  5
B98
330
B93
100
AcDbEntity
  8
FW_DIM
100
AcDbBlockReference
  2
_OBLIQUE
 10
560.0
 20
4090.0
 30
0.0
 41
18.0
 42
18.0
  0
INSERT
  5
B9A
330
B93
100
AcDbEntity
  8
FW_DIM
100
AcDbBlockReference
  2
_OBLIQUE
 10
1100.0
 20
4090.0
 30
0.0
 41
18.0
 42
18.0
  0
LINE
  5
B9C
330
B93
100
AcDbEntity
  8
0
100
AcDbLine
 10
552.5
 20
4090.0
 30
0.0
 11
1107.5
 21
4090.0
 31
0.0
  0
MTEXT
  5
B9D
330
B93
100
AcDbEntity
  8
FW_DIM
 62
7
100
AcDbMText
 10
830.0
 20
4103.5
 30
0.0
 40
18.0
 71
5
  1
540
  0
POINT
  5
B9E
330
B93
100
AcDbEntity
  8
Defpoints
100
AcDbPoint
 10
560.0
 20
4090.0
 30
0.0
  0
POINT
  5
B9F
330
B93
100
AcDbEntity
  8
Defpoints
100
AcDbPoint
 10
560.0
 20
4150.0
 30
0.0
  0
POINT
  5
BA0
330
B93
100
AcDbEntity
  8
Defpoints
100
AcDbPoint
 10
1100.0
 20
4150.0
 30
0.0
  0
ENDBLK
  5
B95
330
B93
100
AcDbEntity
  8
0
100
AcDbBlockEnd
  0
BLOCK
  5
BA3
330
BA2
100
AcDbEntity
  8
0
100
AcDbBlockBegin
  2
*D168
 70
1
 10
0.0
 20
0.0
 30
0.0
  3
*D168
  1

  0
LINE
  5
BA5
330
BA2
100
AcDbEntity
  8
0
100
AcDbLine
 10
1100.0
 20
4145.5
 30
0.0
 11
1100.0
 21
4082.5
 31
0.0
  0
LINE
  5
BA6
330
BA2
100
AcDbEntity
  8
0
100
AcDbLine
 10
1640.0
 20
4145.5
 30
0.0
 11
1640.0
 21
4082.5
 31
0.0
  0
INSERT
  5
BA7
330
BA2
100
AcDbEntity
  8
FW_DIM
100
AcDbBlockReference
  2
_OBLIQUE
 10
1100.0
 20
4090.0
 30
0.0
 41
18.0
 42
18.0
  0
INSERT
  5
BA9
330
BA2
100
AcDbEntity
  8
FW_DIM
100
AcDbBlockReference
  2
_OBLIQUE
 10
1640.0
 20
4090.0
 30
0.0
 41
18.0
 42
18.0
  0
LINE
  5
BAB
330
BA2
100
AcDbEntity
  8
0
100
AcDbLine
 10
1092.5
 20
4090.0
 30
0.0
 11
1647.5
 21
4090.0
 31
0.0
  0
MTEXT
  5
BAC
330
BA2
100
AcDbEntity
  8
FW_DIM
 62
7
100
AcDbMText
 10
1370.0
 20
4103.5
 30
0.0
 40
18.0
 71
5
  1
540
  0
POINT
  5
BAD
330
BA2
100
AcDbEntity
  8
Defpoints
100
AcDbPoint
 10
1100.0
 20
4090.0
 30
0.0
  0
POINT
  5
BAE
330
BA2
100
AcDbEntity
  8
Defpoints
100
AcDbPoint
 10
1100.0
 20
4150.0
 30
0.0
  0
POINT
  5
BAF
330
BA2
100
AcDbEntity
  8
Defpoints
100
AcDbPoint
 10
1640.0
 20
4150.0
 30
0.0
  0
ENDBLK
  5
BA4
330
BA2
100
AcDbEntity
  8
0
100
AcDbBlockEnd
  0
BLOCK
  5
BB2
330
BB1
100
AcDbEntity
  8
0
100
AcDbBlockBegin
  2
*D169
 70
1
 10
0.0
 20
0.0
 30
0.0
  3
*D169
  1

  0
LINE
  5
BB4
330
BB1
100
AcDbEntity
  8
0
100
AcDbLine
 10
1640.0
 20
4145.5
 30
0.0
 11
1640.0
 21
4082.5
 31
0.0
  0
LINE
  5
BB5
330
BB1
100
AcDbEntity
  8
0
100
AcDbLine
 10
2180.0
 20
4145.5
 30
0.0
 11
2180.0
 21
4082.5
 31
0.0
  0
INSERT
  5
BB6
330
BB1
100
AcDbEntity
  8
FW_DIM
100
AcDbBlockReference
  2
_OBLIQUE
 10
1640.0
 20
4090.0
 30
0.0
 41
18.0
 42
18.0
  0
INSERT
  5
BB8
330
BB1
100
AcDbEntity
  8
FW_DIM
100
AcDbBlockReference
  2
_OBLIQUE
 10
2180.0
 20
4090.0
 30
0.0
 41
18.0
 42
18.0
  0
LINE
  5
BBA
330
BB1
100
AcDbEntity
  8
0
100
AcDbLine
 10
1632.5
 20
4090.0
 30
0.0
 11
2187.5
 21
4090.0
 31
0.0
  0
MTEXT
  5
BBB
330
BB1
100
AcDbEntity
  8
FW_DIM
 62
7
100
AcDbMText
 10
1910.0
 20
4103.5
 30
0.0
 40
18.0
 71
5
  1
540
  0
POINT
  5
BBC
330
BB1
100
AcDbEntity
  8
Defpoints
100
AcDbPoint
 10
1640.0
 20
4090.0
 30
0.0
  0
POINT
  5
BBD
330
BB1
100
AcDbEntity
  8
Defpoints
100
AcDbPoint
 10
1640.0
 20
4150.0
 30
0.0
  0
POINT
  5
BBE
330
BB1
100
AcDbEntity
  8
Defpoints
100
AcDbPoint
 10
2180.0
 20
4150.0
 30
0.0
  0
ENDBLK
  5
BB3
330
BB1
100
AcDbEntity
  8
0
100
AcDbBlockEnd
  0
BLOCK
  5
BC1
330
BC0
100
AcDbEntity
  8
0
100
AcDbBlockBegin
  2
*D170
 70
1
 10
0.0
 20
0.0
 30
0.0
  3
*D170
  1

  0
LINE
  5
BC3
330
BC0
100
AcDbEntity
  8
0
100
AcDbLine
 10
2180.0
 20
4145.5
 30
0.0
 11
2180.0
 21
4082.5
 31
0.0
  0
LINE
  5
BC4
330
BC0
100
AcDbEntity
  8
0
100
AcDbLine
 10
2720.0
 20
4145.5
 30
0.0
 11
2720.0
 21
4082.5
 31
0.0
  0
INSERT
  5
BC5
330
BC0
100
AcDbEntity
  8
FW_DIM
100
AcDbBlockReference
  2
_OBLIQUE
 10
2180.0
 20
4090.0
 30
0.0
 41
18.0
 42
18.0
  0
INSERT
  5
BC7
330
BC0
100
AcDbEntity
  8
FW_DIM
100
AcDbBlockReference
  2
_OBLIQUE
 10
2720.0
 20
4090.0
 30
0.0
 41
18.0
 42
18.0
  0
LINE
  5
BC9
330
BC0
100
AcDbEntity
  8
0
100
AcDbLine
 10
2172.5
 20
4090.0
 30
0.0
 11
2727.5
 21
4090.0
 31
0.0
  0
MTEXT
  5
BCA
330
BC0
100
AcDbEntity
  8
FW_DIM
 62
7
100
AcDbMText
 10
2450.0
 20
4103.5
 30
0.0
 40
18.0
 71
5
  1
540
  0
POINT
  5
BCB
330
BC0
100
AcDbEntity
  8
Defpoints
100
AcDbPoint
 10
2180.0
 20
4090.0
 30
0.0
  0
POINT
  5
BCC
330
BC0
100
AcDbEntity
  8
Defpoints
100
AcDbPoint
 10
2180.0
 20
4150.0
 30
0.0
  0
POINT
  5
BCD
330
BC0
100
AcDbEntity
  8
Defpoints
100
AcDbPoint
 10
2720.0
 20
4150.0
 30
0.0
  0
ENDBLK
  5
BC2
330
BC0
100
AcDbEntity
  8
0
100
AcDbBlockEnd
  0
BLOCK
  5
BD0
330
BCF
100
AcDbEntity
  8
0
100
AcDbBlockBegin
  2
*D171
 70
1
 10
0.0
 20
0.0
 30
0.0
  3
*D171
  1

  0
LINE
  5
BD2
330
BCF
100
AcDbEntity
  8
0
100
AcDbLine
 10
2720.0
 20
4145.5
 30
0.0
 11
2720.0
 21
4082.5
 31
0.0
  0
LINE
  5
BD3
330
BCF
100
AcDbEntity
  8
0
100
AcDbLine
 10
2740.0
 20
4145.5
 30
0.0
 11
2740.0
 21
4082.5
 31
0.0
  0
INSERT
  5
BD4
330
BCF
100
AcDbEntity
  8
FW_DIM
100
AcDbBlockReference
  2
_OBLIQUE
 10
2720.0
 20
4090.0
 30
0.0
 41
18.0
 42
18.0
  0
INSERT
  5
BD6
330
BCF
100
AcDbEntity
  8
FW_DIM
100
AcDbBlockReference
  2
_OBLIQUE
 10
2740.0
 20
4090.0
 30
0.0
 41
18.0
 42
18.0
  0
LINE
  5
BD8
330
BCF
100
AcDbEntity
  8
0
100
AcDbLine
 10
2712.5
 20
4090.0
 30
0.0
 11
2747.5
 21
4090.0
 31
0.0
  0
MTEXT
  5
BD9
330
BCF
100
AcDbEntity
  8
FW_DIM
 62
7
100
AcDbMText
 10
2730.0
 20
4111.0
 30
0.0
 40
18.0
 71
5
  1
20
  0
POINT
  5
BDA
330
BCF
100
AcDbEntity
  8
Defpoints
100
AcDbPoint
 10
2720.0
 20
4090.0
 30
0.0
  0
POINT
  5
BDB
330
BCF
100
AcDbEntity
  8
Defpoints
100
AcDbPoint
 10
2720.0
 20
4150.0
 30
0.0
  0
POINT
  5
BDC
330
BCF
100
AcDbEntity
  8
Defpoints
100
AcDbPoint
 10
2740.0
 20
4150.0
 30
0.0
  0
ENDBLK
  5
BD1
330
BCF
100
AcDbEntity
  8
0
100
AcDbBlockEnd
  0
BLOCK
  5
BDF
330
BDE
100
AcDbEntity
  8
0
100
AcDbBlockBegin
  2
*D172
 70
1
 10
0.0
 20
0.0
 30
0.0
  3
*D172
  1

  0
LINE
  5
BE1
330
BDE
100
AcDbEntity
  8
0
100
AcDbLine
 10
0.0
 20
6894.5
 30
0.0
 11
0.0
 21
7017.5
 31
0.0
  0
LINE
  5
BE2
330
BDE
100
AcDbEntity
  8
0
100
AcDbLine
 10
2740.0
 20
6894.5
 30
0.0
 11
2740.0
 21
7017.5
 31
0.0
  0
INSERT
  5
BE3
330
BDE
100
AcDbEntity
  8
FW_DIM
100
AcDbBlockReference
  2
_OBLIQUE
 10
0.0
 20
7010.0
 30
0.0
 41
18.0
 42
18.0
  0
INSERT
  5
BE5
330
BDE
100
AcDbEntity
  8
FW_DIM
100
AcDbBlockReference
  2
_OBLIQUE
 10
2740.0
 20
7010.0
 30
0.0
 41
18.0
 42
18.0
  0
LINE
  5
BE7
330
BDE
100
AcDbEntity
  8
0
100
AcDbLine
 10
-7.499999999999999
 20
7010.0
 30
0.0
 11
2747.5
 21
7010.0
 31
0.0
  0
MTEXT
  5
BE8
330
BDE
100
AcDbEntity
  8
FW_DIM
 62
7
100
AcDbMText
 10
1370.0
 20
7023.5
 30
0.0
 40
18.0
 71
5
  1
2740
  0
POINT
  5
BE9
330
BDE
100
AcDbEntity
  8
Defpoints
100
AcDbPoint
 10
0.0
 20
7010.0
 30
0.0
  0
POINT
  5
BEA
330
BDE
100
AcDbEntity
  8
Defpoints
100
AcDbPoint
 10
0.0
 20
6890.0
 30
0.0
  0
POINT
  5
BEB
330
BDE
100
AcDbEntity
  8
Defpoints
100
AcDbPoint
 10
2740.0
 20
6890.0
 30
0.0
  0
ENDBLK
  5
BE0
330
BDE
100
AcDbEntity
  8
0
100
AcDbBlockEnd
  0
BLOCK
  5
BEE
330
BED
100
AcDbEntity
  8
0
100
AcDbBlockBegin
  2
*D173
 70
1
 10
0.0
 20
0.0
 30
0.0
  3
*D173
  1

  0
LINE
  5
BF0
330
BED
100
AcDbEntity
  8
0
100
AcDbLine
 10
-4.5
 20
4150.0
 30
0.0
 11
-67.5
 21
4150.0
 31
0.0
  0
LINE
  5
BF1
330
BED
100
AcDbEntity
  8
0
100
AcDbLine
 10
-4.5
 20
4170.0
 30
0.0
 11
-67.5
 21
4170.0
 31
0.0
  0
INSERT
  5
BF2
330
BED
100
AcDbEntity
  8
FW_DIM
100
AcDbBlockReference
  2
_OBLIQUE
 10
-60.0
 20
4150.0
 30
0.0
 41
18.0
 42
18.0
 50
90.0
  0
INSERT
  5
BF4
330
BED
100
AcDbEntity
  8
FW_DIM
100
AcDbBlockReference
  2
_OBLIQUE
 10
-60.0
 20
4170.0
 30
0.0
 41
18.0
 42
18.0
 50
90.0
  0
LINE
  5
BF6
330
BED
100
AcDbEntity
  8
0
100
AcDbLine
 10
-60.0
 20
4142.5
 30
0.0
 11
-60.0
 21
4177.5
 31
0.0
  0
MTEXT
  5
BF7
330
BED
100
AcDbEntity
  8
FW_DIM
 62
7
100
AcDbMText
 10
-81.0
 20
4160.0
 30
0.0
 40
18.0
 71
5
  1
20
 50
90.0
  0
POINT
  5
BF8
330
BED
100
AcDbEntity
  8
Defpoints
100
AcDbPoint
 10
-60.0
 20
4150.0
 30
0.0
  0
POINT
  5
BF9
330
BED
100
AcDbEntity
  8
Defpoints
100
AcDbPoint
 10
0.0
 20
4150.0
 30
0.0
  0
POINT
  5
BFA
330
BED
100
AcDbEntity
  8
Defpoints
100
AcDbPoint
 10
0.0
 20
4170.0
 30
0.0
  0
ENDBLK
  5
BEF
330
BED
100
AcDbEntity
  8
0
100
AcDbBlockEnd
  0
BLOCK
  5
BFD
330
BFC
100
AcDbEntity
  8
0
100
AcDbBlockBegin
  2
*D174
 70
1
 10
0.0
 20
0.0
 30
0.0
  3
*D174
  1

  0
LINE
  5
BFF
330
BFC
100
AcDbEntity
  8
0
100
AcDbLine
 10
-4.5
 20
4170.0
 30
0.0
 11
-67.5
 21
4170.0
 31
0.0
  0
LINE
  5
C00
330
BFC
100
AcDbEntity
  8
0
100
AcDbLine
 10
-4.5
 20
4710.0
 30
0.0
 11
-67.5
 21
4710.0
 31
0.0
  0
INSERT
  5
C01
330
BFC
100
AcDbEntity
  8
FW_DIM
100
AcDbBlockReference
  2
_OBLIQUE
 10
-60.0
 20
4170.0
 30
0.0
 41
18.0
 42
18.0
 50
90.0
  0
INSERT
  5
C03
330
BFC
100
AcDbEntity
  8
FW_DIM
100
AcDbBlockReference
  2
_OBLIQUE
 10
-60.0
 20
4710.0
 30
0.0
 41
18.0
 42
18.0
 50
90.0
  0
LINE
  5
C05
330
BFC
100
AcDbEntity
  8
0
100
AcDbLine
 10
-60.0
 20
4162.5
 30
0.0
 11
-60.0
 21
4717.5
 31
0.0
  0
MTEXT
  5
C06
330
BFC
100
AcDbEntity
  8
FW_DIM
 62
7
100
AcDbMText
 10
-73.5
 20
4440.0
 30
0.0
 40
18.0
 71
5
  1
540
 50
90.0
  0
POINT
  5
C07
330
BFC
100
AcDbEntity
  8
Defpoints
100
AcDbPoint
 10
-60.0
 20
4170.0
 30
0.0
  0
POINT
  5
C08
330
BFC
100
AcDbEntity
  8
Defpoints
100
AcDbPoint
 10
0.0
 20
4170.0
 30
0.0
  0
POINT
  5
C09
330
BFC
100
AcDbEntity
  8
Defpoints
100
AcDbPoint
 10
0.0
 20
4710.0
 30
0.0
  0
ENDBLK
  5
BFE
330
BFC
100
AcDbEntity
  8
0
100
AcDbBlockEnd
  0
BLOCK
  5
C0C
330
C0B
100
AcDbEntity
  8
0
100
AcDbBlockBegin
  2
*D175
 70
1
 10
0.0
 20
0.0
 30
0.0
  3
*D175
  1

  0
LINE
  5
C0E
330
C0B
100
AcDbEntity
  8
0
100
AcDbLine
 10
-4.5
 20
4710.0
 30
0.0
 11
-67.5
 21
4710.0
 31
0.0
  0
LINE
  5
C0F
330
C0B
100
AcDbEntity
  8
0
100
AcDbLine
 10
-4.5
 20
5250.0
 30
0.0
 11
-67.5
 21
5250.0
 31
0.0
  0
INSERT
  5
C10
330
C0B
100
AcDbEntity
  8
FW_DIM
100
AcDbBlockReference
  2
_OBLIQUE
 10
-60.0
 20
4710.0
 30
0.0
 41
18.0
 42
18.0
 50
90.0
  0
INSERT
  5
C12
330
C0B
100
AcDbEntity
  8
FW_DIM
100
AcDbBlockReference
  2
_OBLIQUE
 10
-60.0
 20
5250.0
 30
0.0
 41
18.0
 42
18.0
 50
90.0
  0
LINE
  5
C14
330
C0B
100
AcDbEntity
  8
0
100
AcDbLine
 10
-60.0
 20
4702.5
 30
0.0
 11
-60.0
 21
5257.5
 31
0.0
  0
MTEXT
  5
C15
330
C0B
100
AcDbEntity
  8
FW_DIM
 62
7
100
AcDbMText
 10
-73.5
 20
4980.0
 30
0.0
 40
18.0
 71
5
  1
540
 50
90.0
  0
POINT
  5
C16
330
C0B
100
AcDbEntity
  8
Defpoints
100
AcDbPoint
 10
-60.0
 20
4710.0
 30
0.0
  0
POINT
  5
C17
330
C0B
100
AcDbEntity
  8
Defpoints
100
AcDbPoint
 10
0.0
 20
4710.0
 30
0.0
  0
POINT
  5
C18
330
C0B
100
AcDbEntity
  8
Defpoints
100
AcDbPoint
 10
0.0
 20
5250.0
 30
0.0
  0
ENDBLK
  5
C0D
330
C0B
100
AcDbEntity
  8
0
100
AcDbBlockEnd
  0
BLOCK
  5
C1B
330
C1A
100
AcDbEntity
  8
0
100
AcDbBlockBegin
  2
*D176
 70
1
 10
0.0
 20
0.0
 30
0.0
  3
*D176
  1

  0
LINE
  5
C1D
330
C1A
100
AcDbEntity
  8
0
100
AcDbLine
 10
-4.5
 20
5250.0
 30
0.0
 11
-67.5
 21
5250.0
 31
0.0
  0
LINE
  5
C1E
330
C1A
100
AcDbEntity
  8
0
100
AcDbLine
 10
-4.5
 20
5790.0
 30
0.0
 11
-67.5
 21
5790.0
 31
0.0
  0
INSERT
  5
C1F
330
C1A
100
AcDbEntity
  8
FW_DIM
100
AcDbBlockReference
  2
_OBLIQUE
 10
-60.0
 20
5250.0
 30
0.0
 41
18.0
 42
18.0
 50
90.0
  0
INSERT
  5
C21
330
C1A
100
AcDbEntity
  8
FW_DIM
100
AcDbBlockReference
  2
_OBLIQUE
 10
-60.0
 20
5790.0
 30
0.0
 41
18.0
 42
18.0
 50
90.0
  0
LINE
  5
C23
330
C1A
100
AcDbEntity
  8
0
100
AcDbLine
 10
-60.0
 20
5242.5
 30
0.0
 11
-60.0
 21
5797.5
 31
0.0
  0
MTEXT
  5
C24
330
C1A
100
AcDbEntity
  8
FW_DIM
 62
7
100
AcDbMText
 10
-73.5
 20
5520.0
 30
0.0
 40
18.0
 71
5
  1
540
 50
90.0
  0
POINT
  5
C25
330
C1A
100
AcDbEntity
  8
Defpoints
100
AcDbPoint
 10
-60.0
 20
5250.0
 30
0.0
  0
POINT
  5
C26
330
C1A
100
AcDbEntity
  8
Defpoints
100
AcDbPoint
 10
0.0
 20
5250.0
 30
0.0
  0
POINT
  5
C27
330
C1A
100
AcDbEntity
  8
Defpoints
100
AcDbPoint
 10
0.0
 20
5790.0
 30
0.0
  0
ENDBLK
  5
C1C
330
C1A
100
AcDbEntity
  8
0
100
AcDbBlockEnd
  0
BLOCK
  5
C2A
330
C29
100
AcDbEntity
  8
0
100
AcDbBlockBegin
  2
*D177
 70
1
 10
0.0
 20
0.0
 30
0.0
  3
*D177
  1

  0
LINE
  5
C2C
330
C29
100
AcDbEntity
  8
0
100
AcDbLine
 10
-4.5
 20
5790.0
 30
0.0
 11
-67.5
 21
5790.0
 31
0.0
  0
LINE
  5
C2D
330
C29
100
AcDbEntity
  8
0
100
AcDbLine
 10
-4.5
 20
6330.0
 30
0.0
 11
-67.5
 21
6330.0
 31
0.0
  0
INSERT
  5
C2E
330
C29
100
AcDbEntity
  8
FW_DIM
100
AcDbBlockReference
  2
_OBLIQUE
 10
-60.0
 20
5790.0
 30
0.0
 41
18.0
 42
18.0
 50
90.0
  0
INSERT
  5
C30
330
C29
100
AcDbEntity
  8
FW_DIM
100
AcDbBlockReference
  2
_OBLIQUE
 10
-60.0
 20
6330.0
 30
0.0
 41
18.0
 42
18.0
 50
90.0
  0
LINE
  5
C32
330
C29
100
AcDbEntity
  8
0
100
AcDbLine
 10
-60.0
 20
5782.5
 30
0.0
 11
-60.0
 21
6337.5
 31
0.0
  0
MTEXT
  5
C33
330
C29
100
AcDbEntity
  8
FW_DIM
 62
7
100
AcDbMText
 10
-73.5
 20
6060.0
 30
0.0
 40
18.0
 71
5
  1
540
 50
90.0
  0
POINT
  5
C34
330
C29
100
AcDbEntity
  8
Defpoints
100
AcDbPoint
 10
-60.0
 20
5790.0
 30
0.0
  0
POINT
  5
C35
330
C29
100
AcDbEntity
  8
Defpoints
100
AcDbPoint
 10
0.0
 20
5790.0
 30
0.0
  0
POINT
  5
C36
330
C29
100
AcDbEntity
  8
Defpoints
100
AcDbPoint
 10
0.0
 20
6330.0
 30
0.0
  0
ENDBLK
  5
C2B
330
C29
100
AcDbEntity
  8
0
100
AcDbBlockEnd
  0
BLOCK
  5
C39
330
C38
100
AcDbEntity
  8
0
100
AcDbBlockBegin
  2
*D178
 70
1
 10
0.0
 20
0.0
 30
0.0
  3
*D178
  1

  0
LINE
  5
C3B
330
C38
100
AcDbEntity
  8
0
100
AcDbLine
 10
-4.5
 20
6330.0
 30
0.0
 11
-67.5
 21
6330.0
 31
0.0
  0
LINE
  5
C3C
330
C38
100
AcDbEntity
  8
0
100
AcDbLine
 10
-4.5
 20
6870.0
 30
0.0
 11
-67.5
 21
6870.0
 31
0.0
  0
INSERT
  5
C3D
330
C38
100
AcDbEntity
  8
FW_DIM
100
AcDbBlockReference
  2
_OBLIQUE
 10
-60.0
 20
6330.0
 30
0.0
 41
18.0
 42
18.0
 50
90.0
  0
INSERT
  5
C3F
330
C38
100
AcDbEntity
  8
FW_DIM
100
AcDbBlockReference
  2
_OBLIQUE
 10
-60.0
 20
6870.0
 30
0.0
 41
18.0
 42
18.0
 50
90.0
  0
LINE
  5
C41
330
C38
100
AcDbEntity
  8
0
100
AcDbLine
 10
-60.0
 20
6322.5
 30
0.0
 11
-60.0
 21
6877.5
 31
0.0
  0
MTEXT
  5
C42
330
C38
100
AcDbEntity
  8
FW_DIM
 62
7
100
AcDbMText
 10
-73.5
 20
6600.0
 30
0.0
 40
18.0
 71
5
  1
540
 50
90.0
  0
POINT
  5
C43
330
C38
100
AcDbEntity
  8
Defpoints
100
AcDbPoint
 10
-60.0
 20
6330.0
 30
0.0
  0
POINT
  5
C44
330
C38
100
AcDbEntity
  8
Defpoints
100
AcDbPoint
 10
0.0
 20
6330.0
 30
0.0
  0
POINT
  5
C45
330
C38
100
AcDbEntity
  8
Defpoints
100
AcDbPoint
 10
0.0
 20
6870.0
 30
0.0
  0
ENDBLK
  5
C3A
330
C38
100
AcDbEntity
  8
0
100
AcDbBlockEnd
  0
BLOCK
  5
C48
330
C47
100
AcDbEntity
  8
0
100
AcDbBlockBegin
  2
*D179
 70
1
 10
0.0
 20
0.0
 30
0.0
  3
*D179
  1

  0
LINE
  5
C4A
330
C47
100
AcDbEntity
  8
0
100
AcDbLine
 10
-4.5
 20
6870.0
 30
0.0
 11
-67.5
 21
6870.0
 31
0.0
  0
LINE
  5
C4B
330
C47
100
AcDbEntity
  8
0
100
AcDbLine
 10
-4.5
 20
6890.0
 30
0.0
 11
-67.5
 21
6890.0
 31
0.0
  0
INSERT
  5
C4C
330
C47
100
AcDbEntity
  8
FW_DIM
100
AcDbBlockReference
  2
_OBLIQUE
 10
-60.0
 20
6870.0
 30
0.0
 41
18.0
 42
18.0
 50
90.0
  0
INSERT
  5
C4E
330
C47
100
AcDbEntity
  8
FW_DIM
100
AcDbBlockReference
  2
_OBLIQUE
 10
-60.0
 20
6890.0
 30
0.0
 41
18.0
 42
18.0
 50
90.0
  0
LINE
  5
C50
330
C47
100
AcDbEntity
  8
0
100
AcDbLine
 10
-60.0
 20
6862.5
 30
0.0
 11
-60.0
 21
6897.5
 31
0.0
  0
MTEXT
  5
C51
330
C47
100
AcDbEntity
  8
FW_DIM
 62
7
100
AcDbMText
 10
-81.0
 20
6880.0
 30
0.0
 40
18.0
 71
5
  1
20
 50
90.0
  0
POINT
  5
C52
330
C47
100
AcDbEntity
  8
Defpoints
100
AcDbPoint
 10
-60.0
 20
6870.0
 30
0.0
  0
POINT
  5
C53
330
C47
100
AcDbEntity
  8
Defpoints
100
AcDbPoint
 10
0.0
 20
6870.0
 30
0.0
  0
POINT
  5
C54
330
C47
100
AcDbEntity
  8
Defpoints
100
AcDbPoint
 10
0.0
 20
6890.0
 30
0.0
  0
ENDBLK
  5
C49
330
C47
100
AcDbEntity
  8
0
100
AcDbBlockEnd
  0
BLOCK
  5
C57
330
C56
100
AcDbEntity
  8
0
100
AcDbBlockBegin
  2
*D180
 70
1
 10
0.0
 20
0.0
 30
0.0
  3
*D180
  1

  0
LINE
  5
C59
330
C56
100
AcDbEntity
  8
0
100
AcDbLine
 10
2744.5
 20
4150.0
 30
0.0
 11
2807.5
 21
4150.0
 31
0.0
  0
LINE
  5
C5A
330
C56
100
AcDbEntity
  8
0
100
AcDbLine
 10
2744.5
 20
4170.0
 30
0.0
 11
2807.5
 21
4170.0
 31
0.0
  0
INSERT
  5
C5B
330
C56
100
AcDbEntity
  8
FW_DIM
100
AcDbBlockReference
  2
_OBLIQUE
 10
2800.0
 20
4150.0
 30
0.0
 41
18.0
 42
18.0
 50
90.0
  0
INSERT
  5
C5D
330
C56
100
AcDbEntity
  8
FW_DIM
100
AcDbBlockReference
  2
_OBLIQUE
 10
2800.0
 20
4170.0
 30
0.0
 41
18.0
 42
18.0
 50
90.0
  0
LINE
  5
C5F
330
C56
100
AcDbEntity
  8
0
100
AcDbLine
 10
2800.0
 20
4142.5
 30
0.0
 11
2800.0
 21
4177.5
 31
0.0
  0
MTEXT
  5
C60
330
C56
100
AcDbEntity
  8
FW_DIM
 62
7
100
AcDbMText
 10
2779.0
 20
4160.0
 30
0.0
 40
18.0
 71
5
  1
20
 50
90.0
  0
POINT
  5
C61
330
C56
100
AcDbEntity
  8
Defpoints
100
AcDbPoint
 10
2800.0
 20
4150.0
 30
0.0
  0
POINT
  5
C62
330
C56
100
AcDbEntity
  8
Defpoints
100
AcDbPoint
 10
2740.0
 20
4150.0
 30
0.0
  0
POINT
  5
C63
330
C56
100
AcDbEntity
  8
Defpoints
100
AcDbPoint
 10
2740.0
 20
4170.0
 30
0.0
  0
ENDBLK
  5
C58
330
C56
100
AcDbEntity
  8
0
100
AcDbBlockEnd
  0
BLOCK
  5
C66
330
C65
100
AcDbEntity
  8
0
100
AcDbBlockBegin
  2
*D181
 70
1
 10
0.0
 20
0.0
 30
0.0
  3
*D181
  1

  0
LINE
  5
C68
330
C65
100
AcDbEntity
  8
0
100
AcDbLine
 10
2744.5
 20
4170.0
 30
0.0
 11
2807.5
 21
4170.0
 31
0.0
  0
LINE
  5
C69
330
C65
100
AcDbEntity
  8
0
100
AcDbLine
 10
2744.5
 20
4710.0
 30
0.0
 11
2807.5
 21
4710.0
 31
0.0
  0
INSERT
  5
C6A
330
C65
100
AcDbEntity
  8
FW_DIM
100
AcDbBlockReference
  2
_OBLIQUE
 10
2800.0
 20
4170.0
 30
0.0
 41
18.0
 42
18.0
 50
90.0
  0
INSERT
  5
C6C
330
C65
100
AcDbEntity
  8
FW_DIM
100
AcDbBlockReference
  2
_OBLIQUE
 10
2800.0
 20
4710.0
 30
0.0
 41
18.0
 42
18.0
 50
90.0
  0
LINE
  5
C6E
330
C65
100
AcDbEntity
  8
0
100
AcDbLine
 10
2800.0
 20
4162.5
 30
0.0
 11
2800.0
 21
4717.5
 31
0.0
  0
MTEXT
  5
C6F
330
C65
100
AcDbEntity
  8
FW_DIM
 62
7
100
AcDbMText
 10
2786.5
 20
4440.0
 30
0.0
 40
18.0
 71
5
  1
540
 50
90.0
  0
POINT
  5
C70
330
C65
100
AcDbEntity
  8
Defpoints
100
AcDbPoint
 10
2800.0
 20
4170.0
 30
0.0
  0
POINT
  5
C71
330
C65
100
AcDbEntity
  8
Defpoints
100
AcDbPoint
 10
2740.0
 20
4170.0
 30
0.0
  0
POINT
  5
C72
330
C65
100
AcDbEntity
  8
Defpoints
100
AcDbPoint
 10
2740.0
 20
4710.0
 30
0.0
  0
ENDBLK
  5
C67
330
C65
100
AcDbEntity
  8
0
100
AcDbBlockEnd
  0
BLOCK
  5
C75
330
C74
100
AcDbEntity
  8
0
100
AcDbBlockBegin
  2
*D182
 70
1
 10
0.0
 20
0.0
 30
0.0
  3
*D182
  1

  0
LINE
  5
C77
330
C74
100
AcDbEntity
  8
0
100
AcDbLine
 10
2744.5
 20
4710.0
 30
0.0
 11
2807.5
 21
4710.0
 31
0.0
  0
LINE
  5
C78
330
C74
100
AcDbEntity
  8
0
100
AcDbLine
 10
2744.5
 20
5250.0
 30
0.0
 11
2807.5
 21
5250.0
 31
0.0
  0
INSERT
  5
C79
330
C74
100
AcDbEntity
  8
FW_DIM
100
AcDbBlockReference
  2
_OBLIQUE
 10
2800.0
 20
4710.0
 30
0.0
 41
18.0
 42
18.0
 50
90.0
  0
INSERT
  5
C7B
330
C74
100
AcDbEntity
  8
FW_DIM
100
AcDbBlockReference
  2
_OBLIQUE
 10
2800.0
 20
5250.0
 30
0.0
 41
18.0
 42
18.0
 50
90.0
  0
LINE
  5
C7D
330
C74
100
AcDbEntity
  8
0
100
AcDbLine
 10
2800.0
 20
4702.5
 30
0.0
 11
2800.0
 21
5257.5
 31
0.0
  0
MTEXT
  5
C7E
330
C74
100
AcDbEntity
  8
FW_DIM
 62
7
100
AcDbMText
 10
2786.5
 20
4980.0
 30
0.0
 40
18.0
 71
5
  1
540
 50
90.0
  0
POINT
  5
C7F
330
C74
100
AcDbEntity
  8
Defpoints
100
AcDbPoint
 10
2800.0
 20
4710.0
 30
0.0
  0
POINT
  5
C80
330
C74
100
AcDbEntity
  8
Defpoints
100
AcDbPoint
 10
2740.0
 20
4710.0
 30
0.0
  0
POINT
  5
C81
330
C74
100
AcDbEntity
  8
Defpoints
100
AcDbPoint
 10
2740.0
 20
5250.0
 30
0.0
  0
ENDBLK
  5
C76
330
C74
100
AcDbEntity
  8
0
100
AcDbBlockEnd
  0
BLOCK
  5
C84
330
C83
100
AcDbEntity
  8
0
100
AcDbBlockBegin
  2
*D183
 70
1
 10
0.0
 20
0.0
 30
0.0
  3
*D183
  1

  0
LINE
  5
C86
330
C83
100
AcDbEntity
  8
0
100
AcDbLine
 10
2744.5
 20
5250.0
 30
0.0
 11
2807.5
 21
5250.0
 31
0.0
  0
LINE
  5
C87
330
C83
100
AcDbEntity
  8
0
100
AcDbLine
 10
2744.5
 20
5790.0
 30
0.0
 11
2807.5
 21
5790.0
 31
0.0
  0
INSERT
  5
C88
330
C83
100
AcDbEntity
  8
FW_DIM
100
AcDbBlockReference
  2
_OBLIQUE
 10
2800.0
 20
5250.0
 30
0.0
 41
18.0
 42
18.0
 50
90.0
  0
INSERT
  5
C8A
330
C83
100
AcDbEntity
  8
FW_DIM
100
AcDbBlockReference
  2
_OBLIQUE
 10
2800.0
 20
5790.0
 30
0.0
 41
18.0
 42
18.0
 50
90.0
  0
LINE
  5
C8C
330
C83
100
AcDbEntity
  8
0
100
AcDbLine
 10
2800.0
 20
5242.5
 30
0.0
 11
2800.0
 21
5797.5
 31
0.0
  0
MTEXT
  5
C8D
330
C83
100
AcDbEntity
  8
FW_DIM
 62
7
100
AcDbMText
 10
2786.5
 20
5520.0
 30
0.0
 40
18.0
 71
5
  1
540
 50
90.0
  0
POINT
  5
C8E
330
C83
100
AcDbEntity
  8
Defpoints
100
AcDbPoint
 10
2800.0
 20
5250.0
 30
0.0
  0
POINT
  5
C8F
330
C83
100
AcDbEntity
  8
Defpoints
100
AcDbPoint
 10
2740.0
 20
5250.0
 30
0.0
  0
POINT
  5
C90
330
C83
100
AcDbEntity
  8
Defpoints
100
AcDbPoint
 10
2740.0
 20
5790.0
 30
0.0
  0
ENDBLK
  5
C85
330
C83
100
AcDbEntity
  8
0
100
AcDbBlockEnd
  0
BLOCK
  5
C93
330
C92
100
AcDbEntity
  8
0
100
AcDbBlockBegin
  2
*D184
 70
1
 10
0.0
 20
0.0
 30
0.0
  3
*D184
  1

  0
LINE
  5
C95
330
C92
100
AcDbEntity
  8
0
100
AcDbLine
 10
2744.5
 20
5790.0
 30
0.0
 11
2807.5
 21
5790.0
 31
0.0
  0
LINE
  5
C96
330
C92
100
AcDbEntity
  8
0
100
AcDbLine
 10
2744.5
 20
6330.0
 30
0.0
 11
2807.5
 21
6330.0
 31
0.0
  0
INSERT
  5
C97
330
C92
100
AcDbEntity
  8
FW_DIM
100
AcDbBlockReference
  2
_OBLIQUE
 10
2800.0
 20
5790.0
 30
0.0
 41
18.0
 42
18.0
 50
90.0
  0
INSERT
  5
C99
330
C92
100
AcDbEntity
  8
FW_DIM
100
AcDbBlockReference
  2
_OBLIQUE
 10
2800.0
 20
6330.0
 30
0.0
 41
18.0
 42
18.0
 50
90.0
  0
LINE
  5
C9B
330
C92
100
AcDbEntity
  8
0
100
AcDbLine
 10
2800.0
 20
5782.5
 30
0.0
 11
2800.0
 21
6337.5
 31
0.0
  0
MTEXT
  5
C9C
330
C92
100
AcDbEntity
  8
FW_DIM
 62
7
100
AcDbMText
 10
2786.5
 20
6060.0
 30
0.0
 40
18.0
 71
5
  1
540
 50
90.0
  0
POINT
  5
C9D
330
C92
100
AcDbEntity
  8
Defpoints
100
AcDbPoint
 10
2800.0
 20
5790.0
 30
0.0
  0
POINT
  5
C9E
330
C92
100
AcDbEntity
  8
Defpoints
100
AcDbPoint
 10
2740.0
 20
5790.0
 30
0.0
  0
POINT
  5
C9F
330
C92
100
AcDbEntity
  8
Defpoints
100
AcDbPoint
 10
2740.0
 20
6330.0
 30
0.0
  0
ENDBLK
  5
C94
330
C92
100
AcDbEntity
  8
0
100
AcDbBlockEnd
  0
BLOCK
  5
CA2
330
CA1
100
AcDbEntity
  8
0
100
AcDbBlockBegin
  2
*D185
 70
1
 10
0.0
 20
0.0
 30
0.0
  3
*D185
  1

  0
LINE
  5
CA4
330
CA1
100
AcDbEntity
  8
0
100
AcDbLine
 10
2744.5
 20
6330.0
 30
0.0
 11
2807.5
 21
6330.0
 31
0.0
  0
LINE
  5
CA5
330
CA1
100
AcDbEntity
  8
0
100
AcDbLine
 10
2744.5
 20
6870.0
 30
0.0
 11
2807.5
 21
6870.0
 31
0.0
  0
INSERT
  5
CA6
330
CA1
100
AcDbEntity
  8
FW_DIM
100
AcDbBlockReference
  2
_OBLIQUE
 10
2800.0
 20
6330.0
 30
0.0
 41
18.0
 42
18.0
 50
90.0
  0
INSERT
  5
CA8
330
CA1
100
AcDbEntity
  8
FW_DIM
100
AcDbBlockReference
  2
_OBLIQUE
 10
2800.0
 20
6870.0
 30
0.0
 41
18.0
 42
18.0
 50
90.0
  0
LINE
  5
CAA
330
CA1
100
AcDbEntity
  8
0
100
AcDbLine
 10
2800.0
 20
6322.5
 30
0.0
 11
2800.0
 21
6877.5
 31
0.0
  0
MTEXT
  5
CAB
330
CA1
100
AcDbEntity
  8
FW_DIM
 62
7
100
AcDbMText
 10
2786.5
 20
6600.0
 30
0.0
 40
18.0
 71
5
  1
540
 50
90.0
  0
POINT
  5
CAC
330
CA1
100
AcDbEntity
  8
Defpoints
100
AcDbPoint
 10
2800.0
 20
6330.0
 30
0.0
  0
POINT
  5
CAD
330
CA1
100
AcDbEntity
  8
Defpoints
100
AcDbPoint
 10
2740.0
 20
6330.0
 30
0.0
  0
POINT
  5
CAE
330
CA1
100
AcDbEntity
  8
Defpoints
100
AcDbPoint
 10
2740.0
 20
6870.0
 30
0.0
  0
ENDBLK
  5
CA3
330
CA1
100
AcDbEntity
  8
0
100
AcDbBlockEnd
  0
BLOCK
  5
CB1
330
CB0
100
AcDbEntity
  8
0
100
AcDbBlockBegin
  2
*D186
 70
1
 10
0.0
 20
0.0
 30
0.0
  3
*D186
  1

  0
LINE
  5
CB3
330
CB0
100
AcDbEntity
  8
0
100
AcDbLine
 10
2744.5
 20
6870.0
 30
0.0
 11
2807.5
 21
6870.0
 31
0.0
  0
LINE
  5
CB4
330
CB0
100
AcDbEntity
  8
0
100
AcDbLine
 10
2744.5
 20
6890.0
 30
0.0
 11
2807.5
 21
6890.0
 31
0.0
  0
INSERT
  5
CB5
330
CB0
100
AcDbEntity
  8
FW_DIM
100
AcDbBlockReference
  2
_OBLIQUE
 10
2800.0
 20
6870.0
 30
0.0
 41
18.0
 42
18.0
 50
90.0
  0
INSERT
  5
CB7
330
CB0
100
AcDbEntity
  8
FW_DIM
100
AcDbBlockReference
  2
_OBLIQUE
 10
2800.0
 20
6890.0
 30
0.0
 41
18.0
 42
18.0
 50
90.0
  0
LINE
  5
CB9
330
CB0
100
AcDbEntity
  8
0
100
AcDbLine
 10
2800.0
 20
6862.5
 30
0.0
 11
2800.0
 21
6897.5
 31
0.0
  0
MTEXT
  5
CBA
330
CB0
100
AcDbEntity
  8
FW_DIM
 62
7
100
AcDbMText
 10
2779.0
 20
6880.0
 30
0.0
 40
18.0
 71
5
  1
20
 50
90.0
  0
POINT
  5
CBB
330
CB0
100
AcDbEntity
  8
Defpoints
100
AcDbPoint
 10
2800.0
 20
6870.0
 30
0.0
  0
POINT
  5
CBC
330
CB0
100
AcDbEntity
  8
Defpoints
100
AcDbPoint
 10
2740.0
 20
6870.0
 30
0.0
  0
POINT
  5
CBD
330
CB0
100
AcDbEntity
  8
Defpoints
100
AcDbPoint
 10
2740.0
 20
6890.0
 30
0.0
  0
ENDBLK
  5
CB2
330
CB0
100
AcDbEntity
  8
0
100
AcDbBlockEnd
  0
BLOCK
  5
CC0
330
CBF
100
AcDbEntity
  8
0
100
AcDbBlockBegin
  2
*D187
 70
1
 10
0.0
 20
0.0
 30
0.0
  3
*D187
  1

  0
LINE
  5
CC2
330
CBF
100
AcDbEntity
  8
0
100
AcDbLine
 10
-4.5
 20
4150.0
 30
0.0
 11
-127.5
 21
4150.0
 31
0.0
  0
LINE
  5
CC3
330
CBF
100
AcDbEntity
  8
0
100
AcDbLine
 10
-4.5
 20
6890.0
 30
0.0
 11
-127.5
 21
6890.0
 31
0.0
  0
INSERT
  5
CC4
330
CBF
100
AcDbEntity
  8
FW_DIM
100
AcDbBlockReference
  2
_OBLIQUE
 10
-120.0
 20
4150.0
 30
0.0
 41
18.0
 42
18.0
 50
90.0
  0
INSERT
  5
CC6
330
CBF
100
AcDbEntity
  8
FW_DIM
100
AcDbBlockReference
  2
_OBLIQUE
 10
-120.0
 20
6890.0
 30
0.0
 41
18.0
 42
18.0
 50
90.0
  0
LINE
  5
CC8
330
CBF
100
AcDbEntity
  8
0
100
AcDbLine
 10
-120.0
 20
4142.5
 30
0.0
 11
-120.0
 21
6897.5
 31
0.0
  0
MTEXT
  5
CC9
330
CBF
100
AcDbEntity
  8
FW_DIM
 62
7
100
AcDbMText
 10
-133.5
 20
5520.0
 30
0.0
 40
18.0
 71
5
  1
2740
 50
90.0
  0
POINT
  5
CCA
330
CBF
100
AcDbEntity
  8
Defpoints
100
AcDbPoint
 10
-120.0
 20
4150.0
 30
0.0
  0
POINT
  5
CCB
330
CBF
100
AcDbEntity
  8
Defpoints
100
AcDbPoint
 10
0.0
 20
4150.0
 30
0.0
  0
POINT
  5
CCC
330
CBF
100
AcDbEntity
  8
Defpoints
100
AcDbPoint
 10
0.0
 20
6890.0
 30
0.0
  0
ENDBLK
  5
CC1
330
CBF
100
AcDbEntity
  8
0
100
AcDbBlockEnd
  0
BLOCK
  5
D2A
330
D29
100
AcDbEntity
  8
0
100
AcDbBlockBegin
  2
_NONE
 70
0
 10
0.0
 20
0.0
 30
0.0
  3
_NONE
  1

  0
ENDBLK
  5
D2B
330
D29
100
AcDbEntity
  8
0
100
AcDbBlockEnd
  0
BLOCK
  5
D2F
330
D2E
100
AcDbEntity
  8
0
100
AcDbBlockBegin
  2
*D188
 70
1
 10
0.0
 20
0.0
 30
0.0
  3
*D188
  1

  0
INSERT
  5
D31
330
D2E
100
AcDbEntity
  8
REB_BOT_MESH_X
 62
6
100
AcDbBlockReference
  2
_NONE
 10
5.0
 20
1905.0
 30
0.0
 41
15.0
 42
15.0
 50
180.0
  0
INSERT
  5
D33
330
D2E
100
AcDbEntity
  8
REB_BOT_MESH_X
 62
6
100
AcDbBlockReference
  2
_NONE
 10
604.5
 20
1905.0
 30
0.0
 41
15.0
 42
15.0
  0
LINE
  5
D35
330
D2E
100
AcDbEntity
  8
0
 62
6
370
53
100
AcDbLine
 10
5.0
 20
1905.0
 30
0.0
 11
604.5
 21
1905.0
 31
0.0
  0
MTEXT
  5
D36
330
D2E
100
AcDbEntity
  8
REB_BOT_MESH_X
 62
7
100
AcDbMText
 10
304.75
 20
1922.5
 30
0.0
 40
15.0
 71
5
  1
600
  0
POINT
  5
D37
330
D2E
100
AcDbEntity
  8
Defpoints
100
AcDbPoint
 10
5.0
 20
1905.0
 30
0.0
  0
POINT
  5
D38
330
D2E
100
AcDbEntity
  8
Defpoints
100
AcDbPoint
 10
5.0
 20
1905.0
 30
0.0
  0
POINT
  5
D39
330
D2E
100
AcDbEntity
  8
Defpoints
100
AcDbPoint
 10
604.5
 20
1905.0
 30
0.0
  0
ENDBLK
  5
D30
330
D2E
100
AcDbEntity
  8
0
100
AcDbBlockEnd
  0
BLOCK
  5
D3C
330
D3B
100
AcDbEntity
  8
0
100
AcDbBlockBegin
  2
*D189
 70
1
 10
0.0
 20
0.0
 30
0.0
  3
*D189
  1

  0
INSERT
  5
D3E
330
D3B
100
AcDbEntity
  8
REB_BOT_MESH_X
 62
6
100
AcDbBlockReference
  2
_NONE
 10
529.5
 20
1911.75
 30
0.0
 41
15.0
 42
15.0
 50
180.0
  0
INSERT
  5
D40
330
D3B
100
AcDbEntity
  8
REB_BOT_MESH_X
 62
6
100
AcDbBlockReference
  2
_NONE
 10
1129.5
 20
1911.75
 30
0.0
 41
15.0
 42
15.0
  0
LINE
  5
D42
330
D3B
100
AcDbEntity
  8
0
 62
6
370
53
100
AcDbLine
 10
529.5
 20
1911.75
 30
0.0
 11
1129.5
 21
1911.75
 31
0.0
  0
MTEXT
  5
D43
330
D3B
100
AcDbEntity
  8
REB_BOT_MESH_X
 62
7
100
AcDbMText
 10
829.5
 20
1929.25
 30
0.0
 40
15.0
 71
5
  1
600
  0
POINT
  5
D44
330
D3B
100
AcDbEntity
  8
Defpoints
100
AcDbPoint
 10
529.5
 20
1911.75
 30
0.0
  0
POINT
  5
D45
330
D3B
100
AcDbEntity
  8
Defpoints
100
AcDbPoint
 10
529.5
 20
1911.75
 30
0.0
  0
POINT
  5
D46
330
D3B
100
AcDbEntity
  8
Defpoints
100
AcDbPoint
 10
1129.5
 20
1911.75
 30
0.0
  0
ENDBLK
  5
D3D
330
D3B
100
AcDbEntity
  8
0
100
AcDbBlockEnd
  0
BLOCK
  5
D49
330
D48
100
AcDbEntity
  8
0
100
AcDbBlockBegin
  2
*D190
 70
1
 10
0.0
 20
0.0
 30
0.0
  3
*D190
  1

  0
INSERT
  5
D4B
330
D48
100
AcDbEntity
  8
REB_BOT_MESH_X
 62
6
100
AcDbBlockReference
  2
_NONE
 10
1054.5
 20
1905.0
 30
0.0
 41
15.0
 42
15.0
 50
180.0
  0
INSERT
  5
D4D
330
D48
100
AcDbEntity
  8
REB_BOT_MESH_X
 62
6
100
AcDbBlockReference
  2
_NONE
 10
1654.5
 20
1905.0
 30
0.0
 41
15.0
 42
15.0
  0
LINE
  5
D4F
330
D48
100
AcDbEntity
  8
0
 62
6
370
53
100
AcDbLine
 10
1054.5
 20
1905.0
 30
0.0
 11
1654.5
 21
1905.0
 31
0.0
  0
MTEXT
  5
D50
330
D48
100
AcDbEntity
  8
REB_BOT_MESH_X
 62
7
100
AcDbMText
 10
1354.5
 20
1922.5
 30
0.0
 40
15.0
 71
5
  1
600
  0
POINT
  5
D51
330
D48
100
AcDbEntity
  8
Defpoints
100
AcDbPoint
 10
1054.5
 20
1905.0
 30
0.0
  0
POINT
  5
D52
330
D48
100
AcDbEntity
  8
Defpoints
100
AcDbPoint
 10
1054.5
 20
1905.0
 30
0.0
  0
POINT
  5
D53
330
D48
100
AcDbEntity
  8
Defpoints
100
AcDbPoint
 10
1654.5
 20
1905.0
 30
0.0
  0
ENDBLK
  5
D4A
330
D48
100
AcDbEntity
  8
0
100
AcDbBlockEnd
  0
BLOCK
  5
D56
330
D55
100
AcDbEntity
  8
0
100
AcDbBlockBegin
  2
*D191
 70
1
 10
0.0
 20
0.0
 30
0.0
  3
*D191
  1

  0
INSERT
  5
D58
330
D55
100
AcDbEntity
  8
REB_BOT_MESH_X
 62
6
100
AcDbBlockReference
  2
_NONE
 10
1579.5
 20
1911.75
 30
0.0
 41
15.0
 42
15.0
 50
180.0
  0
INSERT
  5
D5A
330
D55
100
AcDbEntity
  8
REB_BOT_MESH_X
 62
6
100
AcDbBlockReference
  2
_NONE
 10
2179.5
 20
1911.75
 30
0.0
 41
15.0
 42
15.0
  0
LINE
  5
D5C
330
D55
100
AcDbEntity
  8
0
 62
6
370
53
100
AcDbLine
 10
1579.5
 20
1911.75
 30
0.0
 11
2179.5
 21
1911.75
 31
0.0
  0
MTEXT
  5
D5D
330
D55
100
AcDbEntity
  8
REB_BOT_MESH_X
 62
7
100
AcDbMText
 10
1879.5
 20
1929.25
 30
0.0
 40
15.0
 71
5
  1
600
  0
POINT
  5
D5E
330
D55
100
AcDbEntity
  8
Defpoints
100
AcDbPoint
 10
1579.5
 20
1911.75
 30
0.0
  0
POINT
  5
D5F
330
D55
100
AcDbEntity
  8
Defpoints
100
AcDbPoint
 10
1579.5
 20
1911.75
 30
0.0
  0
POINT
  5
D60
330
D55
100
AcDbEntity
  8
Defpoints
100
AcDbPoint
 10
2179.5
 20
1911.75
 30
0.0
  0
ENDBLK
  5
D57
330
D55
100
AcDbEntity
  8
0
100
AcDbBlockEnd
  0
BLOCK
  5
D63
330
D62
100
AcDbEntity
  8
0
100
AcDbBlockBegin
  2
*D192
 70
1
 10
0.0
 20
0.0
 30
0.0
  3
*D192
  1

  0
INSERT
  5
D65
330
D62
100
AcDbEntity
  8
REB_BOT_MESH_X
 62
6
100
AcDbBlockReference
  2
_NONE
 10
2104.5
 20
1905.0
 30
0.0
 41
15.0
 42
15.0
 50
180.0
  0
INSERT
  5
D67
330
D62
100
AcDbEntity
  8
REB_BOT_MESH_X
 62
6
100
AcDbBlockReference
  2
_NONE
 10
2704.5
 20
1905.0
 30
0.0
 41
15.0
 42
15.0
  0
LINE
  5
D69
330
D62
100
AcDbEntity
  8
0
 62
6
370
53
100
AcDbLine
 10
2104.5
 20
1905.0
 30
0.0
 11
2704.5
 21
1905.0
 31
0.0
  0
MTEXT
  5
D6A
330
D62
100
AcDbEntity
  8
REB_BOT_MESH_X
 62
7
100
AcDbMText
 10
2404.5
 20
1922.5
 30
0.0
 40
15.0
 71
5
  1
600
  0
POINT
  5
D6B
330
D62
100
AcDbEntity
  8
Defpoints
100
AcDbPoint
 10
2104.5
 20
1905.0
 30
0.0
  0
POINT
  5
D6C
330
D62
100
AcDbEntity
  8
Defpoints
100
AcDbPoint
 10
2104.5
 20
1905.0
 30
0.0
  0
POINT
  5
D6D
330
D62
100
AcDbEntity
  8
Defpoints
100
AcDbPoint
 10
2704.5
 20
1905.0
 30
0.0
  0
ENDBLK
  5
D64
330
D62
100
AcDbEntity
  8
0
100
AcDbBlockEnd
  0
BLOCK
  5
D70
330
D6F
100
AcDbEntity
  8
0
100
AcDbBlockBegin
  2
*D193
 70
1
 10
0.0
 20
0.0
 30
0.0
  3
*D193
  1

  0
INSERT
  5
D72
330
D6F
100
AcDbEntity
  8
REB_BOT_MESH_X
 62
6
100
AcDbBlockReference
  2
_NONE
 10
2629.5
 20
1911.75
 30
0.0
 41
15.0
 42
15.0
 50
180.0
  0
INSERT
  5
D74
330
D6F
100
AcDbEntity
  8
REB_BOT_MESH_X
 62
6
100
AcDbBlockReference
  2
_NONE
 10
2735.0
 20
1911.75
 30
0.0
 41
15.0
 42
15.0
  0
LINE
  5
D76
330
D6F
100
AcDbEntity
  8
0
 62
6
370
53
100
AcDbLine
 10
2629.5
 20
1911.75
 30
0.0
 11
2735.0
 21
1911.75
 31
0.0
  0
MTEXT
  5
D77
330
D6F
100
AcDbEntity
  8
REB_BOT_MESH_X
 62
7
100
AcDbMText
 10
2682.25
 20
1929.25
 30
0.0
 40
15.0
 71
5
  1
106
  0
POINT
  5
D78
330
D6F
100
AcDbEntity
  8
Defpoints
100
AcDbPoint
 10
2629.5
 20
1911.75
 30
0.0
  0
POINT
  5
D79
330
D6F
100
AcDbEntity
  8
Defpoints
100
AcDbPoint
 10
2629.5
 20
1911.75
 30
0.0
  0
POINT
  5
D7A
330
D6F
100
AcDbEntity
  8
Defpoints
100
AcDbPoint
 10
2735.0
 20
1911.75
 30
0.0
  0
ENDBLK
  5
D71
330
D6F
100
AcDbEntity
  8
0
100
AcDbBlockEnd
  0
BLOCK
  5
D7D
330
D7C
100
AcDbEntity
  8
0
100
AcDbBlockBegin
  2
*D194
 70
1
 10
0.0
 20
0.0
 30
0.0
  3
*D194
  1

  0
INSERT
  5
D7F
330
D7C
100
AcDbEntity
  8
REB_BOT_MESH_X
 62
6
100
AcDbBlockReference
  2
_NONE
 10
5.0
 20
285.0
 30
0.0
 41
15.0
 42
15.0
 50
180.0
  0
INSERT
  5
D81
330
D7C
100
AcDbEntity
  8
REB_BOT_MESH_X
 62
6
100
AcDbBlockReference
  2
_NONE
 10
604.5
 20
285.0
 30
0.0
 41
15.0
 42
15.0
  0
LINE
  5
D83
330
D7C
100
AcDbEntity
  8
0
 62
6
370
53
100
AcDbLine
 10
5.0
 20
285.0
 30
0.0
 11
604.5
 21
285.0
 31
0.0
  0
MTEXT
  5
D84
330
D7C
100
AcDbEntity
  8
REB_BOT_MESH_X
 62
7
100
AcDbMText
 10
304.75
 20
302.5
 30
0.0
 40
15.0
 71
5
  1
600
  0
POINT
  5
D85
330
D7C
100
AcDbEntity
  8
Defpoints
100
AcDbPoint
 10
5.0
 20
285.0
 30
0.0
  0
POINT
  5
D86
330
D7C
100
AcDbEntity
  8
Defpoints
100
AcDbPoint
 10
5.0
 20
285.0
 30
0.0
  0
POINT
  5
D87
330
D7C
100
AcDbEntity
  8
Defpoints
100
AcDbPoint
 10
604.5
 20
285.0
 30
0.0
  0
ENDBLK
  5
D7E
330
D7C
100
AcDbEntity
  8
0
100
AcDbBlockEnd
  0
BLOCK
  5
D8A
330
D89
100
AcDbEntity
  8
0
100
AcDbBlockBegin
  2
*D195
 70
1
 10
0.0
 20
0.0
 30
0.0
  3
*D195
  1

  0
INSERT
  5
D8C
330
D89
100
AcDbEntity
  8
REB_BOT_MESH_X
 62
6
100
AcDbBlockReference
  2
_NONE
 10
529.5
 20
291.75
 30
0.0
 41
15.0
 42
15.0
 50
180.0
  0
INSERT
  5
D8E
330
D89
100
AcDbEntity
  8
REB_BOT_MESH_X
 62
6
100
AcDbBlockReference
  2
_NONE
 10
1129.5
 20
291.75
 30
0.0
 41
15.0
 42
15.0
  0
LINE
  5
D90
330
D89
100
AcDbEntity
  8
0
 62
6
370
53
100
AcDbLine
 10
529.5
 20
291.75
 30
0.0
 11
1129.5
 21
291.75
 31
0.0
  0
MTEXT
  5
D91
330
D89
100
AcDbEntity
  8
REB_BOT_MESH_X
 62
7
100
AcDbMText
 10
829.5
 20
309.25
 30
0.0
 40
15.0
 71
5
  1
600
  0
POINT
  5
D92
330
D89
100
AcDbEntity
  8
Defpoints
100
AcDbPoint
 10
529.5
 20
291.75
 30
0.0
  0
POINT
  5
D93
330
D89
100
AcDbEntity
  8
Defpoints
100
AcDbPoint
 10
529.5
 20
291.75
 30
0.0
  0
POINT
  5
D94
330
D89
100
AcDbEntity
  8
Defpoints
100
AcDbPoint
 10
1129.5
 20
291.75
 30
0.0
  0
ENDBLK
  5
D8B
330
D89
100
AcDbEntity
  8
0
100
AcDbBlockEnd
  0
BLOCK
  5
D97
330
D96
100
AcDbEntity
  8
0
100
AcDbBlockBegin
  2
*D196
 70
1
 10
0.0
 20
0.0
 30
0.0
  3
*D196
  1

  0
INSERT
  5
D99
330
D96
100
AcDbEntity
  8
REB_BOT_MESH_X
 62
6
100
AcDbBlockReference
  2
_NONE
 10
1054.5
 20
285.0
 30
0.0
 41
15.0
 42
15.0
 50
180.0
  0
INSERT
  5
D9B
330
D96
100
AcDbEntity
  8
REB_BOT_MESH_X
 62
6
100
AcDbBlockReference
  2
_NONE
 10
1654.5
 20
285.0
 30
0.0
 41
15.0
 42
15.0
  0
LINE
  5
D9D
330
D96
100
AcDbEntity
  8
0
 62
6
370
53
100
AcDbLine
 10
1054.5
 20
285.0
 30
0.0
 11
1654.5
 21
285.0
 31
0.0
  0
MTEXT
  5
D9E
330
D96
100
AcDbEntity
  8
REB_BOT_MESH_X
 62
7
100
AcDbMText
 10
1354.5
 20
302.5
 30
0.0
 40
15.0
 71
5
  1
600
  0
POINT
  5
D9F
330
D96
100
AcDbEntity
  8
Defpoints
100
AcDbPoint
 10
1054.5
 20
285.0
 30
0.0
  0
POINT
  5
DA0
330
D96
100
AcDbEntity
  8
Defpoints
100
AcDbPoint
 10
1054.5
 20
285.0
 30
0.0
  0
POINT
  5
DA1
330
D96
100
AcDbEntity
  8
Defpoints
100
AcDbPoint
 10
1654.5
 20
285.0
 30
0.0
  0
ENDBLK
  5
D98
330
D96
100
AcDbEntity
  8
0
100
AcDbBlockEnd
  0
BLOCK
  5
DA4
330
DA3
100
AcDbEntity
  8
0
100
AcDbBlockBegin
  2
*D197
 70
1
 10
0.0
 20
0.0
 30
0.0
  3
*D197
  1

  0
INSERT
  5
DA6
330
DA3
100
AcDbEntity
  8
REB_BOT_MESH_X
 62
6
100
AcDbBlockReference
  2
_NONE
 10
1579.5
 20
291.75
 30
0.0
 41
15.0
 42
15.0
 50
180.0
  0
INSERT
  5
DA8
330
DA3
100
AcDbEntity
  8
REB_BOT_MESH_X
 62
6
100
AcDbBlockReference
  2
_NONE
 10
2179.5
 20
291.75
 30
0.0
 41
15.0
 42
15.0
  0
LINE
  5
DAA
330
DA3
100
AcDbEntity
  8
0
 62
6
370
53
100
AcDbLine
 10
1579.5
 20
291.75
 30
0.0
 11
2179.5
 21
291.75
 31
0.0
  0
MTEXT
  5
DAB
330
DA3
100
AcDbEntity
  8
REB_BOT_MESH_X
 62
7
100
AcDbMText
 10
1879.5
 20
309.25
 30
0.0
 40
15.0
 71
5
  1
600
  0
POINT
  5
DAC
330
DA3
100
AcDbEntity
  8
Defpoints
100
AcDbPoint
 10
1579.5
 20
291.75
 30
0.0
  0
POINT
  5
DAD
330
DA3
100
AcDbEntity
  8
Defpoints
100
AcDbPoint
 10
1579.5
 20
291.75
 30
0.0
  0
POINT
  5
DAE
330
DA3
100
AcDbEntity
  8
Defpoints
100
AcDbPoint
 10
2179.5
 20
291.75
 30
0.0
  0
ENDBLK
  5
DA5
330
DA3
100
AcDbEntity
  8
0
100
AcDbBlockEnd
  0
BLOCK
  5
DB1
330
DB0
100
AcDbEntity
  8
0
100
AcDbBlockBegin
  2
*D198
 70
1
 10
0.0
 20
0.0
 30
0.0
  3
*D198
  1

  0
INSERT
  5
DB3
330
DB0
100
AcDbEntity
  8
REB_BOT_MESH_X
 62
6
100
AcDbBlockReference
  2
_NONE
 10
2104.5
 20
285.0
 30
0.0
 41
15.0
 42
15.0
 50
180.0
  0
INSERT
  5
DB5
330
DB0
100
AcDbEntity
  8
REB_BOT_MESH_X
 62
6
100
AcDbBlockReference
  2
_NONE
 10
2704.5
 20
285.0
 30
0.0
 41
15.0
 42
15.0
  0
LINE
  5
DB7
330
DB0
100
AcDbEntity
  8
0
 62
6
370
53
100
AcDbLine
 10
2104.5
 20
285.0
 30
0.0
 11
2704.5
 21
285.0
 31
0.0
  0
MTEXT
  5
DB8
330
DB0
100
AcDbEntity
  8
REB_BOT_MESH_X
 62
7
100
AcDbMText
 10
2404.5
 20
302.5
 30
0.0
 40
15.0
 71
5
  1
600
  0
POINT
  5
DB9
330
DB0
100
AcDbEntity
  8
Defpoints
100
AcDbPoint
 10
2104.5
 20
285.0
 30
0.0
  0
POINT
  5
DBA
330
DB0
100
AcDbEntity
  8
Defpoints
100
AcDbPoint
 10
2104.5
 20
285.0
 30
0.0
  0
POINT
  5
DBB
330
DB0
100
AcDbEntity
  8
Defpoints
100
AcDbPoint
 10
2704.5
 20
285.0
 30
0.0
  0
ENDBLK
  5
DB2
330
DB0
100
AcDbEntity
  8
0
100
AcDbBlockEnd
  0
BLOCK
  5
DBE
330
DBD
100
AcDbEntity
  8
0
100
AcDbBlockBegin
  2
*D199
 70
1
 10
0.0
 20
0.0
 30
0.0
  3
*D199
  1

  0
INSERT
  5
DC0
330
DBD
100
AcDbEntity
  8
REB_BOT_MESH_X
 62
6
100
AcDbBlockReference
  2
_NONE
 10
2629.5
 20
291.75
 30
0.0
 41
15.0
 42
15.0
 50
180.0
  0
INSERT
  5
DC2
330
DBD
100
AcDbEntity
  8
REB_BOT_MESH_X
 62
6
100
AcDbBlockReference
  2
_NONE
 10
2735.0
 20
291.75
 30
0.0
 41
15.0
 42
15.0
  0
LINE
  5
DC4
330
DBD
100
AcDbEntity
  8
0
 62
6
370
53
100
AcDbLine
 10
2629.5
 20
291.75
 30
0.0
 11
2735.0
 21
291.75
 31
0.0
  0
MTEXT
  5
DC5
330
DBD
100
AcDbEntity
  8
REB_BOT_MESH_X
 62
7
100
AcDbMText
 10
2682.25
 20
309.25
 30
0.0
 40
15.0
 71
5
  1
106
  0
POINT
  5
DC6
330
DBD
100
AcDbEntity
  8
Defpoints
100
AcDbPoint
 10
2629.5
 20
291.75
 30
0.0
  0
POINT
  5
DC7
330
DBD
100
AcDbEntity
  8
Defpoints
100
AcDbPoint
 10
2629.5
 20
291.75
 30
0.0
  0
POINT
  5
DC8
330
DBD
100
AcDbEntity
  8
Defpoints
100
AcDbPoint
 10
2735.0
 20
291.75
 30
0.0
  0
ENDBLK
  5
DBF
330
DBD
100
AcDbEntity
  8
0
100
AcDbBlockEnd
  0
BLOCK
  5
DCB
330
DCA
100
AcDbEntity
  8
0
100
AcDbBlockBegin
  2
*D200
 70
1
 10
0.0
 20
0.0
 30
0.0
  3
*D200
  1

  0
INSERT
  5
DCD
330
DCA
100
AcDbEntity
  8
REB_BOT_MESH_X
 62
6
100
AcDbBlockReference
  2
_NONE
 10
5.0
 20
1365.0
 30
0.0
 41
15.0
 42
15.0
 50
180.0
  0
INSERT
  5
DCF
330
DCA
100
AcDbEntity
  8
REB_BOT_MESH_X
 62
6
100
AcDbBlockReference
  2
_NONE
 10
604.5
 20
1365.0
 30
0.0
 41
15.0
 42
15.0
  0
LINE
  5
DD1
330
DCA
100
AcDbEntity
  8
0
 62
6
370
53
100
AcDbLine
 10
5.0
 20
1365.0
 30
0.0
 11
604.5
 21
1365.0
 31
0.0
  0
MTEXT
  5
DD2
330
DCA
100
AcDbEntity
  8
REB_BOT_MESH_X
 62
7
100
AcDbMText
 10
304.75
 20
1382.5
 30
0.0
 40
15.0
 71
5
  1
600
  0
POINT
  5
DD3
330
DCA
100
AcDbEntity
  8
Defpoints
100
AcDbPoint
 10
5.0
 20
1365.0
 30
0.0
  0
POINT
  5
DD4
330
DCA
100
AcDbEntity
  8
Defpoints
100
AcDbPoint
 10
5.0
 20
1365.0
 30
0.0
  0
POINT
  5
DD5
330
DCA
100
AcDbEntity
  8
Defpoints
100
AcDbPoint
 10
604.5
 20
1365.0
 30
0.0
  0
ENDBLK
  5
DCC
330
DCA
100
AcDbEntity
  8
0
100
AcDbBlockEnd
  0
BLOCK
  5
DD8
330
DD7
100
AcDbEntity
  8
0
100
AcDbBlockBegin
  2
*D201
 70
1
 10
0.0
 20
0.0
 30
0.0
  3
*D201
  1

  0
INSERT
  5
DDA
330
DD7
100
AcDbEntity
  8
REB_BOT_MESH_X
 62
6
100
AcDbBlockReference
  2
_NONE
 10
529.5
 20
1371.75
 30
0.0
 41
15.0
 42
15.0
 50
180.0
  0
INSERT
  5
DDC
330
DD7
100
AcDbEntity
  8
REB_BOT_MESH_X
 62
6
100
AcDbBlockReference
  2
_NONE
 10
1125.0
 20
1371.75
 30
0.0
 41
15.0
 42
15.0
  0
LINE
  5
DDE
330
DD7
100
AcDbEntity
  8
0
 62
6
370
53
100
AcDbLine
 10
529.5
 20
1371.75
 30
0.0
 11
1125.0
 21
1371.75
 31
0.0
  0
MTEXT
  5
DDF
330
DD7
100
AcDbEntity
  8
REB_BOT_MESH_X
 62
7
100
AcDbMText
 10
827.25
 20
1389.25
 30
0.0
 40
15.0
 71
5
  1
596
  0
POINT
  5
DE0
330
DD7
100
AcDbEntity
  8
Defpoints
100
AcDbPoint
 10
529.5
 20
1371.75
 30
0.0
  0
POINT
  5
DE1
330
DD7
100
AcDbEntity
  8
Defpoints
100
AcDbPoint
 10
529.5
 20
1371.75
 30
0.0
  0
POINT
  5
DE2
330
DD7
100
AcDbEntity
  8
Defpoints
100
AcDbPoint
 10
1125.0
 20
1371.75
 30
0.0
  0
ENDBLK
  5
DD9
330
DD7
100
AcDbEntity
  8
0
100
AcDbBlockEnd
  0
BLOCK
  5
DE5
330
DE4
100
AcDbEntity
  8
0
100
AcDbBlockBegin
  2
*D202
 70
1
 10
0.0
 20
0.0
 30
0.0
  3
*D202
  1

  0
INSERT
  5
DE7
330
DE4
100
AcDbEntity
  8
REB_BOT_MESH_X
 62
6
100
AcDbBlockReference
  2
_NONE
 10
1405.0
 20
1365.0
 30
0.0
 41
15.0
 42
15.0
 50
180.0
  0
INSERT
  5
DE9
330
DE4
100
AcDbEntity
  8
REB_BOT_MESH_X
 62
6
100
AcDbBlockReference
  2
_NONE
 10
1747.5
 20
1365.0
 30
0.0
 41
15.0
 42
15.0
  0
LINE
  5
DEB
330
DE4
100
AcDbEntity
  8
0
 62
6
370
53
100
AcDbLine
 10
1405.0
 20
1365.0
 30
0.0
 11
1747.5
 21
1365.0
 31
0.0
  0
MTEXT
  5
DEC
330
DE4
100
AcDbEntity
  8
REB_BOT_MESH_X
 62
7
100
AcDbMText
 10
1576.25
 20
1382.5
 30
0.0
 40
15.0
 71
5
  1
342
  0
POINT
  5
DED
330
DE4
100
AcDbEntity
  8
Defpoints
100
AcDbPoint
 10
1405.0
 20
1365.0
 30
0.0
  0
POINT
  5
DEE
330
DE4
100
AcDbEntity
  8
Defpoints
100
AcDbPoint
 10
1405.0
 20
1365.0
 30
0.0
  0
POINT
  5
DEF
330
DE4
100
AcDbEntity
  8
Defpoints
100
AcDbPoint
 10
1747.5
 20
1365.0
 30
0.0
  0
ENDBLK
  5
DE6
330
DE4
100
AcDbEntity
  8
0
100
AcDbBlockEnd
  0
BLOCK
  5
DF2
330
DF1
100
AcDbEntity
  8
0
100
AcDbBlockBegin
  2
*D203
 70
1
 10
0.0
 20
0.0
 30
0.0
  3
*D203
  1

  0
INSERT
  5
DF4
330
DF1
100
AcDbEntity
  8
REB_BOT_MESH_X
 62
6
100
AcDbBlockReference
  2
_NONE
 10
1672.5
 20
1371.75
 30
0.0
 41
15.0
 42
15.0
 50
180.0
  0
INSERT
  5
DF6
330
DF1
100
AcDbEntity
  8
REB_BOT_MESH_X
 62
6
100
AcDbBlockReference
  2
_NONE
 10
2272.5
 20
1371.75
 30
0.0
 41
15.0
 42
15.0
  0
LINE
  5
DF8
330
DF1
100
AcDbEntity
  8
0
 62
6
370
53
100
AcDbLine
 10
1672.5
 20
1371.75
 30
0.0
 11
2272.5
 21
1371.75
 31
0.0
  0
MTEXT
  5
DF9
330
DF1
100
AcDbEntity
  8
REB_BOT_MESH_X
 62
7
100
AcDbMText
 10
1972.5
 20
1389.25
 30
0.0
 40
15.0
 71
5
  1
600
  0
POINT
  5
DFA
330
DF1
100
AcDbEntity
  8
Defpoints
100
AcDbPoint
 10
1672.5
 20
1371.75
 30
0.0
  0
POINT
  5
DFB
330
DF1
100
AcDbEntity
  8
Defpoints
100
AcDbPoint
 10
1672.5
 20
1371.75
 30
0.0
  0
POINT
  5
DFC
330
DF1
100
AcDbEntity
  8
Defpoints
100
AcDbPoint
 10
2272.5
 20
1371.75
 30
0.0
  0
ENDBLK
  5
DF3
330
DF1
100
AcDbEntity
  8
0
100
AcDbBlockEnd
  0
BLOCK
  5
DFF
330
DFE
100
AcDbEntity
  8
0
100
AcDbBlockBegin
  2
*D204
 70
1
 10
0.0
 20
0.0
 30
0.0
  3
*D204
  1

  0
INSERT
  5
E01
330
DFE
100
AcDbEntity
  8
REB_BOT_MESH_X
 62
6
100
AcDbBlockReference
  2
_NONE
 10
2197.5
 20
1365.0
 30
0.0
 41
15.0
 42
15.0
 50
180.0
  0
INSERT
  5
E03
330
DFE
100
AcDbEntity
  8
REB_BOT_MESH_X
 62
6
100
AcDbBlockReference
  2
_NONE
 10
2735.0
 20
1365.0
 30
0.0
 41
15.0
 42
15.0
  0
LINE
  5
E05
330
DFE
100
AcDbEntity
  8
0
 62
6
370
53
100
AcDbLine
 10
2197.5
 20
1365.0
 30
0.0
 11
2735.0
 21
1365.0
 31
0.0
  0
MTEXT
  5
E06
330
DFE
100
AcDbEntity
  8
REB_BOT_MESH_X
 62
7
100
AcDbMText
 10
2466.25
 20
1382.5
 30
0.0
 40
15.0
 71
5
  1
538
  0
POINT
  5
E07
330
DFE
100
AcDbEntity
  8
Defpoints
100
AcDbPoint
 10
2197.5
 20
1365.0
 30
0.0
  0
POINT
  5
E08
330
DFE
100
AcDbEntity
  8
Defpoints
100
AcDbPoint
 10
2197.5
 20
1365.0
 30
0.0
  0
POINT
  5
E09
330
DFE
100
AcDbEntity
  8
Defpoints
100
AcDbPoint
 10
2735.0
 20
1365.0
 30
0.0
  0
ENDBLK
  5
E00
330
DFE
100
AcDbEntity
  8
0
100
AcDbBlockEnd
  0
BLOCK
  5
E0C
330
E0B
100
AcDbEntity
  8
0
100
AcDbBlockBegin
  2
*D205
 70
1
 10
0.0
 20
0.0
 30
0.0
  3
*D205
  1

  0
INSERT
  5
E0E
330
E0B
100
AcDbEntity
  8
REB_BOT_MESH_X
 62
6
100
AcDbBlockReference
  2
_NONE
 10
5.0
 20
825.0
 30
0.0
 41
15.0
 42
15.0
 50
180.0
  0
INSERT
  5
E10
330
E0B
100
AcDbEntity
  8
REB_BOT_MESH_X
 62
6
100
AcDbBlockReference
  2
_NONE
 10
604.5
 20
825.0
 30
0.0
 41
15.0
 42
15.0
  0
LINE
  5
E12
330
E0B
100
AcDbEntity
  8
0
 62
6
370
53
100
AcDbLine
 10
5.0
 20
825.0
 30
0.0
 11
604.5
 21
825.0
 31
0.0
  0
MTEXT
  5
E13
330
E0B
100
AcDbEntity
  8
REB_BOT_MESH_X
 62
7
100
AcDbMText
 10
304.75
 20
842.5
 30
0.0
 40
15.0
 71
5
  1
600
  0
POINT
  5
E14
330
E0B
100
AcDbEntity
  8
Defpoints
100
AcDbPoint
 10
5.0
 20
825.0
 30
0.0
  0
POINT
  5
E15
330
E0B
100
AcDbEntity
  8
Defpoints
100
AcDbPoint
 10
5.0
 20
825.0
 30
0.0
  0
POINT
  5
E16
330
E0B
100
AcDbEntity
  8
Defpoints
100
AcDbPoint
 10
604.5
 20
825.0
 30
0.0
  0
ENDBLK
  5
E0D
330
E0B
100
AcDbEntity
  8
0
100
AcDbBlockEnd
  0
BLOCK
  5
E19
330
E18
100
AcDbEntity
  8
0
100
AcDbBlockBegin
  2
*D206
 70
1
 10
0.0
 20
0.0
 30
0.0
  3
*D206
  1

  0
INSERT
  5
E1B
330
E18
100
AcDbEntity
  8
REB_BOT_MESH_X
 62
6
100
AcDbBlockReference
  2
_NONE
 10
529.5
 20
831.75
 30
0.0
 41
15.0
 42
15.0
 50
180.0
  0
INSERT
  5
E1D
330
E18
100
AcDbEntity
  8
REB_BOT_MESH_X
 62
6
100
AcDbBlockReference
  2
_NONE
 10
1129.5
 20
831.75
 30
0.0
 41
15.0
 42
15.0
  0
LINE
  5
E1F
330
E18
100
AcDbEntity
  8
0
 62
6
370
53
100
AcDbLine
 10
529.5
 20
831.75
 30
0.0
 11
1129.5
 21
831.75
 31
0.0
  0
MTEXT
  5
E20
330
E18
100
AcDbEntity
  8
REB_BOT_MESH_X
 62
7
100
AcDbMText
 10
829.5
 20
849.25
 30
0.0
 40
15.0
 71
5
  1
600
  0
POINT
  5
E21
330
E18
100
AcDbEntity
  8
Defpoints
100
AcDbPoint
 10
529.5
 20
831.75
 30
0.0
  0
POINT
  5
E22
330
E18
100
AcDbEntity
  8
Defpoints
100
AcDbPoint
 10
529.5
 20
831.75
 30
0.0
  0
POINT
  5
E23
330
E18
100
AcDbEntity
  8
Defpoints
100
AcDbPoint
 10
1129.5
 20
831.75
 30
0.0
  0
ENDBLK
  5
E1A
330
E18
100
AcDbEntity
  8
0
100
AcDbBlockEnd
  0
BLOCK
  5
E26
330
E25
100
AcDbEntity
  8
0
100
AcDbBlockBegin
  2
*D207
 70
1
 10
0.0
 20
0.0
 30
0.0
  3
*D207
  1

  0
INSERT
  5
E28
330
E25
100
AcDbEntity
  8
REB_BOT_MESH_X
 62
6
100
AcDbBlockReference
  2
_NONE
 10
1054.5
 20
825.0
 30
0.0
 41
15.0
 42
15.0
 50
180.0
  0
INSERT
  5
E2A
330
E25
100
AcDbEntity
  8
REB_BOT_MESH_X
 62
6
100
AcDbBlockReference
  2
_NONE
 10
1654.5
 20
825.0
 30
0.0
 41
15.0
 42
15.0
  0
LINE
  5
E2C
330
E25
100
AcDbEntity
  8
0
 62
6
370
53
100
AcDbLine
 10
1054.5
 20
825.0
 30
0.0
 11
1654.5
 21
825.0
 31
0.0
  0
MTEXT
  5
E2D
330
E25
100
AcDbEntity
  8
REB_BOT_MESH_X
 62
7
100
AcDbMText
 10
1354.5
 20
842.5
 30
0.0
 40
15.0
 71
5
  1
600
  0
POINT
  5
E2E
330
E25
100
AcDbEntity
  8
Defpoints
100
AcDbPoint
 10
1054.5
 20
825.0
 30
0.0
  0
POINT
  5
E2F
330
E25
100
AcDbEntity
  8
Defpoints
100
AcDbPoint
 10
1054.5
 20
825.0
 30
0.0
  0
POINT
  5
E30
330
E25
100
AcDbEntity
  8
Defpoints
100
AcDbPoint
 10
1654.5
 20
825.0
 30
0.0
  0
ENDBLK
  5
E27
330
E25
100
AcDbEntity
  8
0
100
AcDbBlockEnd
  0
BLOCK
  5
E33
330
E32
100
AcDbEntity
  8
0
100
AcDbBlockBegin
  2
*D208
 70
1
 10
0.0
 20
0.0
 30
0.0
  3
*D208
  1

  0
INSERT
  5
E35
330
E32
100
AcDbEntity
  8
REB_BOT_MESH_X
 62
6
100
AcDbBlockReference
  2
_NONE
 10
1579.5
 20
831.75
 30
0.0
 41
15.0
 42
15.0
 50
180.0
  0
INSERT
  5
E37
330
E32
100
AcDbEntity
  8
REB_BOT_MESH_X
 62
6
100
AcDbBlockReference
  2
_NONE
 10
2179.5
 20
831.75
 30
0.0
 41
15.0
 42
15.0
  0
LINE
  5
E39
330
E32
100
AcDbEntity
  8
0
 62
6
370
53
100
AcDbLine
 10
1579.5
 20
831.75
 30
0.0
 11
2179.5
 21
831.75
 31
0.0
  0
MTEXT
  5
E3A
330
E32
100
AcDbEntity
  8
REB_BOT_MESH_X
 62
7
100
AcDbMText
 10
1879.5
 20
849.25
 30
0.0
 40
15.0
 71
5
  1
600
  0
POINT
  5
E3B
330
E32
100
AcDbEntity
  8
Defpoints
100
AcDbPoint
 10
1579.5
 20
831.75
 30
0.0
  0
POINT
  5
E3C
330
E32
100
AcDbEntity
  8
Defpoints
100
AcDbPoint
 10
1579.5
 20
831.75
 30
0.0
  0
POINT
  5
E3D
330
E32
100
AcDbEntity
  8
Defpoints
100
AcDbPoint
 10
2179.5
 20
831.75
 30
0.0
  0
ENDBLK
  5
E34
330
E32
100
AcDbEntity
  8
0
100
AcDbBlockEnd
  0
BLOCK
  5
E40
330
E3F
100
AcDbEntity
  8
0
100
AcDbBlockBegin
  2
*D209
 70
1
 10
0.0
 20
0.0
 30
0.0
  3
*D209
  1

  0
INSERT
  5
E42
330
E3F
100
AcDbEntity
  8
REB_BOT_MESH_X
 62
6
100
AcDbBlockReference
  2
_NONE
 10
2104.5
 20
825.0
 30
0.0
 41
15.0
 42
15.0
 50
180.0
  0
INSERT
  5
E44
330
E3F
100
AcDbEntity
  8
REB_BOT_MESH_X
 62
6
100
AcDbBlockReference
  2
_NONE
 10
2704.5
 20
825.0
 30
0.0
 41
15.0
 42
15.0
  0
LINE
  5
E46
330
E3F
100
AcDbEntity
  8
0
 62
6
370
53
100
AcDbLine
 10
2104.5
 20
825.0
 30
0.0
 11
2704.5
 21
825.0
 31
0.0
  0
MTEXT
  5
E47
330
E3F
100
AcDbEntity
  8
REB_BOT_MESH_X
 62
7
100
AcDbMText
 10
2404.5
 20
842.5
 30
0.0
 40
15.0
 71
5
  1
600
  0
POINT
  5
E48
330
E3F
100
AcDbEntity
  8
Defpoints
100
AcDbPoint
 10
2104.5
 20
825.0
 30
0.0
  0
POINT
  5
E49
330
E3F
100
AcDbEntity
  8
Defpoints
100
AcDbPoint
 10
2104.5
 20
825.0
 30
0.0
  0
POINT
  5
E4A
330
E3F
100
AcDbEntity
  8
Defpoints
100
AcDbPoint
 10
2704.5
 20
825.0
 30
0.0
  0
ENDBLK
  5
E41
330
E3F
100
AcDbEntity
  8
0
100
AcDbBlockEnd
  0
BLOCK
  5
E4D
330
E4C
100
AcDbEntity
  8
0
100
AcDbBlockBegin
  2
*D210
 70
1
 10
0.0
 20
0.0
 30
0.0
  3
*D210
  1

  0
INSERT
  5
E4F
330
E4C
100
AcDbEntity
  8
REB_BOT_MESH_X
 62
6
100
AcDbBlockReference
  2
_NONE
 10
2629.5
 20
831.75
 30
0.0
 41
15.0
 42
15.0
 50
180.0
  0
INSERT
  5
E51
330
E4C
100
AcDbEntity
  8
REB_BOT_MESH_X
 62
6
100
AcDbBlockReference
  2
_NONE
 10
2735.0
 20
831.75
 30
0.0
 41
15.0
 42
15.0
  0
LINE
  5
E53
330
E4C
100
AcDbEntity
  8
0
 62
6
370
53
100
AcDbLine
 10
2629.5
 20
831.75
 30
0.0
 11
2735.0
 21
831.75
 31
0.0
  0
MTEXT
  5
E54
330
E4C
100
AcDbEntity
  8
REB_BOT_MESH_X
 62
7
100
AcDbMText
 10
2682.25
 20
849.25
 30
0.0
 40
15.0
 71
5
  1
106
  0
POINT
  5
E55
330
E4C
100
AcDbEntity
  8
Defpoints
100
AcDbPoint
 10
2629.5
 20
831.75
 30
0.0
  0
POINT
  5
E56
330
E4C
100
AcDbEntity
  8
Defpoints
100
AcDbPoint
 10
2629.5
 20
831.75
 30
0.0
  0
POINT
  5
E57
330
E4C
100
AcDbEntity
  8
Defpoints
100
AcDbPoint
 10
2735.0
 20
831.75
 30
0.0
  0
ENDBLK
  5
E4E
330
E4C
100
AcDbEntity
  8
0
100
AcDbBlockEnd
  0
BLOCK
  5
E5A
330
E59
100
AcDbEntity
  8
0
100
AcDbBlockBegin
  2
*D211
 70
1
 10
0.0
 20
0.0
 30
0.0
  3
*D211
  1

  0
INSERT
  5
E5C
330
E59
100
AcDbEntity
  8
REB_BOT_MESH_X
 62
6
100
AcDbBlockReference
  2
_NONE
 10
5.0
 20
725.0
 30
0.0
 41
15.0
 42
15.0
 50
180.0
  0
INSERT
  5
E5E
330
E59
100
AcDbEntity
  8
REB_BOT_MESH_X
 62
6
100
AcDbBlockReference
  2
_NONE
 10
604.5
 20
725.0
 30
0.0
 41
15.0
 42
15.0
  0
LINE
  5
E60
330
E59
100
AcDbEntity
  8
0
 62
6
370
53
100
AcDbLine
 10
5.0
 20
725.0
 30
0.0
 11
604.5
 21
725.0
 31
0.0
  0
MTEXT
  5
E61
330
E59
100
AcDbEntity
  8
REB_BOT_MESH_X
 62
7
100
AcDbMText
 10
304.75
 20
742.5
 30
0.0
 40
15.0
 71
5
  1
600
  0
POINT
  5
E62
330
E59
100
AcDbEntity
  8
Defpoints
100
AcDbPoint
 10
5.0
 20
725.0
 30
0.0
  0
POINT
  5
E63
330
E59
100
AcDbEntity
  8
Defpoints
100
AcDbPoint
 10
5.0
 20
725.0
 30
0.0
  0
POINT
  5
E64
330
E59
100
AcDbEntity
  8
Defpoints
100
AcDbPoint
 10
604.5
 20
725.0
 30
0.0
  0
ENDBLK
  5
E5B
330
E59
100
AcDbEntity
  8
0
100
AcDbBlockEnd
  0
BLOCK
  5
E67
330
E66
100
AcDbEntity
  8
0
100
AcDbBlockBegin
  2
*D212
 70
1
 10
0.0
 20
0.0
 30
0.0
  3
*D212
  1

  0
INSERT
  5
E69
330
E66
100
AcDbEntity
  8
REB_BOT_MESH_X
 62
6
100
AcDbBlockReference
  2
_NONE
 10
529.5
 20
731.75
 30
0.0
 41
15.0
 42
15.0
 50
180.0
  0
INSERT
  5
E6B
330
E66
100
AcDbEntity
  8
REB_BOT_MESH_X
 62
6
100
AcDbBlockReference
  2
_NONE
 10
1129.5
 20
731.75
 30
0.0
 41
15.0
 42
15.0
  0
LINE
  5
E6D
330
E66
100
AcDbEntity
  8
0
 62
6
370
53
100
AcDbLine
 10
529.5
 20
731.75
 30
0.0
 11
1129.5
 21
731.75
 31
0.0
  0
MTEXT
  5
E6E
330
E66
100
AcDbEntity
  8
REB_BOT_MESH_X
 62
7
100
AcDbMText
 10
829.5
 20
749.25
 30
0.0
 40
15.0
 71
5
  1
600
  0
POINT
  5
E6F
330
E66
100
AcDbEntity
  8
Defpoints
100
AcDbPoint
 10
529.5
 20
731.75
 30
0.0
  0
POINT
  5
E70
330
E66
100
AcDbEntity
  8
Defpoints
100
AcDbPoint
 10
529.5
 20
731.75
 30
0.0
  0
POINT
  5
E71
330
E66
100
AcDbEntity
  8
Defpoints
100
AcDbPoint
 10
1129.5
 20
731.75
 30
0.0
  0
ENDBLK
  5
E68
330
E66
100
AcDbEntity
  8
0
100
AcDbBlockEnd
  0
BLOCK
  5
E74
330
E73
100
AcDbEntity
  8
0
100
AcDbBlockBegin
  2
*D213
 70
1
 10
0.0
 20
0.0
 30
0.0
  3
*D213
  1

  0
INSERT
  5
E76
330
E73
100
AcDbEntity
  8
REB_BOT_MESH_X
 62
6
100
AcDbBlockReference
  2
_NONE
 10
1054.5
 20
725.0
 30
0.0
 41
15.0
 42
15.0
 50
180.0
  0
INSERT
  5
E78
330
E73
100
AcDbEntity
  8
REB_BOT_MESH_X
 62
6
100
AcDbBlockReference
  2
_NONE
 10
1654.5
 20
725.0
 30
0.0
 41
15.0
 42
15.0
  0
LINE
  5
E7A
330
E73
100
AcDbEntity
  8
0
 62
6
370
53
100
AcDbLine
 10
1054.5
 20
725.0
 30
0.0
 11
1654.5
 21
725.0
 31
0.0
  0
MTEXT
  5
E7B
330
E73
100
AcDbEntity
  8
REB_BOT_MESH_X
 62
7
100
AcDbMText
 10
1354.5
 20
742.5
 30
0.0
 40
15.0
 71
5
  1
600
  0
POINT
  5
E7C
330
E73
100
AcDbEntity
  8
Defpoints
100
AcDbPoint
 10
1054.5
 20
725.0
 30
0.0
  0
POINT
  5
E7D
330
E73
100
AcDbEntity
  8
Defpoints
100
AcDbPoint
 10
1054.5
 20
725.0
 30
0.0
  0
POINT
  5
E7E
330
E73
100
AcDbEntity
  8
Defpoints
100
AcDbPoint
 10
1654.5
 20
725.0
 30
0.0
  0
ENDBLK
  5
E75
330
E73
100
AcDbEntity
  8
0
100
AcDbBlockEnd
  0
BLOCK
  5
E81
330
E80
100
AcDbEntity
  8
0
100
AcDbBlockBegin
  2
*D214
 70
1
 10
0.0
 20
0.0
 30
0.0
  3
*D214
  1

  0
INSERT
  5
E83
330
E80
100
AcDbEntity
  8
REB_BOT_MESH_X
 62
6
100
AcDbBlockReference
  2
_NONE
 10
1579.5
 20
731.75
 30
0.0
 41
15.0
 42
15.0
 50
180.0
  0
INSERT
  5
E85
330
E80
100
AcDbEntity
  8
REB_BOT_MESH_X
 62
6
100
AcDbBlockReference
  2
_NONE
 10
2179.5
 20
731.75
 30
0.0
 41
15.0
 42
15.0
  0
LINE
  5
E87
330
E80
100
AcDbEntity
  8
0
 62
6
370
53
100
AcDbLine
 10
1579.5
 20
731.75
 30
0.0
 11
2179.5
 21
731.75
 31
0.0
  0
MTEXT
  5
E88
330
E80
100
AcDbEntity
  8
REB_BOT_MESH_X
 62
7
100
AcDbMText
 10
1879.5
 20
749.25
 30
0.0
 40
15.0
 71
5
  1
600
  0
POINT
  5
E89
330
E80
100
AcDbEntity
  8
Defpoints
100
AcDbPoint
 10
1579.5
 20
731.75
 30
0.0
  0
POINT
  5
E8A
330
E80
100
AcDbEntity
  8
Defpoints
100
AcDbPoint
 10
1579.5
 20
731.75
 30
0.0
  0
POINT
  5
E8B
330
E80
100
AcDbEntity
  8
Defpoints
100
AcDbPoint
 10
2179.5
 20
731.75
 30
0.0
  0
ENDBLK
  5
E82
330
E80
100
AcDbEntity
  8
0
100
AcDbBlockEnd
  0
BLOCK
  5
E8E
330
E8D
100
AcDbEntity
  8
0
100
AcDbBlockBegin
  2
*D215
 70
1
 10
0.0
 20
0.0
 30
0.0
  3
*D215
  1

  0
INSERT
  5
E90
330
E8D
100
AcDbEntity
  8
REB_BOT_MESH_X
 62
6
100
AcDbBlockReference
  2
_NONE
 10
2104.5
 20
725.0
 30
0.0
 41
15.0
 42
15.0
 50
180.0
  0
INSERT
  5
E92
330
E8D
100
AcDbEntity
  8
REB_BOT_MESH_X
 62
6
100
AcDbBlockReference
  2
_NONE
 10
2225.0
 20
725.0
 30
0.0
 41
15.0
 42
15.0
  0
LINE
  5
E94
330
E8D
100
AcDbEntity
  8
0
 62
6
370
53
100
AcDbLine
 10
2104.5
 20
725.0
 30
0.0
 11
2225.0
 21
725.0
 31
0.0
  0
MTEXT
  5
E95
330
E8D
100
AcDbEntity
  8
REB_BOT_MESH_X
 62
7
100
AcDbMText
 10
2164.75
 20
742.5
 30
0.0
 40
15.0
 71
5
  1
120
  0
POINT
  5
E96
330
E8D
100
AcDbEntity
  8
Defpoints
100
AcDbPoint
 10
2104.5
 20
725.0
 30
0.0
  0
POINT
  5
E97
330
E8D
100
AcDbEntity
  8
Defpoints
100
AcDbPoint
 10
2104.5
 20
725.0
 30
0.0
  0
POINT
  5
E98
330
E8D
100
AcDbEntity
  8
Defpoints
100
AcDbPoint
 10
2225.0
 20
725.0
 30
0.0
  0
ENDBLK
  5
E8F
330
E8D
100
AcDbEntity
  8
0
100
AcDbBlockEnd
  0
BLOCK
  5
E9B
330
E9A
100
AcDbEntity
  8
0
100
AcDbBlockBegin
  2
*D216
 70
1
 10
0.0
 20
0.0
 30
0.0
  3
*D216
  1

  0
INSERT
  5
E9D
330
E9A
100
AcDbEntity
  8
REB_BOT_MESH_X
 62
6
100
AcDbBlockReference
  2
_NONE
 10
2335.0
 20
685.0
 30
0.0
 41
15.0
 42
15.0
 50
180.0
  0
INSERT
  5
E9F
330
E9A
100
AcDbEntity
  8
REB_BOT_MESH_X
 62
6
100
AcDbBlockReference
  2
_NONE
 10
2735.0
 20
685.0
 30
0.0
 41
15.0
 42
15.0
  0
LINE
  5
EA1
330
E9A
100
AcDbEntity
  8
0
 62
6
370
53
100
AcDbLine
 10
2335.0
 20
685.0
 30
0.0
 11
2735.0
 21
685.0
 31
0.0
  0
MTEXT
  5
EA2
330
E9A
100
AcDbEntity
  8
REB_BOT_MESH_X
 62
7
100
AcDbMText
 10
2535.0
 20
702.5
 30
0.0
 40
15.0
 71
5
  1
400
  0
POINT
  5
EA3
330
E9A
100
AcDbEntity
  8
Defpoints
100
AcDbPoint
 10
2335.0
 20
685.0
 30
0.0
  0
POINT
  5
EA4
330
E9A
100
AcDbEntity
  8
Defpoints
100
AcDbPoint
 10
2335.0
 20
685.0
 30
0.0
  0
POINT
  5
EA5
330
E9A
100
AcDbEntity
  8
Defpoints
100
AcDbPoint
 10
2735.0
 20
685.0
 30
0.0
  0
ENDBLK
  5
E9C
330
E9A
100
AcDbEntity
  8
0
100
AcDbBlockEnd
  0
BLOCK
  5
EEB
330
EEA
100
AcDbEntity
  8
0
100
AcDbBlockBegin
  2
*D217
 70
1
 10
0.0
 20
0.0
 30
0.0
  3
*D217
  1

  0
INSERT
  5
EED
330
EEA
100
AcDbEntity
  8
REB_BOT_MESH_Y
 62
6
100
AcDbBlockReference
  2
_NONE
 10
4745.0
 20
5.0
 30
0.0
 41
15.0
 42
15.0
 50
270.0
  0
INSERT
  5
EEF
330
EEA
100
AcDbEntity
  8
REB_BOT_MESH_Y
 62
6
100
AcDbBlockReference
  2
_NONE
 10
4745.0
 20
604.5
 30
0.0
 41
15.0
 42
15.0
 50
90.0
  0
LINE
  5
EF1
330
EEA
100
AcDbEntity
  8
0
 62
6
370
53
100
AcDbLine
 10
4745.0
 20
5.0
 30
0.0
 11
4745.0
 21
604.5
 31
0.0
  0
MTEXT
  5
EF2
330
EEA
100
AcDbEntity
  8
REB_BOT_MESH_Y
 62
7
100
AcDbMText
 10
4727.5
 20
304.75
 30
0.0
 40
15.0
 71
5
  1
600
 50
90.0
  0
POINT
  5
EF3
330
EEA
100
AcDbEntity
  8
Defpoints
100
AcDbPoint
 10
4745.0
 20
5.0
 30
0.0
  0
POINT
  5
EF4
330
EEA
100
AcDbEntity
  8
Defpoints
100
AcDbPoint
 10
4745.0
 20
5.0
 30
0.0
  0
POINT
  5
EF5
330
EEA
100
AcDbEntity
  8
Defpoints
100
AcDbPoint
 10
4745.0
 20
604.5
 30
0.0
  0
ENDBLK
  5
EEC
330
EEA
100
AcDbEntity
  8
0
100
AcDbBlockEnd
  0
BLOCK
  5
EF8
330
EF7
100
AcDbEntity
  8
0
100
AcDbBlockBegin
  2
*D218
 70
1
 10
0.0
 20
0.0
 30
0.0
  3
*D218
  1

  0
INSERT
  5
EFA
330
EF7
100
AcDbEntity
  8
REB_BOT_MESH_Y
 62
6
100
AcDbBlockReference
  2
_NONE
 10
4751.75
 20
529.5
 30
0.0
 41
15.0
 42
15.0
 50
270.0
  0
INSERT
  5
EFC
330
EF7
100
AcDbEntity
  8
REB_BOT_MESH_Y
 62
6
100
AcDbBlockReference
  2
_NONE
 10
4751.75
 20
1129.5
 30
0.0
 41
15.0
 42
15.0
 50
90.0
  0
LINE
  5
EFE
330
EF7
100
AcDbEntity
  8
0
 62
6
370
53
100
AcDbLine
 10
4751.75
 20
529.5
 30
0.0
 11
4751.75
 21
1129.5
 31
0.0
  0
MTEXT
  5
EFF
330
EF7
100
AcDbEntity
  8
REB_BOT_MESH_Y
 62
7
100
AcDbMText
 10
4734.25
 20
829.5
 30
0.0
 40
15.0
 71
5
  1
600
 50
90.0
  0
POINT
  5
F00
330
EF7
100
AcDbEntity
  8
Defpoints
100
AcDbPoint
 10
4751.75
 20
529.5
 30
0.0
  0
POINT
  5
F01
330
EF7
100
AcDbEntity
  8
Defpoints
100
AcDbPoint
 10
4751.75
 20
529.5
 30
0.0
  0
POINT
  5
F02
330
EF7
100
AcDbEntity
  8
Defpoints
100
AcDbPoint
 10
4751.75
 20
1129.5
 30
0.0
  0
ENDBLK
  5
EF9
330
EF7
100
AcDbEntity
  8
0
100
AcDbBlockEnd
  0
BLOCK
  5
F05
330
F04
100
AcDbEntity
  8
0
100
AcDbBlockBegin
  2
*D219
 70
1
 10
0.0
 20
0.0
 30
0.0
  3
*D219
  1

  0
INSERT
  5
F07
330
F04
100
AcDbEntity
  8
REB_BOT_MESH_Y
 62
6
100
AcDbBlockReference
  2
_NONE
 10
4745.0
 20
1054.5
 30
0.0
 41
15.0
 42
15.0
 50
270.0
  0
INSERT
  5
F09
330
F04
100
AcDbEntity
  8
REB_BOT_MESH_Y
 62
6
100
AcDbBlockReference
  2
_NONE
 10
4745.0
 20
1654.5
 30
0.0
 41
15.0
 42
15.0
 50
90.0
  0
LINE
  5
F0B
330
F04
100
AcDbEntity
  8
0
 62
6
370
53
100
AcDbLine
 10
4745.0
 20
1054.5
 30
0.0
 11
4745.0
 21
1654.5
 31
0.0
  0
MTEXT
  5
F0C
330
F04
100
AcDbEntity
  8
REB_BOT_MESH_Y
 62
7
100
AcDbMText
 10
4727.5
 20
1354.5
 30
0.0
 40
15.0
 71
5
  1
600
 50
90.0
  0
POINT
  5
F0D
330
F04
100
AcDbEntity
  8
Defpoints
100
AcDbPoint
 10
4745.0
 20
1054.5
 30
0.0
  0
POINT
  5
F0E
330
F04
100
AcDbEntity
  8
Defpoints
100
AcDbPoint
 10
4745.0
 20
1054.5
 30
0.0
  0
POINT
  5
F0F
330
F04
100
AcDbEntity
  8
Defpoints
100
AcDbPoint
 10
4745.0
 20
1654.5
 30
0.0
  0
ENDBLK
  5
F06
330
F04
100
AcDbEntity
  8
0
100
AcDbBlockEnd
  0
BLOCK
  5
F12
330
F11
100
AcDbEntity
  8
0
100
AcDbBlockBegin
  2
*D220
 70
1
 10
0.0
 20
0.0
 30
0.0
  3
*D220
  1

  0
INSERT
  5
F14
330
F11
100
AcDbEntity
  8
REB_BOT_MESH_Y
 62
6
100
AcDbBlockReference
  2
_NONE
 10
4751.75
 20
1579.5
 30
0.0
 41
15.0
 42
15.0
 50
270.0
  0
INSERT
  5
F16
330
F11
100
AcDbEntity
  8
REB_BOT_MESH_Y
 62
6
100
AcDbBlockReference
  2
_NONE
 10
4751.75
 20
2179.5
 30
0.0
 41
15.0
 42
15.0
 50
90.0
  0
LINE
  5
F18
330
F11
100
AcDbEntity
  8
0
 62
6
370
53
100
AcDbLine
 10
4751.75
 20
1579.5
 30
0.0
 11
4751.75
 21
2179.5
 31
0.0
  0
MTEXT
  5
F19
330
F11
100
AcDbEntity
  8
REB_BOT_MESH_Y
 62
7
100
AcDbMText
 10
4734.25
 20
1879.5
 30
0.0
 40
15.0
 71
5
  1
600
 50
90.0
  0
POINT
  5
F1A
330
F11
100
AcDbEntity
  8
Defpoints
100
AcDbPoint
 10
4751.75
 20
1579.5
 30
0.0
  0
POINT
  5
F1B
330
F11
100
AcDbEntity
  8
Defpoints
100
AcDbPoint
 10
4751.75
 20
1579.5
 30
0.0
  0
POINT
  5
F1C
330
F11
100
AcDbEntity
  8
Defpoints
100
AcDbPoint
 10
4751.75
 20
2179.5
 30
0.0
  0
ENDBLK
  5
F13
330
F11
100
AcDbEntity
  8
0
100
AcDbBlockEnd
  0
BLOCK
  5
F1F
330
F1E
100
AcDbEntity
  8
0
100
AcDbBlockBegin
  2
*D221
 70
1
 10
0.0
 20
0.0
 30
0.0
  3
*D221
  1

  0
INSERT
  5
F21
330
F1E
100
AcDbEntity
  8
REB_BOT_MESH_Y
 62
6
100
AcDbBlockReference
  2
_NONE
 10
4745.0
 20
2104.5
 30
0.0
 41
15.0
 42
15.0
 50
270.0
  0
INSERT
  5
F23
330
F1E
100
AcDbEntity
  8
REB_BOT_MESH_Y
 62
6
100
AcDbBlockReference
  2
_NONE
 10
4745.0
 20
2704.5
 30
0.0
 41
15.0
 42
15.0
 50
90.0
  0
LINE
  5
F25
330
F1E
100
AcDbEntity
  8
0
 62
6
370
53
100
AcDbLine
 10
4745.0
 20
2104.5
 30
0.0
 11
4745.0
 21
2704.5
 31
0.0
  0
MTEXT
  5
F26
330
F1E
100
AcDbEntity
  8
REB_BOT_MESH_Y
 62
7
100
AcDbMText
 10
4727.5
 20
2404.5
 30
0.0
 40
15.0
 71
5
  1
600
 50
90.0
  0
POINT
  5
F27
330
F1E
100
AcDbEntity
  8
Defpoints
100
AcDbPoint
 10
4745.0
 20
2104.5
 30
0.0
  0
POINT
  5
F28
330
F1E
100
AcDbEntity
  8
Defpoints
100
AcDbPoint
 10
4745.0
 20
2104.5
 30
0.0
  0
POINT
  5
F29
330
F1E
100
AcDbEntity
  8
Defpoints
100
AcDbPoint
 10
4745.0
 20
2704.5
 30
0.0
  0
ENDBLK
  5
F20
330
F1E
100
AcDbEntity
  8
0
100
AcDbBlockEnd
  0
BLOCK
  5
F2C
330
F2B
100
AcDbEntity
  8
0
100
AcDbBlockBegin
  2
*D222
 70
1
 10
0.0
 20
0.0
 30
0.0
  3
*D222
  1

  0
INSERT
  5
F2E
330
F2B
100
AcDbEntity
  8
REB_BOT_MESH_Y
 62
6
100
AcDbBlockReference
  2
_NONE
 10
4751.75
 20
2629.5
 30
0.0
 41
15.0
 42
15.0
 50
270.0
  0
INSERT
  5
F30
330
F2B
100
AcDbEntity
  8
REB_BOT_MESH_Y
 62
6
100
AcDbBlockReference
  2
_NONE
 10
4751.75
 20
2735.0
 30
0.0
 41
15.0
 42
15.0
 50
90.0
  0
LINE
  5
F32
330
F2B
100
AcDbEntity
  8
0
 62
6
370
53
100
AcDbLine
 10
4751.75
 20
2629.5
 30
0.0
 11
4751.75
 21
2735.0
 31
0.0
  0
MTEXT
  5
F33
330
F2B
100
AcDbEntity
  8
REB_BOT_MESH_Y
 62
7
100
AcDbMText
 10
4734.25
 20
2682.25
 30
0.0
 40
15.0
 71
5
  1
106
 50
90.0
  0
POINT
  5
F34
330
F2B
100
AcDbEntity
  8
Defpoints
100
AcDbPoint
 10
4751.75
 20
2629.5
 30
0.0
  0
POINT
  5
F35
330
F2B
100
AcDbEntity
  8
Defpoints
100
AcDbPoint
 10
4751.75
 20
2629.5
 30
0.0
  0
POINT
  5
F36
330
F2B
100
AcDbEntity
  8
Defpoints
100
AcDbPoint
 10
4751.75
 20
2735.0
 30
0.0
  0
ENDBLK
  5
F2D
330
F2B
100
AcDbEntity
  8
0
100
AcDbBlockEnd
  0
BLOCK
  5
F39
330
F38
100
AcDbEntity
  8
0
100
AcDbBlockBegin
  2
*D223
 70
1
 10
0.0
 20
0.0
 30
0.0
  3
*D223
  1

  0
INSERT
  5
F3B
330
F38
100
AcDbEntity
  8
REB_BOT_MESH_Y
 62
6
100
AcDbBlockReference
  2
_NONE
 10
6365.0
 20
5.0
 30
0.0
 41
15.0
 42
15.0
 50
270.0
  0
INSERT
  5
F3D
330
F38
100
AcDbEntity
  8
REB_BOT_MESH_Y
 62
6
100
AcDbBlockReference
  2
_NONE
 10
6365.0
 20
604.5
 30
0.0
 41
15.0
 42
15.0
 50
90.0
  0
LINE
  5
F3F
330
F38
100
AcDbEntity
  8
0
 62
6
370
53
100
AcDbLine
 10
6365.0
 20
5.0
 30
0.0
 11
6365.0
 21
604.5
 31
0.0
  0
MTEXT
  5
F40
330
F38
100
AcDbEntity
  8
REB_BOT_MESH_Y
 62
7
100
AcDbMText
 10
6347.5
 20
304.75
 30
0.0
 40
15.0
 71
5
  1
600
 50
90.0
  0
POINT
  5
F41
330
F38
100
AcDbEntity
  8
Defpoints
100
AcDbPoint
 10
6365.0
 20
5.0
 30
0.0
  0
POINT
  5
F42
330
F38
100
AcDbEntity
  8
Defpoints
100
AcDbPoint
 10
6365.0
 20
5.0
 30
0.0
  0
POINT
  5
F43
330
F38
100
AcDbEntity
  8
Defpoints
100
AcDbPoint
 10
6365.0
 20
604.5
 30
0.0
  0
ENDBLK
  5
F3A
330
F38
100
AcDbEntity
  8
0
100
AcDbBlockEnd
  0
BLOCK
  5
F46
330
F45
100
AcDbEntity
  8
0
100
AcDbBlockBegin
  2
*D224
 70
1
 10
0.0
 20
0.0
 30
0.0
  3
*D224
  1

  0
INSERT
  5
F48
330
F45
100
AcDbEntity
  8
REB_BOT_MESH_Y
 62
6
100
AcDbBlockReference
  2
_NONE
 10
6371.75
 20
529.5
 30
0.0
 41
15.0
 42
15.0
 50
270.0
  0
INSERT
  5
F4A
330
F45
100
AcDbEntity
  8
REB_BOT_MESH_Y
 62
6
100
AcDbBlockReference
  2
_NONE
 10
6371.75
 20
1129.5
 30
0.0
 41
15.0
 42
15.0
 50
90.0
  0
LINE
  5
F4C
330
F45
100
AcDbEntity
  8
0
 62
6
370
53
100
AcDbLine
 10
6371.75
 20
529.5
 30
0.0
 11
6371.75
 21
1129.5
 31
0.0
  0
MTEXT
  5
F4D
330
F45
100
AcDbEntity
  8
REB_BOT_MESH_Y
 62
7
100
AcDbMText
 10
6354.25
 20
829.5
 30
0.0
 40
15.0
 71
5
  1
600
 50
90.0
  0
POINT
  5
F4E
330
F45
100
AcDbEntity
  8
Defpoints
100
AcDbPoint
 10
6371.75
 20
529.5
 30
0.0
  0
POINT
  5
F4F
330
F45
100
AcDbEntity
  8
Defpoints
100
AcDbPoint
 10
6371.75
 20
529.5
 30
0.0
  0
POINT
  5
F50
330
F45
100
AcDbEntity
  8
Defpoints
100
AcDbPoint
 10
6371.75
 20
1129.5
 30
0.0
  0
ENDBLK
  5
F47
330
F45
100
AcDbEntity
  8
0
100
AcDbBlockEnd
  0
BLOCK
  5
F53
330
F52
100
AcDbEntity
  8
0
100
AcDbBlockBegin
  2
*D225
 70
1
 10
0.0
 20
0.0
 30
0.0
  3
*D225
  1

  0
INSERT
  5
F55
330
F52
100
AcDbEntity
  8
REB_BOT_MESH_Y
 62
6
100
AcDbBlockReference
  2
_NONE
 10
6365.0
 20
1054.5
 30
0.0
 41
15.0
 42
15.0
 50
270.0
  0
INSERT
  5
F57
330
F52
100
AcDbEntity
  8
REB_BOT_MESH_Y
 62
6
100
AcDbBlockReference
  2
_NONE
 10
6365.0
 20
1654.5
 30
0.0
 41
15.0
 42
15.0
 50
90.0
  0
LINE
  5
F59
330
F52
100
AcDbEntity
  8
0
 62
6
370
53
100
AcDbLine
 10
6365.0
 20
1054.5
 30
0.0
 11
6365.0
 21
1654.5
 31
0.0
  0
MTEXT
  5
F5A
330
F52
100
AcDbEntity
  8
REB_BOT_MESH_Y
 62
7
100
AcDbMText
 10
6347.5
 20
1354.5
 30
0.0
 40
15.0
 71
5
  1
600
 50
90.0
  0
POINT
  5
F5B
330
F52
100
AcDbEntity
  8
Defpoints
100
AcDbPoint
 10
6365.0
 20
1054.5
 30
0.0
  0
POINT
  5
F5C
330
F52
100
AcDbEntity
  8
Defpoints
100
AcDbPoint
 10
6365.0
 20
1054.5
 30
0.0
  0
POINT
  5
F5D
330
F52
100
AcDbEntity
  8
Defpoints
100
AcDbPoint
 10
6365.0
 20
1654.5
 30
0.0
  0
ENDBLK
  5
F54
330
F52
100
AcDbEntity
  8
0
100
AcDbBlockEnd
  0
BLOCK
  5
F60
330
F5F
100
AcDbEntity
  8
0
100
AcDbBlockBegin
  2
*D226
 70
1
 10
0.0
 20
0.0
 30
0.0
  3
*D226
  1

  0
INSERT
  5
F62
330
F5F
100
AcDbEntity
  8
REB_BOT_MESH_Y
 62
6
100
AcDbBlockReference
  2
_NONE
 10
6371.75
 20
1579.5
 30
0.0
 41
15.0
 42
15.0
 50
270.0
  0
INSERT
  5
F64
330
F5F
100
AcDbEntity
  8
REB_BOT_MESH_Y
 62
6
100
AcDbBlockReference
  2
_NONE
 10
6371.75
 20
2179.5
 30
0.0
 41
15.0
 42
15.0
 50
90.0
  0
LINE
  5
F66
330
F5F
100
AcDbEntity
  8
0
 62
6
370
53
100
AcDbLine
 10
6371.75
 20
1579.5
 30
0.0
 11
6371.75
 21
2179.5
 31
0.0
  0
MTEXT
  5
F67
330
F5F
100
AcDbEntity
  8
REB_BOT_MESH_Y
 62
7
100
AcDbMText
 10
6354.25
 20
1879.5
 30
0.0
 40
15.0
 71
5
  1
600
 50
90.0
  0
POINT
  5
F68
330
F5F
100
AcDbEntity
  8
Defpoints
100
AcDbPoint
 10
6371.75
 20
1579.5
 30
0.0
  0
POINT
  5
F69
330
F5F
100
AcDbEntity
  8
Defpoints
100
AcDbPoint
 10
6371.75
 20
1579.5
 30
0.0
  0
POINT
  5
F6A
330
F5F
100
AcDbEntity
  8
Defpoints
100
AcDbPoint
 10
6371.75
 20
2179.5
 30
0.0
  0
ENDBLK
  5
F61
330
F5F
100
AcDbEntity
  8
0
100
AcDbBlockEnd
  0
BLOCK
  5
F6D
330
F6C
100
AcDbEntity
  8
0
100
AcDbBlockBegin
  2
*D227
 70
1
 10
0.0
 20
0.0
 30
0.0
  3
*D227
  1

  0
INSERT
  5
F6F
330
F6C
100
AcDbEntity
  8
REB_BOT_MESH_Y
 62
6
100
AcDbBlockReference
  2
_NONE
 10
6365.0
 20
2104.5
 30
0.0
 41
15.0
 42
15.0
 50
270.0
  0
INSERT
  5
F71
330
F6C
100
AcDbEntity
  8
REB_BOT_MESH_Y
 62
6
100
AcDbBlockReference
  2
_NONE
 10
6365.0
 20
2704.5
 30
0.0
 41
15.0
 42
15.0
 50
90.0
  0
LINE
  5
F73
330
F6C
100
AcDbEntity
  8
0
 62
6
370
53
100
AcDbLine
 10
6365.0
 20
2104.5
 30
0.0
 11
6365.0
 21
2704.5
 31
0.0
  0
MTEXT
  5
F74
330
F6C
100
AcDbEntity
  8
REB_BOT_MESH_Y
 62
7
100
AcDbMText
 10
6347.5
 20
2404.5
 30
0.0
 40
15.0
 71
5
  1
600
 50
90.0
  0
POINT
  5
F75
330
F6C
100
AcDbEntity
  8
Defpoints
100
AcDbPoint
 10
6365.0
 20
2104.5
 30
0.0
  0
POINT
  5
F76
330
F6C
100
AcDbEntity
  8
Defpoints
100
AcDbPoint
 10
6365.0
 20
2104.5
 30
0.0
  0
POINT
  5
F77
330
F6C
100
AcDbEntity
  8
Defpoints
100
AcDbPoint
 10
6365.0
 20
2704.5
 30
0.0
  0
ENDBLK
  5
F6E
330
F6C
100
AcDbEntity
  8
0
100
AcDbBlockEnd
  0
BLOCK
  5
F7A
330
F79
100
AcDbEntity
  8
0
100
AcDbBlockBegin
  2
*D228
 70
1
 10
0.0
 20
0.0
 30
0.0
  3
*D228
  1

  0
INSERT
  5
F7C
330
F79
100
AcDbEntity
  8
REB_BOT_MESH_Y
 62
6
100
AcDbBlockReference
  2
_NONE
 10
6371.75
 20
2629.5
 30
0.0
 41
15.0
 42
15.0
 50
270.0
  0
INSERT
  5
F7E
330
F79
100
AcDbEntity
  8
REB_BOT_MESH_Y
 62
6
100
AcDbBlockReference
  2
_NONE
 10
6371.75
 20
2735.0
 30
0.0
 41
15.0
 42
15.0
 50
90.0
  0
LINE
  5
F80
330
F79
100
AcDbEntity
  8
0
 62
6
370
53
100
AcDbLine
 10
6371.75
 20
2629.5
 30
0.0
 11
6371.75
 21
2735.0
 31
0.0
  0
MTEXT
  5
F81
330
F79
100
AcDbEntity
  8
REB_BOT_MESH_Y
 62
7
100
AcDbMText
 10
6354.25
 20
2682.25
 30
0.0
 40
15.0
 71
5
  1
106
 50
90.0
  0
POINT
  5
F82
330
F79
100
AcDbEntity
  8
Defpoints
100
AcDbPoint
 10
6371.75
 20
2629.5
 30
0.0
  0
POINT
  5
F83
330
F79
100
AcDbEntity
  8
Defpoints
100
AcDbPoint
 10
6371.75
 20
2629.5
 30
0.0
  0
POINT
  5
F84
330
F79
100
AcDbEntity
  8
Defpoints
100
AcDbPoint
 10
6371.75
 20
2735.0
 30
0.0
  0
ENDBLK
  5
F7B
330
F79
100
AcDbEntity
  8
0
100
AcDbBlockEnd
  0
BLOCK
  5
F87
330
F86
100
AcDbEntity
  8
0
100
AcDbBlockBegin
  2
*D229
 70
1
 10
0.0
 20
0.0
 30
0.0
  3
*D229
  1

  0
INSERT
  5
F89
330
F86
100
AcDbEntity
  8
REB_BOT_MESH_Y
 62
6
100
AcDbBlockReference
  2
_NONE
 10
6905.0
 20
5.0
 30
0.0
 41
15.0
 42
15.0
 50
270.0
  0
INSERT
  5
F8B
330
F86
100
AcDbEntity
  8
REB_BOT_MESH_Y
 62
6
100
AcDbBlockReference
  2
_NONE
 10
6905.0
 20
604.5
 30
0.0
 41
15.0
 42
15.0
 50
90.0
  0
LINE
  5
F8D
330
F86
100
AcDbEntity
  8
0
 62
6
370
53
100
AcDbLine
 10
6905.0
 20
5.0
 30
0.0
 11
6905.0
 21
604.5
 31
0.0
  0
MTEXT
  5
F8E
330
F86
100
AcDbEntity
  8
REB_BOT_MESH_Y
 62
7
100
AcDbMText
 10
6887.5
 20
304.75
 30
0.0
 40
15.0
 71
5
  1
600
 50
90.0
  0
POINT
  5
F8F
330
F86
100
AcDbEntity
  8
Defpoints
100
AcDbPoint
 10
6905.0
 20
5.0
 30
0.0
  0
POINT
  5
F90
330
F86
100
AcDbEntity
  8
Defpoints
100
AcDbPoint
 10
6905.0
 20
5.0
 30
0.0
  0
POINT
  5
F91
330
F86
100
AcDbEntity
  8
Defpoints
100
AcDbPoint
 10
6905.0
 20
604.5
 30
0.0
  0
ENDBLK
  5
F88
330
F86
100
AcDbEntity
  8
0
100
AcDbBlockEnd
  0
BLOCK
  5
F94
330
F93
100
AcDbEntity
  8
0
100
AcDbBlockBegin
  2
*D230
 70
1
 10
0.0
 20
0.0
 30
0.0
  3
*D230
  1

  0
INSERT
  5
F96
330
F93
100
AcDbEntity
  8
REB_BOT_MESH_Y
 62
6
100
AcDbBlockReference
  2
_NONE
 10
6911.75
 20
529.5
 30
0.0
 41
15.0
 42
15.0
 50
270.0
  0
INSERT
  5
F98
330
F93
100
AcDbEntity
  8
REB_BOT_MESH_Y
 62
6
100
AcDbBlockReference
  2
_NONE
 10
6911.75
 20
1129.5
 30
0.0
 41
15.0
 42
15.0
 50
90.0
  0
LINE
  5
F9A
330
F93
100
AcDbEntity
  8
0
 62
6
370
53
100
AcDbLine
 10
6911.75
 20
529.5
 30
0.0
 11
6911.75
 21
1129.5
 31
0.0
  0
MTEXT
  5
F9B
330
F93
100
AcDbEntity
  8
REB_BOT_MESH_Y
 62
7
100
AcDbMText
 10
6894.25
 20
829.5
 30
0.0
 40
15.0
 71
5
  1
600
 50
90.0
  0
POINT
  5
F9C
330
F93
100
AcDbEntity
  8
Defpoints
100
AcDbPoint
 10
6911.75
 20
529.5
 30
0.0
  0
POINT
  5
F9D
330
F93
100
AcDbEntity
  8
Defpoints
100
AcDbPoint
 10
6911.75
 20
529.5
 30
0.0
  0
POINT
  5
F9E
330
F93
100
AcDbEntity
  8
Defpoints
100
AcDbPoint
 10
6911.75
 20
1129.5
 30
0.0
  0
ENDBLK
  5
F95
330
F93
100
AcDbEntity
  8
0
100
AcDbBlockEnd
  0
BLOCK
  5
FA1
330
FA0
100
AcDbEntity
  8
0
100
AcDbBlockBegin
  2
*D231
 70
1
 10
0.0
 20
0.0
 30
0.0
  3
*D231
  1

  0
INSERT
  5
FA3
330
FA0
100
AcDbEntity
  8
REB_BOT_MESH_Y
 62
6
100
AcDbBlockReference
  2
_NONE
 10
6905.0
 20
1054.5
 30
0.0
 41
15.0
 42
15.0
 50
270.0
  0
INSERT
  5
FA5
330
FA0
100
AcDbEntity
  8
REB_BOT_MESH_Y
 62
6
100
AcDbBlockReference
  2
_NONE
 10
6905.0
 20
1654.5
 30
0.0
 41
15.0
 42
15.0
 50
90.0
  0
LINE
  5
FA7
330
FA0
100
AcDbEntity
  8
0
 62
6
370
53
100
AcDbLine
 10
6905.0
 20
1054.5
 30
0.0
 11
6905.0
 21
1654.5
 31
0.0
  0
MTEXT
  5
FA8
330
FA0
100
AcDbEntity
  8
REB_BOT_MESH_Y
 62
7
100
AcDbMText
 10
6887.5
 20
1354.5
 30
0.0
 40
15.0
 71
5
  1
600
 50
90.0
  0
POINT
  5
FA9
330
FA0
100
AcDbEntity
  8
Defpoints
100
AcDbPoint
 10
6905.0
 20
1054.5
 30
0.0
  0
POINT
  5
FAA
330
FA0
100
AcDbEntity
  8
Defpoints
100
AcDbPoint
 10
6905.0
 20
1054.5
 30
0.0
  0
POINT
  5
FAB
330
FA0
100
AcDbEntity
  8
Defpoints
100
AcDbPoint
 10
6905.0
 20
1654.5
 30
0.0
  0
ENDBLK
  5
FA2
330
FA0
100
AcDbEntity
  8
0
100
AcDbBlockEnd
  0
BLOCK
  5
FAE
330
FAD
100
AcDbEntity
  8
0
100
AcDbBlockBegin
  2
*D232
 70
1
 10
0.0
 20
0.0
 30
0.0
  3
*D232
  1

  0
INSERT
  5
FB0
330
FAD
100
AcDbEntity
  8
REB_BOT_MESH_Y
 62
6
100
AcDbBlockReference
  2
_NONE
 10
6911.75
 20
1579.5
 30
0.0
 41
15.0
 42
15.0
 50
270.0
  0
INSERT
  5
FB2
330
FAD
100
AcDbEntity
  8
REB_BOT_MESH_Y
 62
6
100
AcDbBlockReference
  2
_NONE
 10
6911.75
 20
2179.5
 30
0.0
 41
15.0
 42
15.0
 50
90.0
  0
LINE
  5
FB4
330
FAD
100
AcDbEntity
  8
0
 62
6
370
53
100
AcDbLine
 10
6911.75
 20
1579.5
 30
0.0
 11
6911.75
 21
2179.5
 31
0.0
  0
MTEXT
  5
FB5
330
FAD
100
AcDbEntity
  8
REB_BOT_MESH_Y
 62
7
100
AcDbMText
 10
6894.25
 20
1879.5
 30
0.0
 40
15.0
 71
5
  1
600
 50
90.0
  0
POINT
  5
FB6
330
FAD
100
AcDbEntity
  8
Defpoints
100
AcDbPoint
 10
6911.75
 20
1579.5
 30
0.0
  0
POINT
  5
FB7
330
FAD
100
AcDbEntity
  8
Defpoints
100
AcDbPoint
 10
6911.75
 20
1579.5
 30
0.0
  0
POINT
  5
FB8
330
FAD
100
AcDbEntity
  8
Defpoints
100
AcDbPoint
 10
6911.75
 20
2179.5
 30
0.0
  0
ENDBLK
  5
FAF
330
FAD
100
AcDbEntity
  8
0
100
AcDbBlockEnd
  0
BLOCK
  5
FBB
330
FBA
100
AcDbEntity
  8
0
100
AcDbBlockBegin
  2
*D233
 70
1
 10
0.0
 20
0.0
 30
0.0
  3
*D233
  1

  0
INSERT
  5
FBD
330
FBA
100
AcDbEntity
  8
REB_BOT_MESH_Y
 62
6
100
AcDbBlockReference
  2
_NONE
 10
6905.0
 20
2104.5
 30
0.0
 41
15.0
 42
15.0
 50
270.0
  0
INSERT
  5
FBF
330
FBA
100
AcDbEntity
  8
REB_BOT_MESH_Y
 62
6
100
AcDbBlockReference
  2
_NONE
 10
6905.0
 20
2704.5
 30
0.0
 41
15.0
 42
15.0
 50
90.0
  0
LINE
  5
FC1
330
FBA
100
AcDbEntity
  8
0
 62
6
370
53
100
AcDbLine
 10
6905.0
 20
2104.5
 30
0.0
 11
6905.0
 21
2704.5
 31
0.0
  0
MTEXT
  5
FC2
330
FBA
100
AcDbEntity
  8
REB_BOT_MESH_Y
 62
7
100
AcDbMText
 10
6887.5
 20
2404.5
 30
0.0
 40
15.0
 71
5
  1
600
 50
90.0
  0
POINT
  5
FC3
330
FBA
100
AcDbEntity
  8
Defpoints
100
AcDbPoint
 10
6905.0
 20
2104.5
 30
0.0
  0
POINT
  5
FC4
330
FBA
100
AcDbEntity
  8
Defpoints
100
AcDbPoint
 10
6905.0
 20
2104.5
 30
0.0
  0
POINT
  5
FC5
330
FBA
100
AcDbEntity
  8
Defpoints
100
AcDbPoint
 10
6905.0
 20
2704.5
 30
0.0
  0
ENDBLK
  5
FBC
330
FBA
100
AcDbEntity
  8
0
100
AcDbBlockEnd
  0
BLOCK
  5
FC8
330
FC7
100
AcDbEntity
  8
0
100
AcDbBlockBegin
  2
*D234
 70
1
 10
0.0
 20
0.0
 30
0.0
  3
*D234
  1

  0
INSERT
  5
FCA
330
FC7
100
AcDbEntity
  8
REB_BOT_MESH_Y
 62
6
100
AcDbBlockReference
  2
_NONE
 10
6911.75
 20
2629.5
 30
0.0
 41
15.0
 42
15.0
 50
270.0
  0
INSERT
  5
FCC
330
FC7
100
AcDbEntity
  8
REB_BOT_MESH_Y
 62
6
100
AcDbBlockReference
  2
_NONE
 10
6911.75
 20
2735.0
 30
0.0
 41
15.0
 42
15.0
 50
90.0
  0
LINE
  5
FCE
330
FC7
100
AcDbEntity
  8
0
 62
6
370
53
100
AcDbLine
 10
6911.75
 20
2629.5
 30
0.0
 11
6911.75
 21
2735.0
 31
0.0
  0
MTEXT
  5
FCF
330
FC7
100
AcDbEntity
  8
REB_BOT_MESH_Y
 62
7
100
AcDbMText
 10
6894.25
 20
2682.25
 30
0.0
 40
15.0
 71
5
  1
106
 50
90.0
  0
POINT
  5
FD0
330
FC7
100
AcDbEntity
  8
Defpoints
100
AcDbPoint
 10
6911.75
 20
2629.5
 30
0.0
  0
POINT
  5
FD1
330
FC7
100
AcDbEntity
  8
Defpoints
100
AcDbPoint
 10
6911.75
 20
2629.5
 30
0.0
  0
POINT
  5
FD2
330
FC7
100
AcDbEntity
  8
Defpoints
100
AcDbPoint
 10
6911.75
 20
2735.0
 30
0.0
  0
ENDBLK
  5
FC9
330
FC7
100
AcDbEntity
  8
0
100
AcDbBlockEnd
  0
BLOCK
  5
FD5
330
FD4
100
AcDbEntity
  8
0
100
AcDbBlockBegin
  2
*D235
 70
1
 10
0.0
 20
0.0
 30
0.0
  3
*D235
  1

  0
INSERT
  5
FD7
330
FD4
100
AcDbEntity
  8
REB_BOT_MESH_Y
 62
6
100
AcDbBlockReference
  2
_NONE
 10
5825.0
 20
5.0
 30
0.0
 41
15.0
 42
15.0
 50
270.0
  0
INSERT
  5
FD9
330
FD4
100
AcDbEntity
  8
REB_BOT_MESH_Y
 62
6
100
AcDbBlockReference
  2
_NONE
 10
5825.0
 20
604.5
 30
0.0
 41
15.0
 42
15.0
 50
90.0
  0
LINE
  5
FDB
330
FD4
100
AcDbEntity
  8
0
 62
6
370
53
100
AcDbLine
 10
5825.0
 20
5.0
 30
0.0
 11
5825.0
 21
604.5
 31
0.0
  0
MTEXT
  5
FDC
330
FD4
100
AcDbEntity
  8
REB_BOT_MESH_Y
 62
7
100
AcDbMText
 10
5807.5
 20
304.75
 30
0.0
 40
15.0
 71
5
  1
600
 50
90.0
  0
POINT
  5
FDD
330
FD4
100
AcDbEntity
  8
Defpoints
100
AcDbPoint
 10
5825.0
 20
5.0
 30
0.0
  0
POINT
  5
FDE
330
FD4
100
AcDbEntity
  8
Defpoints
100
AcDbPoint
 10
5825.0
 20
5.0
 30
0.0
  0
POINT
  5
FDF
330
FD4
100
AcDbEntity
  8
Defpoints
100
AcDbPoint
 10
5825.0
 20
604.5
 30
0.0
  0
ENDBLK
  5
FD6
330
FD4
100
AcDbEntity
  8
0
100
AcDbBlockEnd
  0
BLOCK
  5
FE2
330
FE1
100
AcDbEntity
  8
0
100
AcDbBlockBegin
  2
*D236
 70
1
 10
0.0
 20
0.0
 30
0.0
  3
*D236
  1

  0
INSERT
  5
FE4
330
FE1
100
AcDbEntity
  8
REB_BOT_MESH_Y
 62
6
100
AcDbBlockReference
  2
_NONE
 10
5831.75
 20
529.5
 30
0.0
 41
15.0
 42
15.0
 50
270.0
  0
INSERT
  5
FE6
330
FE1
100
AcDbEntity
  8
REB_BOT_MESH_Y
 62
6
100
AcDbBlockReference
  2
_NONE
 10
5831.75
 20
1125.0
 30
0.0
 41
15.0
 42
15.0
 50
90.0
  0
LINE
  5
FE8
330
FE1
100
AcDbEntity
  8
0
 62
6
370
53
100
AcDbLine
 10
5831.75
 20
529.5
 30
0.0
 11
5831.75
 21
1125.0
 31
0.0
  0
MTEXT
  5
FE9
330
FE1
100
AcDbEntity
  8
REB_BOT_MESH_Y
 62
7
100
AcDbMText
 10
5814.25
 20
827.25
 30
0.0
 40
15.0
 71
5
  1
596
 50
90.0
  0
POINT
  5
FEA
330
FE1
100
AcDbEntity
  8
Defpoints
100
AcDbPoint
 10
5831.75
 20
529.5
 30
0.0
  0
POINT
  5
FEB
330
FE1
100
AcDbEntity
  8
Defpoints
100
AcDbPoint
 10
5831.75
 20
529.5
 30
0.0
  0
POINT
  5
FEC
330
FE1
100
AcDbEntity
  8
Defpoints
100
AcDbPoint
 10
5831.75
 20
1125.0
 30
0.0
  0
ENDBLK
  5
FE3
330
FE1
100
AcDbEntity
  8
0
100
AcDbBlockEnd
  0
BLOCK
  5
FEF
330
FEE
100
AcDbEntity
  8
0
100
AcDbBlockBegin
  2
*D237
 70
1
 10
0.0
 20
0.0
 30
0.0
  3
*D237
  1

  0
INSERT
  5
FF1
330
FEE
100
AcDbEntity
  8
REB_BOT_MESH_Y
 62
6
100
AcDbBlockReference
  2
_NONE
 10
5825.0
 20
1615.0
 30
0.0
 41
15.0
 42
15.0
 50
270.0
  0
INSERT
  5
FF3
330
FEE
100
AcDbEntity
  8
REB_BOT_MESH_Y
 62
6
100
AcDbBlockReference
  2
_NONE
 10
5825.0
 20
2214.5
 30
0.0
 41
15.0
 42
15.0
 50
90.0
  0
LINE
  5
FF5
330
FEE
100
AcDbEntity
  8
0
 62
6
370
53
100
AcDbLine
 10
5825.0
 20
1615.0
 30
0.0
 11
5825.0
 21
2214.5
 31
0.0
  0
MTEXT
  5
FF6
330
FEE
100
AcDbEntity
  8
REB_BOT_MESH_Y
 62
7
100
AcDbMText
 10
5807.5
 20
1914.75
 30
0.0
 40
15.0
 71
5
  1
600
 50
90.0
  0
POINT
  5
FF7
330
FEE
100
AcDbEntity
  8
Defpoints
100
AcDbPoint
 10
5825.0
 20
1615.0
 30
0.0
  0
POINT
  5
FF8
330
FEE
100
AcDbEntity
  8
Defpoints
100
AcDbPoint
 10
5825.0
 20
1615.0
 30
0.0
  0
POINT
  5
FF9
330
FEE
100
AcDbEntity
  8
Defpoints
100
AcDbPoint
 10
5825.0
 20
2214.5
 30
0.0
  0
ENDBLK
  5
FF0
330
FEE
100
AcDbEntity
  8
0
100
AcDbBlockEnd
  0
BLOCK
  5
FFC
330
FFB
100
AcDbEntity
  8
0
100
AcDbBlockBegin
  2
*D238
 70
1
 10
0.0
 20
0.0
 30
0.0
  3
*D238
  1

  0
INSERT
  5
FFE
330
FFB
100
AcDbEntity
  8
REB_BOT_MESH_Y
 62
6
100
AcDbBlockReference
  2
_NONE
 10
5831.75
 20
2139.5
 30
0.0
 41
15.0
 42
15.0
 50
270.0
  0
INSERT
  5
1000
330
FFB
100
AcDbEntity
  8
REB_BOT_MESH_Y
 62
6
100
AcDbBlockReference
  2
_NONE
 10
5831.75
 20
2735.0
 30
0.0
 41
15.0
 42
15.0
 50
90.0
  0
LINE
  5
1002
330
FFB
100
AcDbEntity
  8
0
 62
6
370
53
100
AcDbLine
 10
5831.75
 20
2139.5
 30
0.0
 11
5831.75
 21
2735.0
 31
0.0
  0
MTEXT
  5
1003
330
FFB
100
AcDbEntity
  8
REB_BOT_MESH_Y
 62
7
100
AcDbMText
 10
5814.25
 20
2437.25
 30
0.0
 40
15.0
 71
5
  1
596
 50
90.0
  0
POINT
  5
1004
330
FFB
100
AcDbEntity
  8
Defpoints
100
AcDbPoint
 10
5831.75
 20
2139.5
 30
0.0
  0
POINT
  5
1005
330
FFB
100
AcDbEntity
  8
Defpoints
100
AcDbPoint
 10
5831.75
 20
2139.5
 30
0.0
  0
POINT
  5
1006
330
FFB
100
AcDbEntity
  8
Defpoints
100
AcDbPoint
 10
5831.75
 20
2735.0
 30
0.0
  0
ENDBLK
  5
FFD
330
FFB
100
AcDbEntity
  8
0
100
AcDbBlockEnd
  0
BLOCK
  5
1009
330
1008
100
AcDbEntity
  8
0
100
AcDbBlockBegin
  2
*D239
 70
1
 10
0.0
 20
0.0
 30
0.0
  3
*D239
  1

  0
INSERT
  5
100B
330
1008
100
AcDbEntity
  8
REB_BOT_MESH_Y
 62
6
100
AcDbBlockReference
  2
_NONE
 10
6785.0
 20
735.0
 30
0.0
 41
15.0
 42
15.0
 50
270.0
  0
INSERT
  5
100D
330
1008
100
AcDbEntity
  8
REB_BOT_MESH_Y
 62
6
100
AcDbBlockReference
  2
_NONE
 10
6785.0
 20
1207.5
 30
0.0
 41
15.0
 42
15.0
 50
90.0
  0
LINE
  5
100F
330
1008
100
AcDbEntity
  8
0
 62
6
370
53
100
AcDbLine
 10
6785.0
 20
735.0
 30
0.0
 11
6785.0
 21
1207.5
 31
0.0
  0
MTEXT
  5
1010
330
1008
100
AcDbEntity
  8
REB_BOT_MESH_Y
 62
7
100
AcDbMText
 10
6767.5
 20
971.25
 30
0.0
 40
15.0
 71
5
  1
472
 50
90.0
  0
POINT
  5
1011
330
1008
100
AcDbEntity
  8
Defpoints
100
AcDbPoint
 10
6785.0
 20
735.0
 30
0.0
  0
POINT
  5
1012
330
1008
100
AcDbEntity
  8
Defpoints
100
AcDbPoint
 10
6785.0
 20
735.0
 30
0.0
  0
POINT
  5
1013
330
1008
100
AcDbEntity
  8
Defpoints
100
AcDbPoint
 10
6785.0
 20
1207.5
 30
0.0
  0
ENDBLK
  5
100A
330
1008
100
AcDbEntity
  8
0
100
AcDbBlockEnd
  0
BLOCK
  5
1016
330
1015
100
AcDbEntity
  8
0
100
AcDbBlockBegin
  2
*D240
 70
1
 10
0.0
 20
0.0
 30
0.0
  3
*D240
  1

  0
INSERT
  5
1018
330
1015
100
AcDbEntity
  8
REB_BOT_MESH_Y
 62
6
100
AcDbBlockReference
  2
_NONE
 10
6791.75
 20
1132.5
 30
0.0
 41
15.0
 42
15.0
 50
270.0
  0
INSERT
  5
101A
330
1015
100
AcDbEntity
  8
REB_BOT_MESH_Y
 62
6
100
AcDbBlockReference
  2
_NONE
 10
6791.75
 20
1732.5
 30
0.0
 41
15.0
 42
15.0
 50
90.0
  0
LINE
  5
101C
330
1015
100
AcDbEntity
  8
0
 62
6
370
53
100
AcDbLine
 10
6791.75
 20
1132.5
 30
0.0
 11
6791.75
 21
1732.5
 31
0.0
  0
MTEXT
  5
101D
330
1015
100
AcDbEntity
  8
REB_BOT_MESH_Y
 62
7
100
AcDbMText
 10
6774.25
 20
1432.5
 30
0.0
 40
15.0
 71
5
  1
600
 50
90.0
  0
POINT
  5
101E
330
1015
100
AcDbEntity
  8
Defpoints
100
AcDbPoint
 10
6791.75
 20
1132.5
 30
0.0
  0
POINT
  5
101F
330
1015
100
AcDbEntity
  8
Defpoints
100
AcDbPoint
 10
6791.75
 20
1132.5
 30
0.0
  0
POINT
  5
1020
330
1015
100
AcDbEntity
  8
Defpoints
100
AcDbPoint
 10
6791.75
 20
1732.5
 30
0.0
  0
ENDBLK
  5
1017
330
1015
100
AcDbEntity
  8
0
100
AcDbBlockEnd
  0
BLOCK
  5
1023
330
1022
100
AcDbEntity
  8
0
100
AcDbBlockBegin
  2
*D241
 70
1
 10
0.0
 20
0.0
 30
0.0
  3
*D241
  1

  0
INSERT
  5
1025
330
1022
100
AcDbEntity
  8
REB_BOT_MESH_Y
 62
6
100
AcDbBlockReference
  2
_NONE
 10
6785.0
 20
1657.5
 30
0.0
 41
15.0
 42
15.0
 50
270.0
  0
INSERT
  5
1027
330
1022
100
AcDbEntity
  8
REB_BOT_MESH_Y
 62
6
100
AcDbBlockReference
  2
_NONE
 10
6785.0
 20
2257.5
 30
0.0
 41
15.0
 42
15.0
 50
90.0
  0
LINE
  5
1029
330
1022
100
AcDbEntity
  8
0
 62
6
370
53
100
AcDbLine
 10
6785.0
 20
1657.5
 30
0.0
 11
6785.0
 21
2257.5
 31
0.0
  0
MTEXT
  5
102A
330
1022
100
AcDbEntity
  8
REB_BOT_MESH_Y
 62
7
100
AcDbMText
 10
6767.5
 20
1957.5
 30
0.0
 40
15.0
 71
5
  1
600
 50
90.0
  0
POINT
  5
102B
330
1022
100
AcDbEntity
  8
Defpoints
100
AcDbPoint
 10
6785.0
 20
1657.5
 30
0.0
  0
POINT
  5
102C
330
1022
100
AcDbEntity
  8
Defpoints
100
AcDbPoint
 10
6785.0
 20
1657.5
 30
0.0
  0
POINT
  5
102D
330
1022
100
AcDbEntity
  8
Defpoints
100
AcDbPoint
 10
6785.0
 20
2257.5
 30
0.0
  0
ENDBLK
  5
1024
330
1022
100
AcDbEntity
  8
0
100
AcDbBlockEnd
  0
BLOCK
  5
1030
330
102F
100
AcDbEntity
  8
0
100
AcDbBlockBegin
  2
*D242
 70
1
 10
0.0
 20
0.0
 30
0.0
  3
*D242
  1

  0
INSERT
  5
1032
330
102F
100
AcDbEntity
  8
REB_BOT_MESH_Y
 62
6
100
AcDbBlockReference
  2
_NONE
 10
6791.75
 20
2182.5
 30
0.0
 41
15.0
 42
15.0
 50
270.0
  0
INSERT
  5
1034
330
102F
100
AcDbEntity
  8
REB_BOT_MESH_Y
 62
6
100
AcDbBlockReference
  2
_NONE
 10
6791.75
 20
2735.0
 30
0.0
 41
15.0
 42
15.0
 50
90.0
  0
LINE
  5
1036
330
102F
100
AcDbEntity
  8
0
 62
6
370
53
100
AcDbLine
 10
6791.75
 20
2182.5
 30
0.0
 11
6791.75
 21
2735.0
 31
0.0
  0
MTEXT
  5
1037
330
102F
100
AcDbEntity
  8
REB_BOT_MESH_Y
 62
7
100
AcDbMText
 10
6774.25
 20
2458.75
 30
0.0
 40
15.0
 71
5
  1
552
 50
90.0
  0
POINT
  5
1038
330
102F
100
AcDbEntity
  8
Defpoints
100
AcDbPoint
 10
6791.75
 20
2182.5
 30
0.0
  0
POINT
  5
1039
330
102F
100
AcDbEntity
  8
Defpoints
100
AcDbPoint
 10
6791.75
 20
2182.5
 30
0.0
  0
POINT
  5
103A
330
102F
100
AcDbEntity
  8
Defpoints
100
AcDbPoint
 10
6791.75
 20
2735.0
 30
0.0
  0
ENDBLK
  5
1031
330
102F
100
AcDbEntity
  8
0
100
AcDbBlockEnd
  0
BLOCK
  5
103D
330
103C
100
AcDbEntity
  8
0
100
AcDbBlockBegin
  2
*D243
 70
1
 10
0.0
 20
0.0
 30
0.0
  3
*D243
  1

  0
INSERT
  5
103F
330
103C
100
AcDbEntity
  8
REB_BOT_MESH_Y
 62
6
100
AcDbBlockReference
  2
_NONE
 10
6745.0
 20
5.0
 30
0.0
 41
15.0
 42
15.0
 50
270.0
  0
INSERT
  5
1041
330
103C
100
AcDbEntity
  8
REB_BOT_MESH_Y
 62
6
100
AcDbBlockReference
  2
_NONE
 10
6745.0
 20
605.0
 30
0.0
 41
15.0
 42
15.0
 50
90.0
  0
LINE
  5
1043
330
103C
100
AcDbEntity
  8
0
 62
6
370
53
100
AcDbLine
 10
6745.0
 20
5.0
 30
0.0
 11
6745.0
 21
605.0
 31
0.0
  0
MTEXT
  5
1044
330
103C
100
AcDbEntity
  8
REB_BOT_MESH_Y
 62
7
100
AcDbMText
 10
6727.5
 20
305.0
 30
0.0
 40
15.0
 71
5
  1
600
 50
90.0
  0
POINT
  5
1045
330
103C
100
AcDbEntity
  8
Defpoints
100
AcDbPoint
 10
6745.0
 20
5.0
 30
0.0
  0
POINT
  5
1046
330
103C
100
AcDbEntity
  8
Defpoints
100
AcDbPoint
 10
6745.0
 20
5.0
 30
0.0
  0
POINT
  5
1047
330
103C
100
AcDbEntity
  8
Defpoints
100
AcDbPoint
 10
6745.0
 20
605.0
 30
0.0
  0
ENDBLK
  5
103E
330
103C
100
AcDbEntity
  8
0
100
AcDbBlockEnd
  0
BLOCK
  5
108C
330
108B
100
AcDbEntity
  8
0
100
AcDbBlockBegin
  2
*D244
 70
1
 10
0.0
 20
0.0
 30
0.0
  3
*D244
  1

  0
INSERT
  5
108E
330
108B
100
AcDbEntity
  8
REB_TOP_MESH_X
 62
6
100
AcDbBlockReference
  2
_NONE
 10
5.0
 20
-2245.0
 30
0.0
 41
15.0
 42
15.0
 50
180.0
  0
INSERT
  5
1090
330
108B
100
AcDbEntity
  8
REB_TOP_MESH_X
 62
6
100
AcDbBlockReference
  2
_NONE
 10
397.5
 20
-2245.0
 30
0.0
 41
15.0
 42
15.0
  0
LINE
  5
1092
330
108B
100
AcDbEntity
  8
0
 62
6
370
53
100
AcDbLine
 10
5.0
 20
-2245.0
 30
0.0
 11
397.5
 21
-2245.0
 31
0.0
  0
MTEXT
  5
1093
330
108B
100
AcDbEntity
  8
REB_TOP_MESH_X
 62
7
100
AcDbMText
 10
201.25
 20
-2227.5
 30
0.0
 40
15.0
 71
5
  1
392
  0
POINT
  5
1094
330
108B
100
AcDbEntity
  8
Defpoints
100
AcDbPoint
 10
5.0
 20
-2245.0
 30
0.0
  0
POINT
  5
1095
330
108B
100
AcDbEntity
  8
Defpoints
100
AcDbPoint
 10
5.0
 20
-2245.0
 30
0.0
  0
POINT
  5
1096
330
108B
100
AcDbEntity
  8
Defpoints
100
AcDbPoint
 10
397.5
 20
-2245.0
 30
0.0
  0
ENDBLK
  5
108D
330
108B
100
AcDbEntity
  8
0
100
AcDbBlockEnd
  0
BLOCK
  5
1099
330
1098
100
AcDbEntity
  8
0
100
AcDbBlockBegin
  2
*D245
 70
1
 10
0.0
 20
0.0
 30
0.0
  3
*D245
  1

  0
INSERT
  5
109B
330
1098
100
AcDbEntity
  8
REB_TOP_MESH_X
 62
6
100
AcDbBlockReference
  2
_NONE
 10
312.5
 20
-2238.25
 30
0.0
 41
15.0
 42
15.0
 50
180.0
  0
INSERT
  5
109D
330
1098
100
AcDbEntity
  8
REB_TOP_MESH_X
 62
6
100
AcDbBlockReference
  2
_NONE
 10
912.5
 20
-2238.25
 30
0.0
 41
15.0
 42
15.0
  0
LINE
  5
109F
330
1098
100
AcDbEntity
  8
0
 62
6
370
53
100
AcDbLine
 10
312.5
 20
-2238.25
 30
0.0
 11
912.5
 21
-2238.25
 31
0.0
  0
MTEXT
  5
10A0
330
1098
100
AcDbEntity
  8
REB_TOP_MESH_X
 62
7
100
AcDbMText
 10
612.5
 20
-2220.75
 30
0.0
 40
15.0
 71
5
  1
600
  0
POINT
  5
10A1
330
1098
100
AcDbEntity
  8
Defpoints
100
AcDbPoint
 10
312.5
 20
-2238.25
 30
0.0
  0
POINT
  5
10A2
330
1098
100
AcDbEntity
  8
Defpoints
100
AcDbPoint
 10
312.5
 20
-2238.25
 30
0.0
  0
POINT
  5
10A3
330
1098
100
AcDbEntity
  8
Defpoints
100
AcDbPoint
 10
912.5
 20
-2238.25
 30
0.0
  0
ENDBLK
  5
109A
330
1098
100
AcDbEntity
  8
0
100
AcDbBlockEnd
  0
BLOCK
  5
10A6
330
10A5
100
AcDbEntity
  8
0
100
AcDbBlockBegin
  2
*D246
 70
1
 10
0.0
 20
0.0
 30
0.0
  3
*D246
  1

  0
INSERT
  5
10A8
330
10A5
100
AcDbEntity
  8
REB_TOP_MESH_X
 62
6
100
AcDbBlockReference
  2
_NONE
 10
827.5
 20
-2245.0
 30
0.0
 41
15.0
 42
15.0
 50
180.0
  0
INSERT
  5
10AA
330
10A5
100
AcDbEntity
  8
REB_TOP_MESH_X
 62
6
100
AcDbBlockReference
  2
_NONE
 10
1427.5
 20
-2245.0
 30
0.0
 41
15.0
 42
15.0
  0
LINE
  5
10AC
330
10A5
100
AcDbEntity
  8
0
 62
6
370
53
100
AcDbLine
 10
827.5
 20
-2245.0
 30
0.0
 11
1427.5
 21
-2245.0
 31
0.0
  0
MTEXT
  5
10AD
330
10A5
100
AcDbEntity
  8
REB_TOP_MESH_X
 62
7
100
AcDbMText
 10
1127.5
 20
-2227.5
 30
0.0
 40
15.0
 71
5
  1
600
  0
POINT
  5
10AE
330
10A5
100
AcDbEntity
  8
Defpoints
100
AcDbPoint
 10
827.5
 20
-2245.0
 30
0.0
  0
POINT
  5
10AF
330
10A5
100
AcDbEntity
  8
Defpoints
100
AcDbPoint
 10
827.5
 20
-2245.0
 30
0.0
  0
POINT
  5
10B0
330
10A5
100
AcDbEntity
  8
Defpoints
100
AcDbPoint
 10
1427.5
 20
-2245.0
 30
0.0
  0
ENDBLK
  5
10A7
330
10A5
100
AcDbEntity
  8
0
100
AcDbBlockEnd
  0
BLOCK
  5
10B3
330
10B2
100
AcDbEntity
  8
0
100
AcDbBlockBegin
  2
*D247
 70
1
 10
0.0
 20
0.0
 30
0.0
  3
*D247
  1

  0
INSERT
  5
10B5
330
10B2
100
AcDbEntity
  8
REB_TOP_MESH_X
 62
6
100
AcDbBlockReference
  2
_NONE
 10
1342.5
 20
-2238.25
 30
0.0
 41
15.0
 42
15.0
 50
180.0
  0
INSERT
  5
10B7
330
10B2
100
AcDbEntity
  8
REB_TOP_MESH_X
 62
6
100
AcDbBlockReference
  2
_NONE
 10
1942.5
 20
-2238.25
 30
0.0
 41
15.0
 42
15.0
  0
LINE
  5
10B9
330
10B2
100
AcDbEntity
  8
0
 62
6
370
53
100
AcDbLine
 10
1342.5
 20
-2238.25
 30
0.0
 11
1942.5
 21
-2238.25
 31
0.0
  0
MTEXT
  5
10BA
330
10B2
100
AcDbEntity
  8
REB_TOP_MESH_X
 62
7
100
AcDbMText
 10
1642.5
 20
-2220.75
 30
0.0
 40
15.0
 71
5
  1
600
  0
POINT
  5
10BB
330
10B2
100
AcDbEntity
  8
Defpoints
100
AcDbPoint
 10
1342.5
 20
-2238.25
 30
0.0
  0
POINT
  5
10BC
330
10B2
100
AcDbEntity
  8
Defpoints
100
AcDbPoint
 10
1342.5
 20
-2238.25
 30
0.0
  0
POINT
  5
10BD
330
10B2
100
AcDbEntity
  8
Defpoints
100
AcDbPoint
 10
1942.5
 20
-2238.25
 30
0.0
  0
ENDBLK
  5
10B4
330
10B2
100
AcDbEntity
  8
0
100
AcDbBlockEnd
  0
BLOCK
  5
10C0
330
10BF
100
AcDbEntity
  8
0
100
AcDbBlockBegin
  2
*D248
 70
1
 10
0.0
 20
0.0
 30
0.0
  3
*D248
  1

  0
INSERT
  5
10C2
330
10BF
100
AcDbEntity
  8
REB_TOP_MESH_X
 62
6
100
AcDbBlockReference
  2
_NONE
 10
1857.5
 20
-2245.0
 30
0.0
 41
15.0
 42
15.0
 50
180.0
  0
INSERT
  5
10C4
330
10BF
100
AcDbEntity
  8
REB_TOP_MESH_X
 62
6
100
AcDbBlockReference
  2
_NONE
 10
2457.5
 20
-2245.0
 30
0.0
 41
15.0
 42
15.0
  0
LINE
  5
10C6
330
10BF
100
AcDbEntity
  8
0
 62
6
370
53
100
AcDbLine
 10
1857.5
 20
-2245.0
 30
0.0
 11
2457.5
 21
-2245.0
 31
0.0
  0
MTEXT
  5
10C7
330
10BF
100
AcDbEntity
  8
REB_TOP_MESH_X
 62
7
100
AcDbMText
 10
2157.5
 20
-2227.5
 30
0.0
 40
15.0
 71
5
  1
600
  0
POINT
  5
10C8
330
10BF
100
AcDbEntity
  8
Defpoints
100
AcDbPoint
 10
1857.5
 20
-2245.0
 30
0.0
  0
POINT
  5
10C9
330
10BF
100
AcDbEntity
  8
Defpoints
100
AcDbPoint
 10
1857.5
 20
-2245.0
 30
0.0
  0
POINT
  5
10CA
330
10BF
100
AcDbEntity
  8
Defpoints
100
AcDbPoint
 10
2457.5
 20
-2245.0
 30
0.0
  0
ENDBLK
  5
10C1
330
10BF
100
AcDbEntity
  8
0
100
AcDbBlockEnd
  0
BLOCK
  5
10CD
330
10CC
100
AcDbEntity
  8
0
100
AcDbBlockBegin
  2
*D249
 70
1
 10
0.0
 20
0.0
 30
0.0
  3
*D249
  1

  0
INSERT
  5
10CF
330
10CC
100
AcDbEntity
  8
REB_TOP_MESH_X
 62
6
100
AcDbBlockReference
  2
_NONE
 10
2372.5
 20
-2238.25
 30
0.0
 41
15.0
 42
15.0
 50
180.0
  0
INSERT
  5
10D1
330
10CC
100
AcDbEntity
  8
REB_TOP_MESH_X
 62
6
100
AcDbBlockReference
  2
_NONE
 10
2735.0
 20
-2238.25
 30
0.0
 41
15.0
 42
15.0
  0
LINE
  5
10D3
330
10CC
100
AcDbEntity
  8
0
 62
6
370
53
100
AcDbLine
 10
2372.5
 20
-2238.25
 30
0.0
 11
2735.0
 21
-2238.25
 31
0.0
  0
MTEXT
  5
10D4
330
10CC
100
AcDbEntity
  8
REB_TOP_MESH_X
 62
7
100
AcDbMText
 10
2553.75
 20
-2220.75
 30
0.0
 40
15.0
 71
5
  1
362
  0
POINT
  5
10D5
330
10CC
100
AcDbEntity
  8
Defpoints
100
AcDbPoint
 10
2372.5
 20
-2238.25
 30
0.0
  0
POINT
  5
10D6
330
10CC
100
AcDbEntity
  8
Defpoints
100
AcDbPoint
 10
2372.5
 20
-2238.25
 30
0.0
  0
POINT
  5
10D7
330
10CC
100
AcDbEntity
  8
Defpoints
100
AcDbPoint
 10
2735.0
 20
-2238.25
 30
0.0
  0
ENDBLK
  5
10CE
330
10CC
100
AcDbEntity
  8
0
100
AcDbBlockEnd
  0
BLOCK
  5
10DA
330
10D9
100
AcDbEntity
  8
0
100
AcDbBlockBegin
  2
*D250
 70
1
 10
0.0
 20
0.0
 30
0.0
  3
*D250
  1

  0
INSERT
  5
10DC
330
10D9
100
AcDbEntity
  8
REB_TOP_MESH_X
 62
6
100
AcDbBlockReference
  2
_NONE
 10
5.0
 20
-3865.0
 30
0.0
 41
15.0
 42
15.0
 50
180.0
  0
INSERT
  5
10DE
330
10D9
100
AcDbEntity
  8
REB_TOP_MESH_X
 62
6
100
AcDbBlockReference
  2
_NONE
 10
397.5
 20
-3865.0
 30
0.0
 41
15.0
 42
15.0
  0
LINE
  5
10E0
330
10D9
100
AcDbEntity
  8
0
 62
6
370
53
100
AcDbLine
 10
5.0
 20
-3865.0
 30
0.0
 11
397.5
 21
-3865.0
 31
0.0
  0
MTEXT
  5
10E1
330
10D9
100
AcDbEntity
  8
REB_TOP_MESH_X
 62
7
100
AcDbMText
 10
201.25
 20
-3847.5
 30
0.0
 40
15.0
 71
5
  1
392
  0
POINT
  5
10E2
330
10D9
100
AcDbEntity
  8
Defpoints
100
AcDbPoint
 10
5.0
 20
-3865.0
 30
0.0
  0
POINT
  5
10E3
330
10D9
100
AcDbEntity
  8
Defpoints
100
AcDbPoint
 10
5.0
 20
-3865.0
 30
0.0
  0
POINT
  5
10E4
330
10D9
100
AcDbEntity
  8
Defpoints
100
AcDbPoint
 10
397.5
 20
-3865.0
 30
0.0
  0
ENDBLK
  5
10DB
330
10D9
100
AcDbEntity
  8
0
100
AcDbBlockEnd
  0
BLOCK
  5
10E7
330
10E6
100
AcDbEntity
  8
0
100
AcDbBlockBegin
  2
*D251
 70
1
 10
0.0
 20
0.0
 30
0.0
  3
*D251
  1

  0
INSERT
  5
10E9
330
10E6
100
AcDbEntity
  8
REB_TOP_MESH_X
 62
6
100
AcDbBlockReference
  2
_NONE
 10
312.5
 20
-3858.25
 30
0.0
 41
15.0
 42
15.0
 50
180.0
  0
INSERT
  5
10EB
330
10E6
100
AcDbEntity
  8
REB_TOP_MESH_X
 62
6
100
AcDbBlockReference
  2
_NONE
 10
912.5
 20
-3858.25
 30
0.0
 41
15.0
 42
15.0
  0
LINE
  5
10ED
330
10E6
100
AcDbEntity
  8
0
 62
6
370
53
100
AcDbLine
 10
312.5
 20
-3858.25
 30
0.0
 11
912.5
 21
-3858.25
 31
0.0
  0
MTEXT
  5
10EE
330
10E6
100
AcDbEntity
  8
REB_TOP_MESH_X
 62
7
100
AcDbMText
 10
612.5
 20
-3840.75
 30
0.0
 40
15.0
 71
5
  1
600
  0
POINT
  5
10EF
330
10E6
100
AcDbEntity
  8
Defpoints
100
AcDbPoint
 10
312.5
 20
-3858.25
 30
0.0
  0
POINT
  5
10F0
330
10E6
100
AcDbEntity
  8
Defpoints
100
AcDbPoint
 10
312.5
 20
-3858.25
 30
0.0
  0
POINT
  5
10F1
330
10E6
100
AcDbEntity
  8
Defpoints
100
AcDbPoint
 10
912.5
 20
-3858.25
 30
0.0
  0
ENDBLK
  5
10E8
330
10E6
100
AcDbEntity
  8
0
100
AcDbBlockEnd
  0
BLOCK
  5
10F4
330
10F3
100
AcDbEntity
  8
0
100
AcDbBlockBegin
  2
*D252
 70
1
 10
0.0
 20
0.0
 30
0.0
  3
*D252
  1

  0
INSERT
  5
10F6
330
10F3
100
AcDbEntity
  8
REB_TOP_MESH_X
 62
6
100
AcDbBlockReference
  2
_NONE
 10
827.5
 20
-3865.0
 30
0.0
 41
15.0
 42
15.0
 50
180.0
  0
INSERT
  5
10F8
330
10F3
100
AcDbEntity
  8
REB_TOP_MESH_X
 62
6
100
AcDbBlockReference
  2
_NONE
 10
1427.5
 20
-3865.0
 30
0.0
 41
15.0
 42
15.0
  0
LINE
  5
10FA
330
10F3
100
AcDbEntity
  8
0
 62
6
370
53
100
AcDbLine
 10
827.5
 20
-3865.0
 30
0.0
 11
1427.5
 21
-3865.0
 31
0.0
  0
MTEXT
  5
10FB
330
10F3
100
AcDbEntity
  8
REB_TOP_MESH_X
 62
7
100
AcDbMText
 10
1127.5
 20
-3847.5
 30
0.0
 40
15.0
 71
5
  1
600
  0
POINT
  5
10FC
330
10F3
100
AcDbEntity
  8
Defpoints
100
AcDbPoint
 10
827.5
 20
-3865.0
 30
0.0
  0
POINT
  5
10FD
330
10F3
100
AcDbEntity
  8
Defpoints
100
AcDbPoint
 10
827.5
 20
-3865.0
 30
0.0
  0
POINT
  5
10FE
330
10F3
100
AcDbEntity
  8
Defpoints
100
AcDbPoint
 10
1427.5
 20
-3865.0
 30
0.0
  0
ENDBLK
  5
10F5
330
10F3
100
AcDbEntity
  8
0
100
AcDbBlockEnd
  0
BLOCK
  5
1101
330
1100
100
AcDbEntity
  8
0
100
AcDbBlockBegin
  2
*D253
 70
1
 10
0.0
 20
0.0
 30
0.0
  3
*D253
  1

  0
INSERT
  5
1103
330
1100
100
AcDbEntity
  8
REB_TOP_MESH_X
 62
6
100
AcDbBlockReference
  2
_NONE
 10
1342.5
 20
-3858.25
 30
0.0
 41
15.0
 42
15.0
 50
180.0
  0
INSERT
  5
1105
330
1100
100
AcDbEntity
  8
REB_TOP_MESH_X
 62
6
100
AcDbBlockReference
  2
_NONE
 10
1942.5
 20
-3858.25
 30
0.0
 41
15.0
 42
15.0
  0
LINE
  5
1107
330
1100
100
AcDbEntity
  8
0
 62
6
370
53
100
AcDbLine
 10
1342.5
 20
-3858.25
 30
0.0
 11
1942.5
 21
-3858.25
 31
0.0
  0
MTEXT
  5
1108
330
1100
100
AcDbEntity
  8
REB_TOP_MESH_X
 62
7
100
AcDbMText
 10
1642.5
 20
-3840.75
 30
0.0
 40
15.0
 71
5
  1
600
  0
POINT
  5
1109
330
1100
100
AcDbEntity
  8
Defpoints
100
AcDbPoint
 10
1342.5
 20
-3858.25
 30
0.0
  0
POINT
  5
110A
330
1100
100
AcDbEntity
  8
Defpoints
100
AcDbPoint
 10
1342.5
 20
-3858.25
 30
0.0
  0
POINT
  5
110B
330
1100
100
AcDbEntity
  8
Defpoints
100
AcDbPoint
 10
1942.5
 20
-3858.25
 30
0.0
  0
ENDBLK
  5
1102
330
1100
100
AcDbEntity
  8
0
100
AcDbBlockEnd
  0
BLOCK
  5
110E
330
110D
100
AcDbEntity
  8
0
100
AcDbBlockBegin
  2
*D254
 70
1
 10
0.0
 20
0.0
 30
0.0
  3
*D254
  1

  0
INSERT
  5
1110
330
110D
100
AcDbEntity
  8
REB_TOP_MESH_X
 62
6
100
AcDbBlockReference
  2
_NONE
 10
1857.5
 20
-3865.0
 30
0.0
 41
15.0
 42
15.0
 50
180.0
  0
INSERT
  5
1112
330
110D
100
AcDbEntity
  8
REB_TOP_MESH_X
 62
6
100
AcDbBlockReference
  2
_NONE
 10
2457.5
 20
-3865.0
 30
0.0
 41
15.0
 42
15.0
  0
LINE
  5
1114
330
110D
100
AcDbEntity
  8
0
 62
6
370
53
100
AcDbLine
 10
1857.5
 20
-3865.0
 30
0.0
 11
2457.5
 21
-3865.0
 31
0.0
  0
MTEXT
  5
1115
330
110D
100
AcDbEntity
  8
REB_TOP_MESH_X
 62
7
100
AcDbMText
 10
2157.5
 20
-3847.5
 30
0.0
 40
15.0
 71
5
  1
600
  0
POINT
  5
1116
330
110D
100
AcDbEntity
  8
Defpoints
100
AcDbPoint
 10
1857.5
 20
-3865.0
 30
0.0
  0
POINT
  5
1117
330
110D
100
AcDbEntity
  8
Defpoints
100
AcDbPoint
 10
1857.5
 20
-3865.0
 30
0.0
  0
POINT
  5
1118
330
110D
100
AcDbEntity
  8
Defpoints
100
AcDbPoint
 10
2457.5
 20
-3865.0
 30
0.0
  0
ENDBLK
  5
110F
330
110D
100
AcDbEntity
  8
0
100
AcDbBlockEnd
  0
BLOCK
  5
111B
330
111A
100
AcDbEntity
  8
0
100
AcDbBlockBegin
  2
*D255
 70
1
 10
0.0
 20
0.0
 30
0.0
  3
*D255
  1

  0
INSERT
  5
111D
330
111A
100
AcDbEntity
  8
REB_TOP_MESH_X
 62
6
100
AcDbBlockReference
  2
_NONE
 10
2372.5
 20
-3858.25
 30
0.0
 41
15.0
 42
15.0
 50
180.0
  0
INSERT
  5
111F
330
111A
100
AcDbEntity
  8
REB_TOP_MESH_X
 62
6
100
AcDbBlockReference
  2
_NONE
 10
2735.0
 20
-3858.25
 30
0.0
 41
15.0
 42
15.0
  0
LINE
  5
1121
330
111A
100
AcDbEntity
  8
0
 62
6
370
53
100
AcDbLine
 10
2372.5
 20
-3858.25
 30
0.0
 11
2735.0
 21
-3858.25
 31
0.0
  0
MTEXT
  5
1122
330
111A
100
AcDbEntity
  8
REB_TOP_MESH_X
 62
7
100
AcDbMText
 10
2553.75
 20
-3840.75
 30
0.0
 40
15.0
 71
5
  1
362
  0
POINT
  5
1123
330
111A
100
AcDbEntity
  8
Defpoints
100
AcDbPoint
 10
2372.5
 20
-3858.25
 30
0.0
  0
POINT
  5
1124
330
111A
100
AcDbEntity
  8
Defpoints
100
AcDbPoint
 10
2372.5
 20
-3858.25
 30
0.0
  0
POINT
  5
1125
330
111A
100
AcDbEntity
  8
Defpoints
100
AcDbPoint
 10
2735.0
 20
-3858.25
 30
0.0
  0
ENDBLK
  5
111C
330
111A
100
AcDbEntity
  8
0
100
AcDbBlockEnd
  0
BLOCK
  5
1128
330
1127
100
AcDbEntity
  8
0
100
AcDbBlockBegin
  2
*D256
 70
1
 10
0.0
 20
0.0
 30
0.0
  3
*D256
  1

  0
INSERT
  5
112A
330
1127
100
AcDbEntity
  8
REB_TOP_MESH_X
 62
6
100
AcDbBlockReference
  2
_NONE
 10
5.0
 20
-2785.0
 30
0.0
 41
15.0
 42
15.0
 50
180.0
  0
INSERT
  5
112C
330
1127
100
AcDbEntity
  8
REB_TOP_MESH_X
 62
6
100
AcDbBlockReference
  2
_NONE
 10
397.5
 20
-2785.0
 30
0.0
 41
15.0
 42
15.0
  0
LINE
  5
112E
330
1127
100
AcDbEntity
  8
0
 62
6
370
53
100
AcDbLine
 10
5.0
 20
-2785.0
 30
0.0
 11
397.5
 21
-2785.0
 31
0.0
  0
MTEXT
  5
112F
330
1127
100
AcDbEntity
  8
REB_TOP_MESH_X
 62
7
100
AcDbMText
 10
201.25
 20
-2767.5
 30
0.0
 40
15.0
 71
5
  1
392
  0
POINT
  5
1130
330
1127
100
AcDbEntity
  8
Defpoints
100
AcDbPoint
 10
5.0
 20
-2785.0
 30
0.0
  0
POINT
  5
1131
330
1127
100
AcDbEntity
  8
Defpoints
100
AcDbPoint
 10
5.0
 20
-2785.0
 30
0.0
  0
POINT
  5
1132
330
1127
100
AcDbEntity
  8
Defpoints
100
AcDbPoint
 10
397.5
 20
-2785.0
 30
0.0
  0
ENDBLK
  5
1129
330
1127
100
AcDbEntity
  8
0
100
AcDbBlockEnd
  0
BLOCK
  5
1135
330
1134
100
AcDbEntity
  8
0
100
AcDbBlockBegin
  2
*D257
 70
1
 10
0.0
 20
0.0
 30
0.0
  3
*D257
  1

  0
INSERT
  5
1137
330
1134
100
AcDbEntity
  8
REB_TOP_MESH_X
 62
6
100
AcDbBlockReference
  2
_NONE
 10
312.5
 20
-2778.25
 30
0.0
 41
15.0
 42
15.0
 50
180.0
  0
INSERT
  5
1139
330
1134
100
AcDbEntity
  8
REB_TOP_MESH_X
 62
6
100
AcDbBlockReference
  2
_NONE
 10
912.5
 20
-2778.25
 30
0.0
 41
15.0
 42
15.0
  0
LINE
  5
113B
330
1134
100
AcDbEntity
  8
0
 62
6
370
53
100
AcDbLine
 10
312.5
 20
-2778.25
 30
0.0
 11
912.5
 21
-2778.25
 31
0.0
  0
MTEXT
  5
113C
330
1134
100
AcDbEntity
  8
REB_TOP_MESH_X
 62
7
100
AcDbMText
 10
612.5
 20
-2760.75
 30
0.0
 40
15.0
 71
5
  1
600
  0
POINT
  5
113D
330
1134
100
AcDbEntity
  8
Defpoints
100
AcDbPoint
 10
312.5
 20
-2778.25
 30
0.0
  0
POINT
  5
113E
330
1134
100
AcDbEntity
  8
Defpoints
100
AcDbPoint
 10
312.5
 20
-2778.25
 30
0.0
  0
POINT
  5
113F
330
1134
100
AcDbEntity
  8
Defpoints
100
AcDbPoint
 10
912.5
 20
-2778.25
 30
0.0
  0
ENDBLK
  5
1136
330
1134
100
AcDbEntity
  8
0
100
AcDbBlockEnd
  0
BLOCK
  5
1142
330
1141
100
AcDbEntity
  8
0
100
AcDbBlockBegin
  2
*D258
 70
1
 10
0.0
 20
0.0
 30
0.0
  3
*D258
  1

  0
INSERT
  5
1144
330
1141
100
AcDbEntity
  8
REB_TOP_MESH_X
 62
6
100
AcDbBlockReference
  2
_NONE
 10
827.5
 20
-2785.0
 30
0.0
 41
15.0
 42
15.0
 50
180.0
  0
INSERT
  5
1146
330
1141
100
AcDbEntity
  8
REB_TOP_MESH_X
 62
6
100
AcDbBlockReference
  2
_NONE
 10
1125.0
 20
-2785.0
 30
0.0
 41
15.0
 42
15.0
  0
LINE
  5
1148
330
1141
100
AcDbEntity
  8
0
 62
6
370
53
100
AcDbLine
 10
827.5
 20
-2785.0
 30
0.0
 11
1125.0
 21
-2785.0
 31
0.0
  0
MTEXT
  5
1149
330
1141
100
AcDbEntity
  8
REB_TOP_MESH_X
 62
7
100
AcDbMText
 10
976.25
 20
-2767.5
 30
0.0
 40
15.0
 71
5
  1
298
  0
POINT
  5
114A
330
1141
100
AcDbEntity
  8
Defpoints
100
AcDbPoint
 10
827.5
 20
-2785.0
 30
0.0
  0
POINT
  5
114B
330
1141
100
AcDbEntity
  8
Defpoints
100
AcDbPoint
 10
827.5
 20
-2785.0
 30
0.0
  0
POINT
  5
114C
330
1141
100
AcDbEntity
  8
Defpoints
100
AcDbPoint
 10
1125.0
 20
-2785.0
 30
0.0
  0
ENDBLK
  5
1143
330
1141
100
AcDbEntity
  8
0
100
AcDbBlockEnd
  0
BLOCK
  5
114F
330
114E
100
AcDbEntity
  8
0
100
AcDbBlockBegin
  2
*D259
 70
1
 10
0.0
 20
0.0
 30
0.0
  3
*D259
  1

  0
INSERT
  5
1151
330
114E
100
AcDbEntity
  8
REB_TOP_MESH_X
 62
6
100
AcDbBlockReference
  2
_NONE
 10
1405.0
 20
-2785.0
 30
0.0
 41
15.0
 42
15.0
 50
180.0
  0
INSERT
  5
1153
330
114E
100
AcDbEntity
  8
REB_TOP_MESH_X
 62
6
100
AcDbBlockReference
  2
_NONE
 10
2004.5
 20
-2785.0
 30
0.0
 41
15.0
 42
15.0
  0
LINE
  5
1155
330
114E
100
AcDbEntity
  8
0
 62
6
370
53
100
AcDbLine
 10
1405.0
 20
-2785.0
 30
0.0
 11
2004.5
 21
-2785.0
 31
0.0
  0
MTEXT
  5
1156
330
114E
100
AcDbEntity
  8
REB_TOP_MESH_X
 62
7
100
AcDbMText
 10
1704.75
 20
-2767.5
 30
0.0
 40
15.0
 71
5
  1
600
  0
POINT
  5
1157
330
114E
100
AcDbEntity
  8
Defpoints
100
AcDbPoint
 10
1405.0
 20
-2785.0
 30
0.0
  0
POINT
  5
1158
330
114E
100
AcDbEntity
  8
Defpoints
100
AcDbPoint
 10
1405.0
 20
-2785.0
 30
0.0
  0
POINT
  5
1159
330
114E
100
AcDbEntity
  8
Defpoints
100
AcDbPoint
 10
2004.5
 20
-2785.0
 30
0.0
  0
ENDBLK
  5
1150
330
114E
100
AcDbEntity
  8
0
100
AcDbBlockEnd
  0
BLOCK
  5
115C
330
115B
100
AcDbEntity
  8
0
100
AcDbBlockBegin
  2
*D260
 70
1
 10
0.0
 20
0.0
 30
0.0
  3
*D260
  1

  0
INSERT
  5
115E
330
115B
100
AcDbEntity
  8
REB_TOP_MESH_X
 62
6
100
AcDbBlockReference
  2
_NONE
 10
1919.5
 20
-2778.25
 30
0.0
 41
15.0
 42
15.0
 50
180.0
  0
INSERT
  5
1160
330
115B
100
AcDbEntity
  8
REB_TOP_MESH_X
 62
6
100
AcDbBlockReference
  2
_NONE
 10
2519.5
 20
-2778.25
 30
0.0
 41
15.0
 42
15.0
  0
LINE
  5
1162
330
115B
100
AcDbEntity
  8
0
 62
6
370
53
100
AcDbLine
 10
1919.5
 20
-2778.25
 30
0.0
 11
2519.5
 21
-2778.25
 31
0.0
  0
MTEXT
  5
1163
330
115B
100
AcDbEntity
  8
REB_TOP_MESH_X
 62
7
100
AcDbMText
 10
2219.5
 20
-2760.75
 30
0.0
 40
15.0
 71
5
  1
600
  0
POINT
  5
1164
330
115B
100
AcDbEntity
  8
Defpoints
100
AcDbPoint
 10
1919.5
 20
-2778.25
 30
0.0
  0
POINT
  5
1165
330
115B
100
AcDbEntity
  8
Defpoints
100
AcDbPoint
 10
1919.5
 20
-2778.25
 30
0.0
  0
POINT
  5
1166
330
115B
100
AcDbEntity
  8
Defpoints
100
AcDbPoint
 10
2519.5
 20
-2778.25
 30
0.0
  0
ENDBLK
  5
115D
330
115B
100
AcDbEntity
  8
0
100
AcDbBlockEnd
  0
BLOCK
  5
1169
330
1168
100
AcDbEntity
  8
0
100
AcDbBlockBegin
  2
*D261
 70
1
 10
0.0
 20
0.0
 30
0.0
  3
*D261
  1

  0
INSERT
  5
116B
330
1168
100
AcDbEntity
  8
REB_TOP_MESH_X
 62
6
100
AcDbBlockReference
  2
_NONE
 10
2434.5
 20
-2785.0
 30
0.0
 41
15.0
 42
15.0
 50
180.0
  0
INSERT
  5
116D
330
1168
100
AcDbEntity
  8
REB_TOP_MESH_X
 62
6
100
AcDbBlockReference
  2
_NONE
 10
2735.0
 20
-2785.0
 30
0.0
 41
15.0
 42
15.0
  0
LINE
  5
116F
330
1168
100
AcDbEntity
  8
0
 62
6
370
53
100
AcDbLine
 10
2434.5
 20
-2785.0
 30
0.0
 11
2735.0
 21
-2785.0
 31
0.0
  0
MTEXT
  5
1170
330
1168
100
AcDbEntity
  8
REB_TOP_MESH_X
 62
7
100
AcDbMText
 10
2584.75
 20
-2767.5
 30
0.0
 40
15.0
 71
5
  1
300
  0
POINT
  5
1171
330
1168
100
AcDbEntity
  8
Defpoints
100
AcDbPoint
 10
2434.5
 20
-2785.0
 30
0.0
  0
POINT
  5
1172
330
1168
100
AcDbEntity
  8
Defpoints
100
AcDbPoint
 10
2434.5
 20
-2785.0
 30
0.0
  0
POINT
  5
1173
330
1168
100
AcDbEntity
  8
Defpoints
100
AcDbPoint
 10
2735.0
 20
-2785.0
 30
0.0
  0
ENDBLK
  5
116A
330
1168
100
AcDbEntity
  8
0
100
AcDbBlockEnd
  0
BLOCK
  5
1176
330
1175
100
AcDbEntity
  8
0
100
AcDbBlockBegin
  2
*D262
 70
1
 10
0.0
 20
0.0
 30
0.0
  3
*D262
  1

  0
INSERT
  5
1178
330
1175
100
AcDbEntity
  8
REB_TOP_MESH_X
 62
6
100
AcDbBlockReference
  2
_NONE
 10
5.0
 20
-3325.0
 30
0.0
 41
15.0
 42
15.0
 50
180.0
  0
INSERT
  5
117A
330
1175
100
AcDbEntity
  8
REB_TOP_MESH_X
 62
6
100
AcDbBlockReference
  2
_NONE
 10
397.5
 20
-3325.0
 30
0.0
 41
15.0
 42
15.0
  0
LINE
  5
117C
330
1175
100
AcDbEntity
  8
0
 62
6
370
53
100
AcDbLine
 10
5.0
 20
-3325.0
 30
0.0
 11
397.5
 21
-3325.0
 31
0.0
  0
MTEXT
  5
117D
330
1175
100
AcDbEntity
  8
REB_TOP_MESH_X
 62
7
100
AcDbMText
 10
201.25
 20
-3307.5
 30
0.0
 40
15.0
 71
5
  1
392
  0
POINT
  5
117E
330
1175
100
AcDbEntity
  8
Defpoints
100
AcDbPoint
 10
5.0
 20
-3325.0
 30
0.0
  0
POINT
  5
117F
330
1175
100
AcDbEntity
  8
Defpoints
100
AcDbPoint
 10
5.0
 20
-3325.0
 30
0.0
  0
POINT
  5
1180
330
1175
100
AcDbEntity
  8
Defpoints
100
AcDbPoint
 10
397.5
 20
-3325.0
 30
0.0
  0
ENDBLK
  5
1177
330
1175
100
AcDbEntity
  8
0
100
AcDbBlockEnd
  0
BLOCK
  5
1183
330
1182
100
AcDbEntity
  8
0
100
AcDbBlockBegin
  2
*D263
 70
1
 10
0.0
 20
0.0
 30
0.0
  3
*D263
  1

  0
INSERT
  5
1185
330
1182
100
AcDbEntity
  8
REB_TOP_MESH_X
 62
6
100
AcDbBlockReference
  2
_NONE
 10
312.5
 20
-3318.25
 30
0.0
 41
15.0
 42
15.0
 50
180.0
  0
INSERT
  5
1187
330
1182
100
AcDbEntity
  8
REB_TOP_MESH_X
 62
6
100
AcDbBlockReference
  2
_NONE
 10
912.5
 20
-3318.25
 30
0.0
 41
15.0
 42
15.0
  0
LINE
  5
1189
330
1182
100
AcDbEntity
  8
0
 62
6
370
53
100
AcDbLine
 10
312.5
 20
-3318.25
 30
0.0
 11
912.5
 21
-3318.25
 31
0.0
  0
MTEXT
  5
118A
330
1182
100
AcDbEntity
  8
REB_TOP_MESH_X
 62
7
100
AcDbMText
 10
612.5
 20
-3300.75
 30
0.0
 40
15.0
 71
5
  1
600
  0
POINT
  5
118B
330
1182
100
AcDbEntity
  8
Defpoints
100
AcDbPoint
 10
312.5
 20
-3318.25
 30
0.0
  0
POINT
  5
118C
330
1182
100
AcDbEntity
  8
Defpoints
100
AcDbPoint
 10
312.5
 20
-3318.25
 30
0.0
  0
POINT
  5
118D
330
1182
100
AcDbEntity
  8
Defpoints
100
AcDbPoint
 10
912.5
 20
-3318.25
 30
0.0
  0
ENDBLK
  5
1184
330
1182
100
AcDbEntity
  8
0
100
AcDbBlockEnd
  0
BLOCK
  5
1190
330
118F
100
AcDbEntity
  8
0
100
AcDbBlockBegin
  2
*D264
 70
1
 10
0.0
 20
0.0
 30
0.0
  3
*D264
  1

  0
INSERT
  5
1192
330
118F
100
AcDbEntity
  8
REB_TOP_MESH_X
 62
6
100
AcDbBlockReference
  2
_NONE
 10
827.5
 20
-3325.0
 30
0.0
 41
15.0
 42
15.0
 50
180.0
  0
INSERT
  5
1194
330
118F
100
AcDbEntity
  8
REB_TOP_MESH_X
 62
6
100
AcDbBlockReference
  2
_NONE
 10
1427.5
 20
-3325.0
 30
0.0
 41
15.0
 42
15.0
  0
LINE
  5
1196
330
118F
100
AcDbEntity
  8
0
 62
6
370
53
100
AcDbLine
 10
827.5
 20
-3325.0
 30
0.0
 11
1427.5
 21
-3325.0
 31
0.0
  0
MTEXT
  5
1197
330
118F
100
AcDbEntity
  8
REB_TOP_MESH_X
 62
7
100
AcDbMText
 10
1127.5
 20
-3307.5
 30
0.0
 40
15.0
 71
5
  1
600
  0
POINT
  5
1198
330
118F
100
AcDbEntity
  8
Defpoints
100
AcDbPoint
 10
827.5
 20
-3325.0
 30
0.0
  0
POINT
  5
1199
330
118F
100
AcDbEntity
  8
Defpoints
100
AcDbPoint
 10
827.5
 20
-3325.0
 30
0.0
  0
POINT
  5
119A
330
118F
100
AcDbEntity
  8
Defpoints
100
AcDbPoint
 10
1427.5
 20
-3325.0
 30
0.0
  0
ENDBLK
  5
1191
330
118F
100
AcDbEntity
  8
0
100
AcDbBlockEnd
  0
BLOCK
  5
119D
330
119C
100
AcDbEntity
  8
0
100
AcDbBlockBegin
  2
*D265
 70
1
 10
0.0
 20
0.0
 30
0.0
  3
*D265
  1

  0
INSERT
  5
119F
330
119C
100
AcDbEntity
  8
REB_TOP_MESH_X
 62
6
100
AcDbBlockReference
  2
_NONE
 10
1342.5
 20
-3318.25
 30
0.0
 41
15.0
 42
15.0
 50
180.0
  0
INSERT
  5
11A1
330
119C
100
AcDbEntity
  8
REB_TOP_MESH_X
 62
6
100
AcDbBlockReference
  2
_NONE
 10
1942.5
 20
-3318.25
 30
0.0
 41
15.0
 42
15.0
  0
LINE
  5
11A3
330
119C
100
AcDbEntity
  8
0
 62
6
370
53
100
AcDbLine
 10
1342.5
 20
-3318.25
 30
0.0
 11
1942.5
 21
-3318.25
 31
0.0
  0
MTEXT
  5
11A4
330
119C
100
AcDbEntity
  8
REB_TOP_MESH_X
 62
7
100
AcDbMText
 10
1642.5
 20
-3300.75
 30
0.0
 40
15.0
 71
5
  1
600
  0
POINT
  5
11A5
330
119C
100
AcDbEntity
  8
Defpoints
100
AcDbPoint
 10
1342.5
 20
-3318.25
 30
0.0
  0
POINT
  5
11A6
330
119C
100
AcDbEntity
  8
Defpoints
100
AcDbPoint
 10
1342.5
 20
-3318.25
 30
0.0
  0
POINT
  5
11A7
330
119C
100
AcDbEntity
  8
Defpoints
100
AcDbPoint
 10
1942.5
 20
-3318.25
 30
0.0
  0
ENDBLK
  5
119E
330
119C
100
AcDbEntity
  8
0
100
AcDbBlockEnd
  0
BLOCK
  5
11AA
330
11A9
100
AcDbEntity
  8
0
100
AcDbBlockBegin
  2
*D266
 70
1
 10
0.0
 20
0.0
 30
0.0
  3
*D266
  1

  0
INSERT
  5
11AC
330
11A9
100
AcDbEntity
  8
REB_TOP_MESH_X
 62
6
100
AcDbBlockReference
  2
_NONE
 10
1857.5
 20
-3325.0
 30
0.0
 41
15.0
 42
15.0
 50
180.0
  0
INSERT
  5
11AE
330
11A9
100
AcDbEntity
  8
REB_TOP_MESH_X
 62
6
100
AcDbBlockReference
  2
_NONE
 10
2457.5
 20
-3325.0
 30
0.0
 41
15.0
 42
15.0
  0
LINE
  5
11B0
330
11A9
100
AcDbEntity
  8
0
 62
6
370
53
100
AcDbLine
 10
1857.5
 20
-3325.0
 30
0.0
 11
2457.5
 21
-3325.0
 31
0.0
  0
MTEXT
  5
11B1
330
11A9
100
AcDbEntity
  8
REB_TOP_MESH_X
 62
7
100
AcDbMText
 10
2157.5
 20
-3307.5
 30
0.0
 40
15.0
 71
5
  1
600
  0
POINT
  5
11B2
330
11A9
100
AcDbEntity
  8
Defpoints
100
AcDbPoint
 10
1857.5
 20
-3325.0
 30
0.0
  0
POINT
  5
11B3
330
11A9
100
AcDbEntity
  8
Defpoints
100
AcDbPoint
 10
1857.5
 20
-3325.0
 30
0.0
  0
POINT
  5
11B4
330
11A9
100
AcDbEntity
  8
Defpoints
100
AcDbPoint
 10
2457.5
 20
-3325.0
 30
0.0
  0
ENDBLK
  5
11AB
330
11A9
100
AcDbEntity
  8
0
100
AcDbBlockEnd
  0
BLOCK
  5
11B7
330
11B6
100
AcDbEntity
  8
0
100
AcDbBlockBegin
  2
*D267
 70
1
 10
0.0
 20
0.0
 30
0.0
  3
*D267
  1

  0
INSERT
  5
11B9
330
11B6
100
AcDbEntity
  8
REB_TOP_MESH_X
 62
6
100
AcDbBlockReference
  2
_NONE
 10
2372.5
 20
-3318.25
 30
0.0
 41
15.0
 42
15.0
 50
180.0
  0
INSERT
  5
11BB
330
11B6
100
AcDbEntity
  8
REB_TOP_MESH_X
 62
6
100
AcDbBlockReference
  2
_NONE
 10
2735.0
 20
-3318.25
 30
0.0
 41
15.0
 42
15.0
  0
LINE
  5
11BD
330
11B6
100
AcDbEntity
  8
0
 62
6
370
53
100
AcDbLine
 10
2372.5
 20
-3318.25
 30
0.0
 11
2735.0
 21
-3318.25
 31
0.0
  0
MTEXT
  5
11BE
330
11B6
100
AcDbEntity
  8
REB_TOP_MESH_X
 62
7
100
AcDbMText
 10
2553.75
 20
-3300.75
 30
0.0
 40
15.0
 71
5
  1
362
  0
POINT
  5
11BF
330
11B6
100
AcDbEntity
  8
Defpoints
100
AcDbPoint
 10
2372.5
 20
-3318.25
 30
0.0
  0
POINT
  5
11C0
330
11B6
100
AcDbEntity
  8
Defpoints
100
AcDbPoint
 10
2372.5
 20
-3318.25
 30
0.0
  0
POINT
  5
11C1
330
11B6
100
AcDbEntity
  8
Defpoints
100
AcDbPoint
 10
2735.0
 20
-3318.25
 30
0.0
  0
ENDBLK
  5
11B8
330
11B6
100
AcDbEntity
  8
0
100
AcDbBlockEnd
  0
BLOCK
  5
11C4
330
11C3
100
AcDbEntity
  8
0
100
AcDbBlockBegin
  2
*D268
 70
1
 10
0.0
 20
0.0
 30
0.0
  3
*D268
  1

  0
INSERT
  5
11C6
330
11C3
100
AcDbEntity
  8
REB_TOP_MESH_X
 62
6
100
AcDbBlockReference
  2
_NONE
 10
5.0
 20
-3425.0
 30
0.0
 41
15.0
 42
15.0
 50
180.0
  0
INSERT
  5
11C8
330
11C3
100
AcDbEntity
  8
REB_TOP_MESH_X
 62
6
100
AcDbBlockReference
  2
_NONE
 10
397.5
 20
-3425.0
 30
0.0
 41
15.0
 42
15.0
  0
LINE
  5
11CA
330
11C3
100
AcDbEntity
  8
0
 62
6
370
53
100
AcDbLine
 10
5.0
 20
-3425.0
 30
0.0
 11
397.5
 21
-3425.0
 31
0.0
  0
MTEXT
  5
11CB
330
11C3
100
AcDbEntity
  8
REB_TOP_MESH_X
 62
7
100
AcDbMText
 10
201.25
 20
-3407.5
 30
0.0
 40
15.0
 71
5
  1
392
  0
POINT
  5
11CC
330
11C3
100
AcDbEntity
  8
Defpoints
100
AcDbPoint
 10
5.0
 20
-3425.0
 30
0.0
  0
POINT
  5
11CD
330
11C3
100
AcDbEntity
  8
Defpoints
100
AcDbPoint
 10
5.0
 20
-3425.0
 30
0.0
  0
POINT
  5
11CE
330
11C3
100
AcDbEntity
  8
Defpoints
100
AcDbPoint
 10
397.5
 20
-3425.0
 30
0.0
  0
ENDBLK
  5
11C5
330
11C3
100
AcDbEntity
  8
0
100
AcDbBlockEnd
  0
BLOCK
  5
11D1
330
11D0
100
AcDbEntity
  8
0
100
AcDbBlockBegin
  2
*D269
 70
1
 10
0.0
 20
0.0
 30
0.0
  3
*D269
  1

  0
INSERT
  5
11D3
330
11D0
100
AcDbEntity
  8
REB_TOP_MESH_X
 62
6
100
AcDbBlockReference
  2
_NONE
 10
312.5
 20
-3418.25
 30
0.0
 41
15.0
 42
15.0
 50
180.0
  0
INSERT
  5
11D5
330
11D0
100
AcDbEntity
  8
REB_TOP_MESH_X
 62
6
100
AcDbBlockReference
  2
_NONE
 10
912.5
 20
-3418.25
 30
0.0
 41
15.0
 42
15.0
  0
LINE
  5
11D7
330
11D0
100
AcDbEntity
  8
0
 62
6
370
53
100
AcDbLine
 10
312.5
 20
-3418.25
 30
0.0
 11
912.5
 21
-3418.25
 31
0.0
  0
MTEXT
  5
11D8
330
11D0
100
AcDbEntity
  8
REB_TOP_MESH_X
 62
7
100
AcDbMText
 10
612.5
 20
-3400.75
 30
0.0
 40
15.0
 71
5
  1
600
  0
POINT
  5
11D9
330
11D0
100
AcDbEntity
  8
Defpoints
100
AcDbPoint
 10
312.5
 20
-3418.25
 30
0.0
  0
POINT
  5
11DA
330
11D0
100
AcDbEntity
  8
Defpoints
100
AcDbPoint
 10
312.5
 20
-3418.25
 30
0.0
  0
POINT
  5
11DB
330
11D0
100
AcDbEntity
  8
Defpoints
100
AcDbPoint
 10
912.5
 20
-3418.25
 30
0.0
  0
ENDBLK
  5
11D2
330
11D0
100
AcDbEntity
  8
0
100
AcDbBlockEnd
  0
BLOCK
  5
11DE
330
11DD
100
AcDbEntity
  8
0
100
AcDbBlockBegin
  2
*D270
 70
1
 10
0.0
 20
0.0
 30
0.0
  3
*D270
  1

  0
INSERT
  5
11E0
330
11DD
100
AcDbEntity
  8
REB_TOP_MESH_X
 62
6
100
AcDbBlockReference
  2
_NONE
 10
827.5
 20
-3425.0
 30
0.0
 41
15.0
 42
15.0
 50
180.0
  0
INSERT
  5
11E2
330
11DD
100
AcDbEntity
  8
REB_TOP_MESH_X
 62
6
100
AcDbBlockReference
  2
_NONE
 10
1427.5
 20
-3425.0
 30
0.0
 41
15.0
 42
15.0
  0
LINE
  5
11E4
330
11DD
100
AcDbEntity
  8
0
 62
6
370
53
100
AcDbLine
 10
827.5
 20
-3425.0
 30
0.0
 11
1427.5
 21
-3425.0
 31
0.0
  0
MTEXT
  5
11E5
330
11DD
100
AcDbEntity
  8
REB_TOP_MESH_X
 62
7
100
AcDbMText
 10
1127.5
 20
-3407.5
 30
0.0
 40
15.0
 71
5
  1
600
  0
POINT
  5
11E6
330
11DD
100
AcDbEntity
  8
Defpoints
100
AcDbPoint
 10
827.5
 20
-3425.0
 30
0.0
  0
POINT
  5
11E7
330
11DD
100
AcDbEntity
  8
Defpoints
100
AcDbPoint
 10
827.5
 20
-3425.0
 30
0.0
  0
POINT
  5
11E8
330
11DD
100
AcDbEntity
  8
Defpoints
100
AcDbPoint
 10
1427.5
 20
-3425.0
 30
0.0
  0
ENDBLK
  5
11DF
330
11DD
100
AcDbEntity
  8
0
100
AcDbBlockEnd
  0
BLOCK
  5
11EB
330
11EA
100
AcDbEntity
  8
0
100
AcDbBlockBegin
  2
*D271
 70
1
 10
0.0
 20
0.0
 30
0.0
  3
*D271
  1

  0
INSERT
  5
11ED
330
11EA
100
AcDbEntity
  8
REB_TOP_MESH_X
 62
6
100
AcDbBlockReference
  2
_NONE
 10
1342.5
 20
-3418.25
 30
0.0
 41
15.0
 42
15.0
 50
180.0
  0
INSERT
  5
11EF
330
11EA
100
AcDbEntity
  8
REB_TOP_MESH_X
 62
6
100
AcDbBlockReference
  2
_NONE
 10
1942.5
 20
-3418.25
 30
0.0
 41
15.0
 42
15.0
  0
LINE
  5
11F1
330
11EA
100
AcDbEntity
  8
0
 62
6
370
53
100
AcDbLine
 10
1342.5
 20
-3418.25
 30
0.0
 11
1942.5
 21
-3418.25
 31
0.0
  0
MTEXT
  5
11F2
330
11EA
100
AcDbEntity
  8
REB_TOP_MESH_X
 62
7
100
AcDbMText
 10
1642.5
 20
-3400.75
 30
0.0
 40
15.0
 71
5
  1
600
  0
POINT
  5
11F3
330
11EA
100
AcDbEntity
  8
Defpoints
100
AcDbPoint
 10
1342.5
 20
-3418.25
 30
0.0
  0
POINT
  5
11F4
330
11EA
100
AcDbEntity
  8
Defpoints
100
AcDbPoint
 10
1342.5
 20
-3418.25
 30
0.0
  0
POINT
  5
11F5
330
11EA
100
AcDbEntity
  8
Defpoints
100
AcDbPoint
 10
1942.5
 20
-3418.25
 30
0.0
  0
ENDBLK
  5
11EC
330
11EA
100
AcDbEntity
  8
0
100
AcDbBlockEnd
  0
BLOCK
  5
11F8
330
11F7
100
AcDbEntity
  8
0
100
AcDbBlockBegin
  2
*D272
 70
1
 10
0.0
 20
0.0
 30
0.0
  3
*D272
  1

  0
INSERT
  5
11FA
330
11F7
100
AcDbEntity
  8
REB_TOP_MESH_X
 62
6
100
AcDbBlockReference
  2
_NONE
 10
1857.5
 20
-3425.0
 30
0.0
 41
15.0
 42
15.0
 50
180.0
  0
INSERT
  5
11FC
330
11F7
100
AcDbEntity
  8
REB_TOP_MESH_X
 62
6
100
AcDbBlockReference
  2
_NONE
 10
2225.0
 20
-3425.0
 30
0.0
 41
15.0
 42
15.0
  0
LINE
  5
11FE
330
11F7
100
AcDbEntity
  8
0
 62
6
370
53
100
AcDbLine
 10
1857.5
 20
-3425.0
 30
0.0
 11
2225.0
 21
-3425.0
 31
0.0
  0
MTEXT
  5
11FF
330
11F7
100
AcDbEntity
  8
REB_TOP_MESH_X
 62
7
100
AcDbMText
 10
2041.25
 20
-3407.5
 30
0.0
 40
15.0
 71
5
  1
368
  0
POINT
  5
1200
330
11F7
100
AcDbEntity
  8
Defpoints
100
AcDbPoint
 10
1857.5
 20
-3425.0
 30
0.0
  0
POINT
  5
1201
330
11F7
100
AcDbEntity
  8
Defpoints
100
AcDbPoint
 10
1857.5
 20
-3425.0
 30
0.0
  0
POINT
  5
1202
330
11F7
100
AcDbEntity
  8
Defpoints
100
AcDbPoint
 10
2225.0
 20
-3425.0
 30
0.0
  0
ENDBLK
  5
11F9
330
11F7
100
AcDbEntity
  8
0
100
AcDbBlockEnd
  0
BLOCK
  5
1205
330
1204
100
AcDbEntity
  8
0
100
AcDbBlockBegin
  2
*D273
 70
1
 10
0.0
 20
0.0
 30
0.0
  3
*D273
  1

  0
INSERT
  5
1207
330
1204
100
AcDbEntity
  8
REB_TOP_MESH_X
 62
6
100
AcDbBlockReference
  2
_NONE
 10
2335.0
 20
-3465.0
 30
0.0
 41
15.0
 42
15.0
 50
180.0
  0
INSERT
  5
1209
330
1204
100
AcDbEntity
  8
REB_TOP_MESH_X
 62
6
100
AcDbBlockReference
  2
_NONE
 10
2735.0
 20
-3465.0
 30
0.0
 41
15.0
 42
15.0
  0
LINE
  5
120B
330
1204
100
AcDbEntity
  8
0
 62
6
370
53
100
AcDbLine
 10
2335.0
 20
-3465.0
 30
0.0
 11
2735.0
 21
-3465.0
 31
0.0
  0
MTEXT
  5
120C
330
1204
100
AcDbEntity
  8
REB_TOP_MESH_X
 62
7
100
AcDbMText
 10
2535.0
 20
-3447.5
 30
0.0
 40
15.0
 71
5
  1
400
  0
POINT
  5
120D
330
1204
100
AcDbEntity
  8
Defpoints
100
AcDbPoint
 10
2335.0
 20
-3465.0
 30
0.0
  0
POINT
  5
120E
330
1204
100
AcDbEntity
  8
Defpoints
100
AcDbPoint
 10
2335.0
 20
-3465.0
 30
0.0
  0
POINT
  5
120F
330
1204
100
AcDbEntity
  8
Defpoints
100
AcDbPoint
 10
2735.0
 20
-3465.0
 30
0.0
  0
ENDBLK
  5
1206
330
1204
100
AcDbEntity
  8
0
100
AcDbBlockEnd
  0
BLOCK
  5
1254
330
1253
100
AcDbEntity
  8
0
100
AcDbBlockBegin
  2
*D274
 70
1
 10
0.0
 20
0.0
 30
0.0
  3
*D274
  1

  0
INSERT
  5
1256
330
1253
100
AcDbEntity
  8
REB_TOP_MESH_Y
 62
6
100
AcDbBlockReference
  2
_NONE
 10
4745.0
 20
-4145.0
 30
0.0
 41
15.0
 42
15.0
 50
270.0
  0
INSERT
  5
1258
330
1253
100
AcDbEntity
  8
REB_TOP_MESH_Y
 62
6
100
AcDbBlockReference
  2
_NONE
 10
4745.0
 20
-3752.5
 30
0.0
 41
15.0
 42
15.0
 50
90.0
  0
LINE
  5
125A
330
1253
100
AcDbEntity
  8
0
 62
6
370
53
100
AcDbLine
 10
4745.0
 20
-4145.0
 30
0.0
 11
4745.0
 21
-3752.5
 31
0.0
  0
MTEXT
  5
125B
330
1253
100
AcDbEntity
  8
REB_TOP_MESH_Y
 62
7
100
AcDbMText
 10
4727.5
 20
-3948.75
 30
0.0
 40
15.0
 71
5
  1
392
 50
90.0
  0
POINT
  5
125C
330
1253
100
AcDbEntity
  8
Defpoints
100
AcDbPoint
 10
4745.0
 20
-4145.0
 30
0.0
  0
POINT
  5
125D
330
1253
100
AcDbEntity
  8
Defpoints
100
AcDbPoint
 10
4745.0
 20
-4145.0
 30
0.0
  0
POINT
  5
125E
330
1253
100
AcDbEntity
  8
Defpoints
100
AcDbPoint
 10
4745.0
 20
-3752.5
 30
0.0
  0
ENDBLK
  5
1255
330
1253
100
AcDbEntity
  8
0
100
AcDbBlockEnd
  0
BLOCK
  5
1261
330
1260
100
AcDbEntity
  8
0
100
AcDbBlockBegin
  2
*D275
 70
1
 10
0.0
 20
0.0
 30
0.0
  3
*D275
  1

  0
INSERT
  5
1263
330
1260
100
AcDbEntity
  8
REB_TOP_MESH_Y
 62
6
100
AcDbBlockReference
  2
_NONE
 10
4751.75
 20
-3837.5
 30
0.0
 41
15.0
 42
15.0
 50
270.0
  0
INSERT
  5
1265
330
1260
100
AcDbEntity
  8
REB_TOP_MESH_Y
 62
6
100
AcDbBlockReference
  2
_NONE
 10
4751.75
 20
-3237.5
 30
0.0
 41
15.0
 42
15.0
 50
90.0
  0
LINE
  5
1267
330
1260
100
AcDbEntity
  8
0
 62
6
370
53
100
AcDbLine
 10
4751.75
 20
-3837.5
 30
0.0
 11
4751.75
 21
-3237.5
 31
0.0
  0
MTEXT
  5
1268
330
1260
100
AcDbEntity
  8
REB_TOP_MESH_Y
 62
7
100
AcDbMText
 10
4734.25
 20
-3537.5
 30
0.0
 40
15.0
 71
5
  1
600
 50
90.0
  0
POINT
  5
1269
330
1260
100
AcDbEntity
  8
Defpoints
100
AcDbPoint
 10
4751.75
 20
-3837.5
 30
0.0
  0
POINT
  5
126A
330
1260
100
AcDbEntity
  8
Defpoints
100
AcDbPoint
 10
4751.75
 20
-3837.5
 30
0.0
  0
POINT
  5
126B
330
1260
100
AcDbEntity
  8
Defpoints
100
AcDbPoint
 10
4751.75
 20
-3237.5
 30
0.0
  0
ENDBLK
  5
1262
330
1260
100
AcDbEntity
  8
0
100
AcDbBlockEnd
  0
BLOCK
  5
126E
330
126D
100
AcDbEntity
  8
0
100
AcDbBlockBegin
  2
*D276
 70
1
 10
0.0
 20
0.0
 30
0.0
  3
*D276
  1

  0
INSERT
  5
1270
330
126D
100
AcDbEntity
  8
REB_TOP_MESH_Y
 62
6
100
AcDbBlockReference
  2
_NONE
 10
4745.0
 20
-3322.5
 30
0.0
 41
15.0
 42
15.0
 50
270.0
  0
INSERT
  5
1272
330
126D
100
AcDbEntity
  8
REB_TOP_MESH_Y
 62
6
100
AcDbBlockReference
  2
_NONE
 10
4745.0
 20
-2722.5
 30
0.0
 41
15.0
 42
15.0
 50
90.0
  0
LINE
  5
1274
330
126D
100
AcDbEntity
  8
0
 62
6
370
53
100
AcDbLine
 10
4745.0
 20
-3322.5
 30
0.0
 11
4745.0
 21
-2722.5
 31
0.0
  0
MTEXT
  5
1275
330
126D
100
AcDbEntity
  8
REB_TOP_MESH_Y
 62
7
100
AcDbMText
 10
4727.5
 20
-3022.5
 30
0.0
 40
15.0
 71
5
  1
600
 50
90.0
  0
POINT
  5
1276
330
126D
100
AcDbEntity
  8
Defpoints
100
AcDbPoint
 10
4745.0
 20
-3322.5
 30
0.0
  0
POINT
  5
1277
330
126D
100
AcDbEntity
  8
Defpoints
100
AcDbPoint
 10
4745.0
 20
-3322.5
 30
0.0
  0
POINT
  5
1278
330
126D
100
AcDbEntity
  8
Defpoints
100
AcDbPoint
 10
4745.0
 20
-2722.5
 30
0.0
  0
ENDBLK
  5
126F
330
126D
100
AcDbEntity
  8
0
100
AcDbBlockEnd
  0
BLOCK
  5
127B
330
127A
100
AcDbEntity
  8
0
100
AcDbBlockBegin
  2
*D277
 70
1
 10
0.0
 20
0.0
 30
0.0
  3
*D277
  1

  0
INSERT
  5
127D
330
127A
100
AcDbEntity
  8
REB_TOP_MESH_Y
 62
6
100
AcDbBlockReference
  2
_NONE
 10
4751.75
 20
-2807.5
 30
0.0
 41
15.0
 42
15.0
 50
270.0
  0
INSERT
  5
127F
330
127A
100
AcDbEntity
  8
REB_TOP_MESH_Y
 62
6
100
AcDbBlockReference
  2
_NONE
 10
4751.75
 20
-2207.5
 30
0.0
 41
15.0
 42
15.0
 50
90.0
  0
LINE
  5
1281
330
127A
100
AcDbEntity
  8
0
 62
6
370
53
100
AcDbLine
 10
4751.75
 20
-2807.5
 30
0.0
 11
4751.75
 21
-2207.5
 31
0.0
  0
MTEXT
  5
1282
330
127A
100
AcDbEntity
  8
REB_TOP_MESH_Y
 62
7
100
AcDbMText
 10
4734.25
 20
-2507.5
 30
0.0
 40
15.0
 71
5
  1
600
 50
90.0
  0
POINT
  5
1283
330
127A
100
AcDbEntity
  8
Defpoints
100
AcDbPoint
 10
4751.75
 20
-2807.5
 30
0.0
  0
POINT
  5
1284
330
127A
100
AcDbEntity
  8
Defpoints
100
AcDbPoint
 10
4751.75
 20
-2807.5
 30
0.0
  0
POINT
  5
1285
330
127A
100
AcDbEntity
  8
Defpoints
100
AcDbPoint
 10
4751.75
 20
-2207.5
 30
0.0
  0
ENDBLK
  5
127C
330
127A
100
AcDbEntity
  8
0
100
AcDbBlockEnd
  0
BLOCK
  5
1288
330
1287
100
AcDbEntity
  8
0
100
AcDbBlockBegin
  2
*D278
 70
1
 10
0.0
 20
0.0
 30
0.0
  3
*D278
  1

  0
INSERT
  5
128A
330
1287
100
AcDbEntity
  8
REB_TOP_MESH_Y
 62
6
100
AcDbBlockReference
  2
_NONE
 10
4745.0
 20
-2292.5
 30
0.0
 41
15.0
 42
15.0
 50
270.0
  0
INSERT
  5
128C
330
1287
100
AcDbEntity
  8
REB_TOP_MESH_Y
 62
6
100
AcDbBlockReference
  2
_NONE
 10
4745.0
 20
-1692.5
 30
0.0
 41
15.0
 42
15.0
 50
90.0
  0
LINE
  5
128E
330
1287
100
AcDbEntity
  8
0
 62
6
370
53
100
AcDbLine
 10
4745.0
 20
-2292.5
 30
0.0
 11
4745.0
 21
-1692.5
 31
0.0
  0
MTEXT
  5
128F
330
1287
100
AcDbEntity
  8
REB_TOP_MESH_Y
 62
7
100
AcDbMText
 10
4727.5
 20
-1992.5
 30
0.0
 40
15.0
 71
5
  1
600
 50
90.0
  0
POINT
  5
1290
330
1287
100
AcDbEntity
  8
Defpoints
100
AcDbPoint
 10
4745.0
 20
-2292.5
 30
0.0
  0
POINT
  5
1291
330
1287
100
AcDbEntity
  8
Defpoints
100
AcDbPoint
 10
4745.0
 20
-2292.5
 30
0.0
  0
POINT
  5
1292
330
1287
100
AcDbEntity
  8
Defpoints
100
AcDbPoint
 10
4745.0
 20
-1692.5
 30
0.0
  0
ENDBLK
  5
1289
330
1287
100
AcDbEntity
  8
0
100
AcDbBlockEnd
  0
BLOCK
  5
1295
330
1294
100
AcDbEntity
  8
0
100
AcDbBlockBegin
  2
*D279
 70
1
 10
0.0
 20
0.0
 30
0.0
  3
*D279
  1

  0
INSERT
  5
1297
330
1294
100
AcDbEntity
  8
REB_TOP_MESH_Y
 62
6
100
AcDbBlockReference
  2
_NONE
 10
4751.75
 20
-1777.5
 30
0.0
 41
15.0
 42
15.0
 50
270.0
  0
INSERT
  5
1299
330
1294
100
AcDbEntity
  8
REB_TOP_MESH_Y
 62
6
100
AcDbBlockReference
  2
_NONE
 10
4751.75
 20
-1415.0
 30
0.0
 41
15.0
 42
15.0
 50
90.0
  0
LINE
  5
129B
330
1294
100
AcDbEntity
  8
0
 62
6
370
53
100
AcDbLine
 10
4751.75
 20
-1777.5
 30
0.0
 11
4751.75
 21
-1415.0
 31
0.0
  0
MTEXT
  5
129C
330
1294
100
AcDbEntity
  8
REB_TOP_MESH_Y
 62
7
100
AcDbMText
 10
4734.25
 20
-1596.25
 30
0.0
 40
15.0
 71
5
  1
362
 50
90.0
  0
POINT
  5
129D
330
1294
100
AcDbEntity
  8
Defpoints
100
AcDbPoint
 10
4751.75
 20
-1777.5
 30
0.0
  0
POINT
  5
129E
330
1294
100
AcDbEntity
  8
Defpoints
100
AcDbPoint
 10
4751.75
 20
-1777.5
 30
0.0
  0
POINT
  5
129F
330
1294
100
AcDbEntity
  8
Defpoints
100
AcDbPoint
 10
4751.75
 20
-1415.0
 30
0.0
  0
ENDBLK
  5
1296
330
1294
100
AcDbEntity
  8
0
100
AcDbBlockEnd
  0
BLOCK
  5
12A2
330
12A1
100
AcDbEntity
  8
0
100
AcDbBlockBegin
  2
*D280
 70
1
 10
0.0
 20
0.0
 30
0.0
  3
*D280
  1

  0
INSERT
  5
12A4
330
12A1
100
AcDbEntity
  8
REB_TOP_MESH_Y
 62
6
100
AcDbBlockReference
  2
_NONE
 10
6365.0
 20
-4145.0
 30
0.0
 41
15.0
 42
15.0
 50
270.0
  0
INSERT
  5
12A6
330
12A1
100
AcDbEntity
  8
REB_TOP_MESH_Y
 62
6
100
AcDbBlockReference
  2
_NONE
 10
6365.0
 20
-3752.5
 30
0.0
 41
15.0
 42
15.0
 50
90.0
  0
LINE
  5
12A8
330
12A1
100
AcDbEntity
  8
0
 62
6
370
53
100
AcDbLine
 10
6365.0
 20
-4145.0
 30
0.0
 11
6365.0
 21
-3752.5
 31
0.0
  0
MTEXT
  5
12A9
330
12A1
100
AcDbEntity
  8
REB_TOP_MESH_Y
 62
7
100
AcDbMText
 10
6347.5
 20
-3948.75
 30
0.0
 40
15.0
 71
5
  1
392
 50
90.0
  0
POINT
  5
12AA
330
12A1
100
AcDbEntity
  8
Defpoints
100
AcDbPoint
 10
6365.0
 20
-4145.0
 30
0.0
  0
POINT
  5
12AB
330
12A1
100
AcDbEntity
  8
Defpoints
100
AcDbPoint
 10
6365.0
 20
-4145.0
 30
0.0
  0
POINT
  5
12AC
330
12A1
100
AcDbEntity
  8
Defpoints
100
AcDbPoint
 10
6365.0
 20
-3752.5
 30
0.0
  0
ENDBLK
  5
12A3
330
12A1
100
AcDbEntity
  8
0
100
AcDbBlockEnd
  0
BLOCK
  5
12AF
330
12AE
100
AcDbEntity
  8
0
100
AcDbBlockBegin
  2
*D281
 70
1
 10
0.0
 20
0.0
 30
0.0
  3
*D281
  1

  0
INSERT
  5
12B1
330
12AE
100
AcDbEntity
  8
REB_TOP_MESH_Y
 62
6
100
AcDbBlockReference
  2
_NONE
 10
6371.75
 20
-3837.5
 30
0.0
 41
15.0
 42
15.0
 50
270.0
  0
INSERT
  5
12B3
330
12AE
100
AcDbEntity
  8
REB_TOP_MESH_Y
 62
6
100
AcDbBlockReference
  2
_NONE
 10
6371.75
 20
-3237.5
 30
0.0
 41
15.0
 42
15.0
 50
90.0
  0
LINE
  5
12B5
330
12AE
100
AcDbEntity
  8
0
 62
6
370
53
100
AcDbLine
 10
6371.75
 20
-3837.5
 30
0.0
 11
6371.75
 21
-3237.5
 31
0.0
  0
MTEXT
  5
12B6
330
12AE
100
AcDbEntity
  8
REB_TOP_MESH_Y
 62
7
100
AcDbMText
 10
6354.25
 20
-3537.5
 30
0.0
 40
15.0
 71
5
  1
600
 50
90.0
  0
POINT
  5
12B7
330
12AE
100
AcDbEntity
  8
Defpoints
100
AcDbPoint
 10
6371.75
 20
-3837.5
 30
0.0
  0
POINT
  5
12B8
330
12AE
100
AcDbEntity
  8
Defpoints
100
AcDbPoint
 10
6371.75
 20
-3837.5
 30
0.0
  0
POINT
  5
12B9
330
12AE
100
AcDbEntity
  8
Defpoints
100
AcDbPoint
 10
6371.75
 20
-3237.5
 30
0.0
  0
ENDBLK
  5
12B0
330
12AE
100
AcDbEntity
  8
0
100
AcDbBlockEnd
  0
BLOCK
  5
12BC
330
12BB
100
AcDbEntity
  8
0
100
AcDbBlockBegin
  2
*D282
 70
1
 10
0.0
 20
0.0
 30
0.0
  3
*D282
  1

  0
INSERT
  5
12BE
330
12BB
100
AcDbEntity
  8
REB_TOP_MESH_Y
 62
6
100
AcDbBlockReference
  2
_NONE
 10
6365.0
 20
-3322.5
 30
0.0
 41
15.0
 42
15.0
 50
270.0
  0
INSERT
  5
12C0
330
12BB
100
AcDbEntity
  8
REB_TOP_MESH_Y
 62
6
100
AcDbBlockReference
  2
_NONE
 10
6365.0
 20
-2722.5
 30
0.0
 41
15.0
 42
15.0
 50
90.0
  0
LINE
  5
12C2
330
12BB
100
AcDbEntity
  8
0
 62
6
370
53
100
AcDbLine
 10
6365.0
 20
-3322.5
 30
0.0
 11
6365.0
 21
-2722.5
 31
0.0
  0
MTEXT
  5
12C3
330
12BB
100
AcDbEntity
  8
REB_TOP_MESH_Y
 62
7
100
AcDbMText
 10
6347.5
 20
-3022.5
 30
0.0
 40
15.0
 71
5
  1
600
 50
90.0
  0
POINT
  5
12C4
330
12BB
100
AcDbEntity
  8
Defpoints
100
AcDbPoint
 10
6365.0
 20
-3322.5
 30
0.0
  0
POINT
  5
12C5
330
12BB
100
AcDbEntity
  8
Defpoints
100
AcDbPoint
 10
6365.0
 20
-3322.5
 30
0.0
  0
POINT
  5
12C6
330
12BB
100
AcDbEntity
  8
Defpoints
100
AcDbPoint
 10
6365.0
 20
-2722.5
 30
0.0
  0
ENDBLK
  5
12BD
330
12BB
100
AcDbEntity
  8
0
100
AcDbBlockEnd
  0
BLOCK
  5
12C9
330
12C8
100
AcDbEntity
  8
0
100
AcDbBlockBegin
  2
*D283
 70
1
 10
0.0
 20
0.0
 30
0.0
  3
*D283
  1

  0
INSERT
  5
12CB
330
12C8
100
AcDbEntity
  8
REB_TOP_MESH_Y
 62
6
100
AcDbBlockReference
  2
_NONE
 10
6371.75
 20
-2807.5
 30
0.0
 41
15.0
 42
15.0
 50
270.0
  0
INSERT
  5
12CD
330
12C8
100
AcDbEntity
  8
REB_TOP_MESH_Y
 62
6
100
AcDbBlockReference
  2
_NONE
 10
6371.75
 20
-2207.5
 30
0.0
 41
15.0
 42
15.0
 50
90.0
  0
LINE
  5
12CF
330
12C8
100
AcDbEntity
  8
0
 62
6
370
53
100
AcDbLine
 10
6371.75
 20
-2807.5
 30
0.0
 11
6371.75
 21
-2207.5
 31
0.0
  0
MTEXT
  5
12D0
330
12C8
100
AcDbEntity
  8
REB_TOP_MESH_Y
 62
7
100
AcDbMText
 10
6354.25
 20
-2507.5
 30
0.0
 40
15.0
 71
5
  1
600
 50
90.0
  0
POINT
  5
12D1
330
12C8
100
AcDbEntity
  8
Defpoints
100
AcDbPoint
 10
6371.75
 20
-2807.5
 30
0.0
  0
POINT
  5
12D2
330
12C8
100
AcDbEntity
  8
Defpoints
100
AcDbPoint
 10
6371.75
 20
-2807.5
 30
0.0
  0
POINT
  5
12D3
330
12C8
100
AcDbEntity
  8
Defpoints
100
AcDbPoint
 10
6371.75
 20
-2207.5
 30
0.0
  0
ENDBLK
  5
12CA
330
12C8
100
AcDbEntity
  8
0
100
AcDbBlockEnd
  0
BLOCK
  5
12D6
330
12D5
100
AcDbEntity
  8
0
100
AcDbBlockBegin
  2
*D284
 70
1
 10
0.0
 20
0.0
 30
0.0
  3
*D284
  1

  0
INSERT
  5
12D8
330
12D5
100
AcDbEntity
  8
REB_TOP_MESH_Y
 62
6
100
AcDbBlockReference
  2
_NONE
 10
6365.0
 20
-2292.5
 30
0.0
 41
15.0
 42
15.0
 50
270.0
  0
INSERT
  5
12DA
330
12D5
100
AcDbEntity
  8
REB_TOP_MESH_Y
 62
6
100
AcDbBlockReference
  2
_NONE
 10
6365.0
 20
-1692.5
 30
0.0
 41
15.0
 42
15.0
 50
90.0
  0
LINE
  5
12DC
330
12D5
100
AcDbEntity
  8
0
 62
6
370
53
100
AcDbLine
 10
6365.0
 20
-2292.5
 30
0.0
 11
6365.0
 21
-1692.5
 31
0.0
  0
MTEXT
  5
12DD
330
12D5
100
AcDbEntity
  8
REB_TOP_MESH_Y
 62
7
100
AcDbMText
 10
6347.5
 20
-1992.5
 30
0.0
 40
15.0
 71
5
  1
600
 50
90.0
  0
POINT
  5
12DE
330
12D5
100
AcDbEntity
  8
Defpoints
100
AcDbPoint
 10
6365.0
 20
-2292.5
 30
0.0
  0
POINT
  5
12DF
330
12D5
100
AcDbEntity
  8
Defpoints
100
AcDbPoint
 10
6365.0
 20
-2292.5
 30
0.0
  0
POINT
  5
12E0
330
12D5
100
AcDbEntity
  8
Defpoints
100
AcDbPoint
 10
6365.0
 20
-1692.5
 30
0.0
  0
ENDBLK
  5
12D7
330
12D5
100
AcDbEntity
  8
0
100
AcDbBlockEnd
  0
BLOCK
  5
12E3
330
12E2
100
AcDbEntity
  8
0
100
AcDbBlockBegin
  2
*D285
 70
1
 10
0.0
 20
0.0
 30
0.0
  3
*D285
  1

  0
INSERT
  5
12E5
330
12E2
100
AcDbEntity
  8
REB_TOP_MESH_Y
 62
6
100
AcDbBlockReference
  2
_NONE
 10
6371.75
 20
-1777.5
 30
0.0
 41
15.0
 42
15.0
 50
270.0
  0
INSERT
  5
12E7
330
12E2
100
AcDbEntity
  8
REB_TOP_MESH_Y
 62
6
100
AcDbBlockReference
  2
_NONE
 10
6371.75
 20
-1415.0
 30
0.0
 41
15.0
 42
15.0
 50
90.0
  0
LINE
  5
12E9
330
12E2
100
AcDbEntity
  8
0
 62
6
370
53
100
AcDbLine
 10
6371.75
 20
-1777.5
 30
0.0
 11
6371.75
 21
-1415.0
 31
0.0
  0
MTEXT
  5
12EA
330
12E2
100
AcDbEntity
  8
REB_TOP_MESH_Y
 62
7
100
AcDbMText
 10
6354.25
 20
-1596.25
 30
0.0
 40
15.0
 71
5
  1
362
 50
90.0
  0
POINT
  5
12EB
330
12E2
100
AcDbEntity
  8
Defpoints
100
AcDbPoint
 10
6371.75
 20
-1777.5
 30
0.0
  0
POINT
  5
12EC
330
12E2
100
AcDbEntity
  8
Defpoints
100
AcDbPoint
 10
6371.75
 20
-1777.5
 30
0.0
  0
POINT
  5
12ED
330
12E2
100
AcDbEntity
  8
Defpoints
100
AcDbPoint
 10
6371.75
 20
-1415.0
 30
0.0
  0
ENDBLK
  5
12E4
330
12E2
100
AcDbEntity
  8
0
100
AcDbBlockEnd
  0
BLOCK
  5
12F0
330
12EF
100
AcDbEntity
  8
0
100
AcDbBlockBegin
  2
*D286
 70
1
 10
0.0
 20
0.0
 30
0.0
  3
*D286
  1

  0
INSERT
  5
12F2
330
12EF
100
AcDbEntity
  8
REB_TOP_MESH_Y
 62
6
100
AcDbBlockReference
  2
_NONE
 10
6905.0
 20
-4145.0
 30
0.0
 41
15.0
 42
15.0
 50
270.0
  0
INSERT
  5
12F4
330
12EF
100
AcDbEntity
  8
REB_TOP_MESH_Y
 62
6
100
AcDbBlockReference
  2
_NONE
 10
6905.0
 20
-3752.5
 30
0.0
 41
15.0
 42
15.0
 50
90.0
  0
LINE
  5
12F6
330
12EF
100
AcDbEntity
  8
0
 62
6
370
53
100
AcDbLine
 10
6905.0
 20
-4145.0
 30
0.0
 11
6905.0
 21
-3752.5
 31
0.0
  0
MTEXT
  5
12F7
330
12EF
100
AcDbEntity
  8
REB_TOP_MESH_Y
 62
7
100
AcDbMText
 10
6887.5
 20
-3948.75
 30
0.0
 40
15.0
 71
5
  1
392
 50
90.0
  0
POINT
  5
12F8
330
12EF
100
AcDbEntity
  8
Defpoints
100
AcDbPoint
 10
6905.0
 20
-4145.0
 30
0.0
  0
POINT
  5
12F9
330
12EF
100
AcDbEntity
  8
Defpoints
100
AcDbPoint
 10
6905.0
 20
-4145.0
 30
0.0
  0
POINT
  5
12FA
330
12EF
100
AcDbEntity
  8
Defpoints
100
AcDbPoint
 10
6905.0
 20
-3752.5
 30
0.0
  0
ENDBLK
  5
12F1
330
12EF
100
AcDbEntity
  8
0
100
AcDbBlockEnd
  0
BLOCK
  5
12FD
330
12FC
100
AcDbEntity
  8
0
100
AcDbBlockBegin
  2
*D287
 70
1
 10
0.0
 20
0.0
 30
0.0
  3
*D287
  1

  0
INSERT
  5
12FF
330
12FC
100
AcDbEntity
  8
REB_TOP_MESH_Y
 62
6
100
AcDbBlockReference
  2
_NONE
 10
6911.75
 20
-3837.5
 30
0.0
 41
15.0
 42
15.0
 50
270.0
  0
INSERT
  5
1301
330
12FC
100
AcDbEntity
  8
REB_TOP_MESH_Y
 62
6
100
AcDbBlockReference
  2
_NONE
 10
6911.75
 20
-3237.5
 30
0.0
 41
15.0
 42
15.0
 50
90.0
  0
LINE
  5
1303
330
12FC
100
AcDbEntity
  8
0
 62
6
370
53
100
AcDbLine
 10
6911.75
 20
-3837.5
 30
0.0
 11
6911.75
 21
-3237.5
 31
0.0
  0
MTEXT
  5
1304
330
12FC
100
AcDbEntity
  8
REB_TOP_MESH_Y
 62
7
100
AcDbMText
 10
6894.25
 20
-3537.5
 30
0.0
 40
15.0
 71
5
  1
600
 50
90.0
  0
POINT
  5
1305
330
12FC
100
AcDbEntity
  8
Defpoints
100
AcDbPoint
 10
6911.75
 20
-3837.5
 30
0.0
  0
POINT
  5
1306
330
12FC
100
AcDbEntity
  8
Defpoints
100
AcDbPoint
 10
6911.75
 20
-3837.5
 30
0.0
  0
POINT
  5
1307
330
12FC
100
AcDbEntity
  8
Defpoints
100
AcDbPoint
 10
6911.75
 20
-3237.5
 30
0.0
  0
ENDBLK
  5
12FE
330
12FC
100
AcDbEntity
  8
0
100
AcDbBlockEnd
  0
BLOCK
  5
130A
330
1309
100
AcDbEntity
  8
0
100
AcDbBlockBegin
  2
*D288
 70
1
 10
0.0
 20
0.0
 30
0.0
  3
*D288
  1

  0
INSERT
  5
130C
330
1309
100
AcDbEntity
  8
REB_TOP_MESH_Y
 62
6
100
AcDbBlockReference
  2
_NONE
 10
6905.0
 20
-3322.5
 30
0.0
 41
15.0
 42
15.0
 50
270.0
  0
INSERT
  5
130E
330
1309
100
AcDbEntity
  8
REB_TOP_MESH_Y
 62
6
100
AcDbBlockReference
  2
_NONE
 10
6905.0
 20
-2722.5
 30
0.0
 41
15.0
 42
15.0
 50
90.0
  0
LINE
  5
1310
330
1309
100
AcDbEntity
  8
0
 62
6
370
53
100
AcDbLine
 10
6905.0
 20
-3322.5
 30
0.0
 11
6905.0
 21
-2722.5
 31
0.0
  0
MTEXT
  5
1311
330
1309
100
AcDbEntity
  8
REB_TOP_MESH_Y
 62
7
100
AcDbMText
 10
6887.5
 20
-3022.5
 30
0.0
 40
15.0
 71
5
  1
600
 50
90.0
  0
POINT
  5
1312
330
1309
100
AcDbEntity
  8
Defpoints
100
AcDbPoint
 10
6905.0
 20
-3322.5
 30
0.0
  0
POINT
  5
1313
330
1309
100
AcDbEntity
  8
Defpoints
100
AcDbPoint
 10
6905.0
 20
-3322.5
 30
0.0
  0
POINT
  5
1314
330
1309
100
AcDbEntity
  8
Defpoints
100
AcDbPoint
 10
6905.0
 20
-2722.5
 30
0.0
  0
ENDBLK
  5
130B
330
1309
100
AcDbEntity
  8
0
100
AcDbBlockEnd
  0
BLOCK
  5
1317
330
1316
100
AcDbEntity
  8
0
100
AcDbBlockBegin
  2
*D289
 70
1
 10
0.0
 20
0.0
 30
0.0
  3
*D289
  1

  0
INSERT
  5
1319
330
1316
100
AcDbEntity
  8
REB_TOP_MESH_Y
 62
6
100
AcDbBlockReference
  2
_NONE
 10
6911.75
 20
-2807.5
 30
0.0
 41
15.0
 42
15.0
 50
270.0
  0
INSERT
  5
131B
330
1316
100
AcDbEntity
  8
REB_TOP_MESH_Y
 62
6
100
AcDbBlockReference
  2
_NONE
 10
6911.75
 20
-2207.5
 30
0.0
 41
15.0
 42
15.0
 50
90.0
  0
LINE
  5
131D
330
1316
100
AcDbEntity
  8
0
 62
6
370
53
100
AcDbLine
 10
6911.75
 20
-2807.5
 30
0.0
 11
6911.75
 21
-2207.5
 31
0.0
  0
MTEXT
  5
131E
330
1316
100
AcDbEntity
  8
REB_TOP_MESH_Y
 62
7
100
AcDbMText
 10
6894.25
 20
-2507.5
 30
0.0
 40
15.0
 71
5
  1
600
 50
90.0
  0
POINT
  5
131F
330
1316
100
AcDbEntity
  8
Defpoints
100
AcDbPoint
 10
6911.75
 20
-2807.5
 30
0.0
  0
POINT
  5
1320
330
1316
100
AcDbEntity
  8
Defpoints
100
AcDbPoint
 10
6911.75
 20
-2807.5
 30
0.0
  0
POINT
  5
1321
330
1316
100
AcDbEntity
  8
Defpoints
100
AcDbPoint
 10
6911.75
 20
-2207.5
 30
0.0
  0
ENDBLK
  5
1318
330
1316
100
AcDbEntity
  8
0
100
AcDbBlockEnd
  0
BLOCK
  5
1324
330
1323
100
AcDbEntity
  8
0
100
AcDbBlockBegin
  2
*D290
 70
1
 10
0.0
 20
0.0
 30
0.0
  3
*D290
  1

  0
INSERT
  5
1326
330
1323
100
AcDbEntity
  8
REB_TOP_MESH_Y
 62
6
100
AcDbBlockReference
  2
_NONE
 10
6905.0
 20
-2292.5
 30
0.0
 41
15.0
 42
15.0
 50
270.0
  0
INSERT
  5
1328
330
1323
100
AcDbEntity
  8
REB_TOP_MESH_Y
 62
6
100
AcDbBlockReference
  2
_NONE
 10
6905.0
 20
-1692.5
 30
0.0
 41
15.0
 42
15.0
 50
90.0
  0
LINE
  5
132A
330
1323
100
AcDbEntity
  8
0
 62
6
370
53
100
AcDbLine
 10
6905.0
 20
-2292.5
 30
0.0
 11
6905.0
 21
-1692.5
 31
0.0
  0
MTEXT
  5
132B
330
1323
100
AcDbEntity
  8
REB_TOP_MESH_Y
 62
7
100
AcDbMText
 10
6887.5
 20
-1992.5
 30
0.0
 40
15.0
 71
5
  1
600
 50
90.0
  0
POINT
  5
132C
330
1323
100
AcDbEntity
  8
Defpoints
100
AcDbPoint
 10
6905.0
 20
-2292.5
 30
0.0
  0
POINT
  5
132D
330
1323
100
AcDbEntity
  8
Defpoints
100
AcDbPoint
 10
6905.0
 20
-2292.5
 30
0.0
  0
POINT
  5
132E
330
1323
100
AcDbEntity
  8
Defpoints
100
AcDbPoint
 10
6905.0
 20
-1692.5
 30
0.0
  0
ENDBLK
  5
1325
330
1323
100
AcDbEntity
  8
0
100
AcDbBlockEnd
  0
BLOCK
  5
1331
330
1330
100
AcDbEntity
  8
0
100
AcDbBlockBegin
  2
*D291
 70
1
 10
0.0
 20
0.0
 30
0.0
  3
*D291
  1

  0
INSERT
  5
1333
330
1330
100
AcDbEntity
  8
REB_TOP_MESH_Y
 62
6
100
AcDbBlockReference
  2
_NONE
 10
6911.75
 20
-1777.5
 30
0.0
 41
15.0
 42
15.0
 50
270.0
  0
INSERT
  5
1335
330
1330
100
AcDbEntity
  8
REB_TOP_MESH_Y
 62
6
100
AcDbBlockReference
  2
_NONE
 10
6911.75
 20
-1415.0
 30
0.0
 41
15.0
 42
15.0
 50
90.0
  0
LINE
  5
1337
330
1330
100
AcDbEntity
  8
0
 62
6
370
53
100
AcDbLine
 10
6911.75
 20
-1777.5
 30
0.0
 11
6911.75
 21
-1415.0
 31
0.0
  0
MTEXT
  5
1338
330
1330
100
AcDbEntity
  8
REB_TOP_MESH_Y
 62
7
100
AcDbMText
 10
6894.25
 20
-1596.25
 30
0.0
 40
15.0
 71
5
  1
362
 50
90.0
  0
POINT
  5
1339
330
1330
100
AcDbEntity
  8
Defpoints
100
AcDbPoint
 10
6911.75
 20
-1777.5
 30
0.0
  0
POINT
  5
133A
330
1330
100
AcDbEntity
  8
Defpoints
100
AcDbPoint
 10
6911.75
 20
-1777.5
 30
0.0
  0
POINT
  5
133B
330
1330
100
AcDbEntity
  8
Defpoints
100
AcDbPoint
 10
6911.75
 20
-1415.0
 30
0.0
  0
ENDBLK
  5
1332
330
1330
100
AcDbEntity
  8
0
100
AcDbBlockEnd
  0
BLOCK
  5
133E
330
133D
100
AcDbEntity
  8
0
100
AcDbBlockBegin
  2
*D292
 70
1
 10
0.0
 20
0.0
 30
0.0
  3
*D292
  1

  0
INSERT
  5
1340
330
133D
100
AcDbEntity
  8
REB_TOP_MESH_Y
 62
6
100
AcDbBlockReference
  2
_NONE
 10
5825.0
 20
-4145.0
 30
0.0
 41
15.0
 42
15.0
 50
270.0
  0
INSERT
  5
1342
330
133D
100
AcDbEntity
  8
REB_TOP_MESH_Y
 62
6
100
AcDbBlockReference
  2
_NONE
 10
5825.0
 20
-3752.5
 30
0.0
 41
15.0
 42
15.0
 50
90.0
  0
LINE
  5
1344
330
133D
100
AcDbEntity
  8
0
 62
6
370
53
100
AcDbLine
 10
5825.0
 20
-4145.0
 30
0.0
 11
5825.0
 21
-3752.5
 31
0.0
  0
MTEXT
  5
1345
330
133D
100
AcDbEntity
  8
REB_TOP_MESH_Y
 62
7
100
AcDbMText
 10
5807.5
 20
-3948.75
 30
0.0
 40
15.0
 71
5
  1
392
 50
90.0
  0
POINT
  5
1346
330
133D
100
AcDbEntity
  8
Defpoints
100
AcDbPoint
 10
5825.0
 20
-4145.0
 30
0.0
  0
POINT
  5
1347
330
133D
100
AcDbEntity
  8
Defpoints
100
AcDbPoint
 10
5825.0
 20
-4145.0
 30
0.0
  0
POINT
  5
1348
330
133D
100
AcDbEntity
  8
Defpoints
100
AcDbPoint
 10
5825.0
 20
-3752.5
 30
0.0
  0
ENDBLK
  5
133F
330
133D
100
AcDbEntity
  8
0
100
AcDbBlockEnd
  0
BLOCK
  5
134B
330
134A
100
AcDbEntity
  8
0
100
AcDbBlockBegin
  2
*D293
 70
1
 10
0.0
 20
0.0
 30
0.0
  3
*D293
  1

  0
INSERT
  5
134D
330
134A
100
AcDbEntity
  8
REB_TOP_MESH_Y
 62
6
100
AcDbBlockReference
  2
_NONE
 10
5831.75
 20
-3837.5
 30
0.0
 41
15.0
 42
15.0
 50
270.0
  0
INSERT
  5
134F
330
134A
100
AcDbEntity
  8
REB_TOP_MESH_Y
 62
6
100
AcDbBlockReference
  2
_NONE
 10
5831.75
 20
-3237.5
 30
0.0
 41
15.0
 42
15.0
 50
90.0
  0
LINE
  5
1351
330
134A
100
AcDbEntity
  8
0
 62
6
370
53
100
AcDbLine
 10
5831.75
 20
-3837.5
 30
0.0
 11
5831.75
 21
-3237.5
 31
0.0
  0
MTEXT
  5
1352
330
134A
100
AcDbEntity
  8
REB_TOP_MESH_Y
 62
7
100
AcDbMText
 10
5814.25
 20
-3537.5
 30
0.0
 40
15.0
 71
5
  1
600
 50
90.0
  0
POINT
  5
1353
330
134A
100
AcDbEntity
  8
Defpoints
100
AcDbPoint
 10
5831.75
 20
-3837.5
 30
0.0
  0
POINT
  5
1354
330
134A
100
AcDbEntity
  8
Defpoints
100
AcDbPoint
 10
5831.75
 20
-3837.5
 30
0.0
  0
POINT
  5
1355
330
134A
100
AcDbEntity
  8
Defpoints
100
AcDbPoint
 10
5831.75
 20
-3237.5
 30
0.0
  0
ENDBLK
  5
134C
330
134A
100
AcDbEntity
  8
0
100
AcDbBlockEnd
  0
BLOCK
  5
1358
330
1357
100
AcDbEntity
  8
0
100
AcDbBlockBegin
  2
*D294
 70
1
 10
0.0
 20
0.0
 30
0.0
  3
*D294
  1

  0
INSERT
  5
135A
330
1357
100
AcDbEntity
  8
REB_TOP_MESH_Y
 62
6
100
AcDbBlockReference
  2
_NONE
 10
5825.0
 20
-3322.5
 30
0.0
 41
15.0
 42
15.0
 50
270.0
  0
INSERT
  5
135C
330
1357
100
AcDbEntity
  8
REB_TOP_MESH_Y
 62
6
100
AcDbBlockReference
  2
_NONE
 10
5825.0
 20
-3025.0
 30
0.0
 41
15.0
 42
15.0
 50
90.0
  0
LINE
  5
135E
330
1357
100
AcDbEntity
  8
0
 62
6
370
53
100
AcDbLine
 10
5825.0
 20
-3322.5
 30
0.0
 11
5825.0
 21
-3025.0
 31
0.0
  0
MTEXT
  5
135F
330
1357
100
AcDbEntity
  8
REB_TOP_MESH_Y
 62
7
100
AcDbMText
 10
5807.5
 20
-3173.75
 30
0.0
 40
15.0
 71
5
  1
298
 50
90.0
  0
POINT
  5
1360
330
1357
100
AcDbEntity
  8
Defpoints
100
AcDbPoint
 10
5825.0
 20
-3322.5
 30
0.0
  0
POINT
  5
1361
330
1357
100
AcDbEntity
  8
Defpoints
100
AcDbPoint
 10
5825.0
 20
-3322.5
 30
0.0
  0
POINT
  5
1362
330
1357
100
AcDbEntity
  8
Defpoints
100
AcDbPoint
 10
5825.0
 20
-3025.0
 30
0.0
  0
ENDBLK
  5
1359
330
1357
100
AcDbEntity
  8
0
100
AcDbBlockEnd
  0
BLOCK
  5
1365
330
1364
100
AcDbEntity
  8
0
100
AcDbBlockBegin
  2
*D295
 70
1
 10
0.0
 20
0.0
 30
0.0
  3
*D295
  1

  0
INSERT
  5
1367
330
1364
100
AcDbEntity
  8
REB_TOP_MESH_Y
 62
6
100
AcDbBlockReference
  2
_NONE
 10
5825.0
 20
-2535.0
 30
0.0
 41
15.0
 42
15.0
 50
270.0
  0
INSERT
  5
1369
330
1364
100
AcDbEntity
  8
REB_TOP_MESH_Y
 62
6
100
AcDbBlockReference
  2
_NONE
 10
5825.0
 20
-2132.5
 30
0.0
 41
15.0
 42
15.0
 50
90.0
  0
LINE
  5
136B
330
1364
100
AcDbEntity
  8
0
 62
6
370
53
100
AcDbLine
 10
5825.0
 20
-2535.0
 30
0.0
 11
5825.0
 21
-2132.5
 31
0.0
  0
MTEXT
  5
136C
330
1364
100
AcDbEntity
  8
REB_TOP_MESH_Y
 62
7
100
AcDbMText
 10
5807.5
 20
-2333.75
 30
0.0
 40
15.0
 71
5
  1
402
 50
90.0
  0
POINT
  5
136D
330
1364
100
AcDbEntity
  8
Defpoints
100
AcDbPoint
 10
5825.0
 20
-2535.0
 30
0.0
  0
POINT
  5
136E
330
1364
100
AcDbEntity
  8
Defpoints
100
AcDbPoint
 10
5825.0
 20
-2535.0
 30
0.0
  0
POINT
  5
136F
330
1364
100
AcDbEntity
  8
Defpoints
100
AcDbPoint
 10
5825.0
 20
-2132.5
 30
0.0
  0
ENDBLK
  5
1366
330
1364
100
AcDbEntity
  8
0
100
AcDbBlockEnd
  0
BLOCK
  5
1372
330
1371
100
AcDbEntity
  8
0
100
AcDbBlockBegin
  2
*D296
 70
1
 10
0.0
 20
0.0
 30
0.0
  3
*D296
  1

  0
INSERT
  5
1374
330
1371
100
AcDbEntity
  8
REB_TOP_MESH_Y
 62
6
100
AcDbBlockReference
  2
_NONE
 10
5831.75
 20
-2217.5
 30
0.0
 41
15.0
 42
15.0
 50
270.0
  0
INSERT
  5
1376
330
1371
100
AcDbEntity
  8
REB_TOP_MESH_Y
 62
6
100
AcDbBlockReference
  2
_NONE
 10
5831.75
 20
-1617.5
 30
0.0
 41
15.0
 42
15.0
 50
90.0
  0
LINE
  5
1378
330
1371
100
AcDbEntity
  8
0
 62
6
370
53
100
AcDbLine
 10
5831.75
 20
-2217.5
 30
0.0
 11
5831.75
 21
-1617.5
 31
0.0
  0
MTEXT
  5
1379
330
1371
100
AcDbEntity
  8
REB_TOP_MESH_Y
 62
7
100
AcDbMText
 10
5814.25
 20
-1917.5
 30
0.0
 40
15.0
 71
5
  1
600
 50
90.0
  0
POINT
  5
137A
330
1371
100
AcDbEntity
  8
Defpoints
100
AcDbPoint
 10
5831.75
 20
-2217.5
 30
0.0
  0
POINT
  5
137B
330
1371
100
AcDbEntity
  8
Defpoints
100
AcDbPoint
 10
5831.75
 20
-2217.5
 30
0.0
  0
POINT
  5
137C
330
1371
100
AcDbEntity
  8
Defpoints
100
AcDbPoint
 10
5831.75
 20
-1617.5
 30
0.0
  0
ENDBLK
  5
1373
330
1371
100
AcDbEntity
  8
0
100
AcDbBlockEnd
  0
BLOCK
  5
137F
330
137E
100
AcDbEntity
  8
0
100
AcDbBlockBegin
  2
*D297
 70
1
 10
0.0
 20
0.0
 30
0.0
  3
*D297
  1

  0
INSERT
  5
1381
330
137E
100
AcDbEntity
  8
REB_TOP_MESH_Y
 62
6
100
AcDbBlockReference
  2
_NONE
 10
5825.0
 20
-1702.5
 30
0.0
 41
15.0
 42
15.0
 50
270.0
  0
INSERT
  5
1383
330
137E
100
AcDbEntity
  8
REB_TOP_MESH_Y
 62
6
100
AcDbBlockReference
  2
_NONE
 10
5825.0
 20
-1415.0
 30
0.0
 41
15.0
 42
15.0
 50
90.0
  0
LINE
  5
1385
330
137E
100
AcDbEntity
  8
0
 62
6
370
53
100
AcDbLine
 10
5825.0
 20
-1702.5
 30
0.0
 11
5825.0
 21
-1415.0
 31
0.0
  0
MTEXT
  5
1386
330
137E
100
AcDbEntity
  8
REB_TOP_MESH_Y
 62
7
100
AcDbMText
 10
5807.5
 20
-1558.75
 30
0.0
 40
15.0
 71
5
  1
288
 50
90.0
  0
POINT
  5
1387
330
137E
100
AcDbEntity
  8
Defpoints
100
AcDbPoint
 10
5825.0
 20
-1702.5
 30
0.0
  0
POINT
  5
1388
330
137E
100
AcDbEntity
  8
Defpoints
100
AcDbPoint
 10
5825.0
 20
-1702.5
 30
0.0
  0
POINT
  5
1389
330
137E
100
AcDbEntity
  8
Defpoints
100
AcDbPoint
 10
5825.0
 20
-1415.0
 30
0.0
  0
ENDBLK
  5
1380
330
137E
100
AcDbEntity
  8
0
100
AcDbBlockEnd
  0
BLOCK
  5
138C
330
138B
100
AcDbEntity
  8
0
100
AcDbBlockBegin
  2
*D298
 70
1
 10
0.0
 20
0.0
 30
0.0
  3
*D298
  1

  0
INSERT
  5
138E
330
138B
100
AcDbEntity
  8
REB_TOP_MESH_Y
 62
6
100
AcDbBlockReference
  2
_NONE
 10
6785.0
 20
-3415.0
 30
0.0
 41
15.0
 42
15.0
 50
270.0
  0
INSERT
  5
1390
330
138B
100
AcDbEntity
  8
REB_TOP_MESH_Y
 62
6
100
AcDbBlockReference
  2
_NONE
 10
6785.0
 20
-3212.5
 30
0.0
 41
15.0
 42
15.0
 50
90.0
  0
LINE
  5
1392
330
138B
100
AcDbEntity
  8
0
 62
6
370
53
100
AcDbLine
 10
6785.0
 20
-3415.0
 30
0.0
 11
6785.0
 21
-3212.5
 31
0.0
  0
MTEXT
  5
1393
330
138B
100
AcDbEntity
  8
REB_TOP_MESH_Y
 62
7
100
AcDbMText
 10
6767.5
 20
-3313.75
 30
0.0
 40
15.0
 71
5
  1
202
 50
90.0
  0
POINT
  5
1394
330
138B
100
AcDbEntity
  8
Defpoints
100
AcDbPoint
 10
6785.0
 20
-3415.0
 30
0.0
  0
POINT
  5
1395
330
138B
100
AcDbEntity
  8
Defpoints
100
AcDbPoint
 10
6785.0
 20
-3415.0
 30
0.0
  0
POINT
  5
1396
330
138B
100
AcDbEntity
  8
Defpoints
100
AcDbPoint
 10
6785.0
 20
-3212.5
 30
0.0
  0
ENDBLK
  5
138D
330
138B
100
AcDbEntity
  8
0
100
AcDbBlockEnd
  0
BLOCK
  5
1399
330
1398
100
AcDbEntity
  8
0
100
AcDbBlockBegin
  2
*D299
 70
1
 10
0.0
 20
0.0
 30
0.0
  3
*D299
  1

  0
INSERT
  5
139B
330
1398
100
AcDbEntity
  8
REB_TOP_MESH_Y
 62
6
100
AcDbBlockReference
  2
_NONE
 10
6791.75
 20
-3297.5
 30
0.0
 41
15.0
 42
15.0
 50
270.0
  0
INSERT
  5
139D
330
1398
100
AcDbEntity
  8
REB_TOP_MESH_Y
 62
6
100
AcDbBlockReference
  2
_NONE
 10
6791.75
 20
-2697.5
 30
0.0
 41
15.0
 42
15.0
 50
90.0
  0
LINE
  5
139F
330
1398
100
AcDbEntity
  8
0
 62
6
370
53
100
AcDbLine
 10
6791.75
 20
-3297.5
 30
0.0
 11
6791.75
 21
-2697.5
 31
0.0
  0
MTEXT
  5
13A0
330
1398
100
AcDbEntity
  8
REB_TOP_MESH_Y
 62
7
100
AcDbMText
 10
6774.25
 20
-2997.5
 30
0.0
 40
15.0
 71
5
  1
600
 50
90.0
  0
POINT
  5
13A1
330
1398
100
AcDbEntity
  8
Defpoints
100
AcDbPoint
 10
6791.75
 20
-3297.5
 30
0.0
  0
POINT
  5
13A2
330
1398
100
AcDbEntity
  8
Defpoints
100
AcDbPoint
 10
6791.75
 20
-3297.5
 30
0.0
  0
POINT
  5
13A3
330
1398
100
AcDbEntity
  8
Defpoints
100
AcDbPoint
 10
6791.75
 20
-2697.5
 30
0.0
  0
ENDBLK
  5
139A
330
1398
100
AcDbEntity
  8
0
100
AcDbBlockEnd
  0
BLOCK
  5
13A6
330
13A5
100
AcDbEntity
  8
0
100
AcDbBlockBegin
  2
*D300
 70
1
 10
0.0
 20
0.0
 30
0.0
  3
*D300
  1

  0
INSERT
  5
13A8
330
13A5
100
AcDbEntity
  8
REB_TOP_MESH_Y
 62
6
100
AcDbBlockReference
  2
_NONE
 10
6785.0
 20
-2782.5
 30
0.0
 41
15.0
 42
15.0
 50
270.0
  0
INSERT
  5
13AA
330
13A5
100
AcDbEntity
  8
REB_TOP_MESH_Y
 62
6
100
AcDbBlockReference
  2
_NONE
 10
6785.0
 20
-2182.5
 30
0.0
 41
15.0
 42
15.0
 50
90.0
  0
LINE
  5
13AC
330
13A5
100
AcDbEntity
  8
0
 62
6
370
53
100
AcDbLine
 10
6785.0
 20
-2782.5
 30
0.0
 11
6785.0
 21
-2182.5
 31
0.0
  0
MTEXT
  5
13AD
330
13A5
100
AcDbEntity
  8
REB_TOP_MESH_Y
 62
7
100
AcDbMText
 10
6767.5
 20
-2482.5
 30
0.0
 40
15.0
 71
5
  1
600
 50
90.0
  0
POINT
  5
13AE
330
13A5
100
AcDbEntity
  8
Defpoints
100
AcDbPoint
 10
6785.0
 20
-2782.5
 30
0.0
  0
POINT
  5
13AF
330
13A5
100
AcDbEntity
  8
Defpoints
100
AcDbPoint
 10
6785.0
 20
-2782.5
 30
0.0
  0
POINT
  5
13B0
330
13A5
100
AcDbEntity
  8
Defpoints
100
AcDbPoint
 10
6785.0
 20
-2182.5
 30
0.0
  0
ENDBLK
  5
13A7
330
13A5
100
AcDbEntity
  8
0
100
AcDbBlockEnd
  0
BLOCK
  5
13B3
330
13B2
100
AcDbEntity
  8
0
100
AcDbBlockBegin
  2
*D301
 70
1
 10
0.0
 20
0.0
 30
0.0
  3
*D301
  1

  0
INSERT
  5
13B5
330
13B2
100
AcDbEntity
  8
REB_TOP_MESH_Y
 62
6
100
AcDbBlockReference
  2
_NONE
 10
6791.75
 20
-2267.5
 30
0.0
 41
15.0
 42
15.0
 50
270.0
  0
INSERT
  5
13B7
330
13B2
100
AcDbEntity
  8
REB_TOP_MESH_Y
 62
6
100
AcDbBlockReference
  2
_NONE
 10
6791.75
 20
-1667.5
 30
0.0
 41
15.0
 42
15.0
 50
90.0
  0
LINE
  5
13B9
330
13B2
100
AcDbEntity
  8
0
 62
6
370
53
100
AcDbLine
 10
6791.75
 20
-2267.5
 30
0.0
 11
6791.75
 21
-1667.5
 31
0.0
  0
MTEXT
  5
13BA
330
13B2
100
AcDbEntity
  8
REB_TOP_MESH_Y
 62
7
100
AcDbMText
 10
6774.25
 20
-1967.5
 30
0.0
 40
15.0
 71
5
  1
600
 50
90.0
  0
POINT
  5
13BB
330
13B2
100
AcDbEntity
  8
Defpoints
100
AcDbPoint
 10
6791.75
 20
-2267.5
 30
0.0
  0
POINT
  5
13BC
330
13B2
100
AcDbEntity
  8
Defpoints
100
AcDbPoint
 10
6791.75
 20
-2267.5
 30
0.0
  0
POINT
  5
13BD
330
13B2
100
AcDbEntity
  8
Defpoints
100
AcDbPoint
 10
6791.75
 20
-1667.5
 30
0.0
  0
ENDBLK
  5
13B4
330
13B2
100
AcDbEntity
  8
0
100
AcDbBlockEnd
  0
BLOCK
  5
13C0
330
13BF
100
AcDbEntity
  8
0
100
AcDbBlockBegin
  2
*D302
 70
1
 10
0.0
 20
0.0
 30
0.0
  3
*D302
  1

  0
INSERT
  5
13C2
330
13BF
100
AcDbEntity
  8
REB_TOP_MESH_Y
 62
6
100
AcDbBlockReference
  2
_NONE
 10
6785.0
 20
-1752.5
 30
0.0
 41
15.0
 42
15.0
 50
270.0
  0
INSERT
  5
13C4
330
13BF
100
AcDbEntity
  8
REB_TOP_MESH_Y
 62
6
100
AcDbBlockReference
  2
_NONE
 10
6785.0
 20
-1415.0
 30
0.0
 41
15.0
 42
15.0
 50
90.0
  0
LINE
  5
13C6
330
13BF
100
AcDbEntity
  8
0
 62
6
370
53
100
AcDbLine
 10
6785.0
 20
-1752.5
 30
0.0
 11
6785.0
 21
-1415.0
 31
0.0
  0
MTEXT
  5
13C7
330
13BF
100
AcDbEntity
  8
REB_TOP_MESH_Y
 62
7
100
AcDbMText
 10
6767.5
 20
-1583.75
 30
0.0
 40
15.0
 71
5
  1
338
 50
90.0
  0
POINT
  5
13C8
330
13BF
100
AcDbEntity
  8
Defpoints
100
AcDbPoint
 10
6785.0
 20
-1752.5
 30
0.0
  0
POINT
  5
13C9
330
13BF
100
AcDbEntity
  8
Defpoints
100
AcDbPoint
 10
6785.0
 20
-1752.5
 30
0.0
  0
POINT
  5
13CA
330
13BF
100
AcDbEntity
  8
Defpoints
100
AcDbPoint
 10
6785.0
 20
-1415.0
 30
0.0
  0
ENDBLK
  5
13C1
330
13BF
100
AcDbEntity
  8
0
100
AcDbBlockEnd
  0
BLOCK
  5
13CD
330
13CC
100
AcDbEntity
  8
0
100
AcDbBlockBegin
  2
*D303
 70
1
 10
0.0
 20
0.0
 30
0.0
  3
*D303
  1

  0
INSERT
  5
13CF
330
13CC
100
AcDbEntity
  8
REB_TOP_MESH_Y
 62
6
100
AcDbBlockReference
  2
_NONE
 10
6745.0
 20
-4145.0
 30
0.0
 41
15.0
 42
15.0
 50
270.0
  0
INSERT
  5
13D1
330
13CC
100
AcDbEntity
  8
REB_TOP_MESH_Y
 62
6
100
AcDbBlockReference
  2
_NONE
 10
6745.0
 20
-3545.0
 30
0.0
 41
15.0
 42
15.0
 50
90.0
  0
LINE
  5
13D3
330
13CC
100
AcDbEntity
  8
0
 62
6
370
53
100
AcDbLine
 10
6745.0
 20
-4145.0
 30
0.0
 11
6745.0
 21
-3545.0
 31
0.0
  0
MTEXT
  5
13D4
330
13CC
100
AcDbEntity
  8
REB_TOP_MESH_Y
 62
7
100
AcDbMText
 10
6727.5
 20
-3845.0
 30
0.0
 40
15.0
 71
5
  1
600
 50
90.0
  0
POINT
  5
13D5
330
13CC
100
AcDbEntity
  8
Defpoints
100
AcDbPoint
 10
6745.0
 20
-4145.0
 30
0.0
  0
POINT
  5
13D6
330
13CC
100
AcDbEntity
  8
Defpoints
100
AcDbPoint
 10
6745.0
 20
-4145.0
 30
0.0
  0
POINT
  5
13D7
330
13CC
100
AcDbEntity
  8
Defpoints
100
AcDbPoint
 10
6745.0
 20
-3545.0
 30
0.0
  0
ENDBLK
  5
13CE
330
13CC
100
AcDbEntity
  8
0
100
AcDbBlockEnd
  0
ENDSEC
  0
SECTION
  2
ENTITIES
  0
LWPOLYLINE
  5
8F
330
17
100
AcDbEntity
  8
SLAB
100
AcDbPolyline
 90
4
 70
1
 10
0.0
 20
0.0
 10
2740.0
 20
0.0
 10
2740.0
 20
2740.0
 10
0.0
 20
2740.0
  0
LINE
  5
90
330
17
100
AcDbEntity
  8
AXIS
100
AcDbLine
 10
20.0
 20
-150.0
 30
0.0
 11
20.0
 21
2890.0
 31
0.0
  0
LINE
  5
91
330
17
100
AcDbEntity
  8
AXIS
100
AcDbLine
 10
-150.0
 20
20.0
 30
0.0
 11
2890.0
 21
20.0
 31
0.0
  0
TEXT
  5
92
330
17
100
AcDbEntity
  8
AXIS
100
AcDbText
 10
20.0
 20
2910.0
 30
0.0
 40
40.0
  1
1
 11
20.0
 21
2910.0
 31
0.0
100
AcDbText
  0
TEXT
  5
93
330
17
100
AcDbEntity
  8
AXIS
100
AcDbText
 10
-220.0
 20
20.0
 30
0.0
 40
40.0
  1
A
 11
-220.0
 21
20.0
 31
0.0
100
AcDbText
  0
LINE
  5
94
330
17
100
AcDbEntity
  8
AXIS
100
AcDbLine
 10
560.0
 20
-150.0
 30
0.0
 11
560.0
 21
2890.0
 31
0.0
  0
LINE
  5
95
330
17
100
AcDbEntity
  8
AXIS
100
AcDbLine
 10
-150.0
 20
560.0
 30
0.0
 11
2890.0
 21
560.0
 31
0.0
  0
TEXT
  5
96
330
17
100
AcDbEntity
  8
AXIS
100
AcDbText
 10
560.0
 20
2910.0
 30
0.0
 40
40.0
  1
2
 11
560.0
 21
2910.0
 31
0.0
100
AcDbText
  0
TEXT
  5
97
330
17
100
AcDbEntity
  8
AXIS
100
AcDbText
 10
-220.0
 20
560.0
 30
0.0
 40
40.0
  1
B
 11
-220.0
 21
560.0
 31
0.0
100
AcDbText
  0
LINE
  5
98
330
17
100
AcDbEntity
  8
AXIS
100
AcDbLine
 10
1100.0
 20
-150.0
 30
0.0
 11
1100.0
 21
2890.0
 31
0.0
  0
LINE
  5
99
330
17
100
AcDbEntity
  8
AXIS
100
AcDbLine
 10
-150.0
 20
1100.0
 30
0.0
 11
2890.0
 21
1100.0
 31
0.0
  0
TEXT
  5
9A
330
17
100
AcDbEntity
  8
AXIS
100
AcDbText
 10
1100.0
 20
2910.0
 30
0.0
 40
40.0
  1
3
 11
1100.0
 21
2910.0
 31
0.0
100
AcDbText
  0
TEXT
  5
9B
330
17
100
AcDbEntity
  8
AXIS
100
AcDbText
 10
-220.0
 20
1100.0
 30
0.0
 40
40.0
  1
C
 11
-220.0
 21
1100.0
 31
0.0
100
AcDbText
  0
LINE
  5
9C
330
17
100
AcDbEntity
  8
AXIS
100
AcDbLine
 10
1640.0
 20
-150.0
 30
0.0
 11
1640.0
 21
2890.0
 31
0.0
  0
LINE
  5
9D
330
17
100
AcDbEntity
  8
AXIS
100
AcDbLine
 10
-150.0
 20
1640.0
 30
0.0
 11
2890.0
 21
1640.0
 31
0.0
  0
TEXT
  5
9E
330
17
100
AcDbEntity
  8
AXIS
100
AcDbText
 10
1640.0
 20
2910.0
 30
0.0
 40
40.0
  1
4
 11
1640.0
 21
2910.0
 31
0.0
100
AcDbText
  0
TEXT
  5
9F
330
17
100
AcDbEntity
  8
AXIS
100
AcDbText
 10
-220.0
 20
1640.0
 30
0.0
 40
40.0
  1
D
 11
-220.0
 21
1640.0
 31
0.0
100
AcDbText
  0
LINE
  5
A0
330
17
100
AcDbEntity
  8
AXIS
100
AcDbLine
 10
2180.0
 20
-150.0
 30
0.0
 11
2180.0
 21
2890.0
 31
0.0
  0
LINE
  5
A1
330
17
100
AcDbEntity
  8
AXIS
100
AcDbLine
 10
-150.0
 20
2180.0
 30
0.0
 11
2890.0
 21
2180.0
 31
0.0
  0
TEXT
  5
A2
330
17
100
AcDbEntity
  8
AXIS
100
AcDbText
 10
2180.0
 20
2910.0
 30
0.0
 40
40.0
  1
5
 11
2180.0
 21
2910.0
 31
0.0
100
AcDbText
  0
TEXT
  5
A3
330
17
100
AcDbEntity
  8
AXIS
100
AcDbText
 10
-220.0
 20
2180.0
 30
0.0
 40
40.0
  1
E
 11
-220.0
 21
2180.0
 31
0.0
100
AcDbText
  0
LINE
  5
A4
330
17
100
AcDbEntity
  8
AXIS
100
AcDbLine
 10
2720.0
 20
-150.0
 30
0.0
 11
2720.0
 21
2890.0
 31
0.0
  0
LINE
  5
A5
330
17
100
AcDbEntity
  8
AXIS
100
AcDbLine
 10
-150.0
 20
2720.0
 30
0.0
 11
2890.0
 21
2720.0
 31
0.0
  0
TEXT
  5
A6
330
17
100
AcDbEntity
  8
AXIS
100
AcDbText
 10
2720.0
 20
2910.0
 30
0.0
 40
40.0
  1
6
 11
2720.0
 21
2910.0
 31
0.0
100
AcDbText
  0
TEXT
  5
A7
330
17
100
AcDbEntity
  8
AXIS
100
AcDbText
 10
-220.0
 20
2720.0
 30
0.0
 40
40.0
  1
F
 11
-220.0
 21
2720.0
 31
0.0
100
AcDbText
  0
LWPOLYLINE
  5
A8
330
17
100
AcDbEntity
  8
WALL
100
AcDbPolyline
 90
4
 70
1
 10
1087.5
 20
1087.5
 10
1652.5
 20
1087.5
 10
1652.5
 20
1652.5
 10
1087.5
 20
1652.5
  0
LWPOLYLINE
  5
A9
330
17
100
AcDbEntity
  8
WALL
100
AcDbPolyline
 90
4
 70
1
 10
1112.5
 20
1112.5
 10
1627.5
 20
1112.5
 10
1627.5
 20
1627.5
 10
1112.5
 20
1627.5
  0
LWPOLYLINE
  5
AA
330
17
100
AcDbEntity
  8
OPENING
100
AcDbPolyline
 90
4
 70
1
 10
1130.0
 20
1130.0
 10
1400.0
 20
1130.0
 10
1400.0
 20
1610.0
 10
1130.0
 20
1610.0
  0
LWPOLYLINE
  5
AB
330
17
100
AcDbEntity
  8
WALL
100
AcDbPolyline
 90
4
 70
1
 10
0.0
 20
1100.0
 10
35.0
 20
1100.0
 10
35.0
 20
1640.0
 10
0.0
 20
1640.0
  0
LWPOLYLINE
  5
AC
330
17
100
AcDbEntity
  8
WALL
100
AcDbPolyline
 90
4
 70
1
 10
1100.0
 20
0.0
 10
1640.0
 20
0.0
 10
1640.0
 20
35.0
 10
1100.0
 20
35.0
  0
LWPOLYLINE
  5
AD
330
17
100
AcDbEntity
  8
WALL
100
AcDbPolyline
 90
4
 70
1
 10
2162.5
 20
680.0
 10
2197.5
 20
680.0
 10
2197.5
 20
930.0
 10
2162.5
 20
930.0
  0
LWPOLYLINE
  5
AE
330
17
100
AcDbEntity
  8
OPENING
100
AcDbPolyline
 90
4
 70
1
 10
2230.0
 20
610.0
 10
2330.0
 20
610.0
 10
2330.0
 20
730.0
 10
2230.0
 20
730.0
  0
LWPOLYLINE
  5
AF
330
17
100
AcDbEntity
  8
COLUMN
100
AcDbPolyline
 90
4
 70
1
 10
0.0
 20
0.0
 10
40.0
 20
0.0
 10
40.0
 20
40.0
 10
0.0
 20
40.0
  0
LWPOLYLINE
  5
B0
330
17
100
AcDbEntity
  8
COLUMN
100
AcDbPolyline
 90
4
 70
1
 10
0.0
 20
540.0
 10
40.0
 20
540.0
 10
40.0
 20
580.0
 10
0.0
 20
580.0
  0
LWPOLYLINE
  5
B1
330
17
100
AcDbEntity
  8
COLUMN
100
AcDbPolyline
 90
4
 70
1
 10
0.0
 20
1080.0
 10
40.0
 20
1080.0
 10
40.0
 20
1120.0
 10
0.0
 20
1120.0
  0
LWPOLYLINE
  5
B2
330
17
100
AcDbEntity
  8
COLUMN
100
AcDbPolyline
 90
4
 70
1
 10
0.0
 20
1620.0
 10
40.0
 20
1620.0
 10
40.0
 20
1660.0
 10
0.0
 20
1660.0
  0
LWPOLYLINE
  5
B3
330
17
100
AcDbEntity
  8
COLUMN
100
AcDbPolyline
 90
4
 70
1
 10
0.0
 20
2160.0
 10
40.0
 20
2160.0
 10
40.0
 20
2200.0
 10
0.0
 20
2200.0
  0
LWPOLYLINE
  5
B4
330
17
100
AcDbEntity
  8
COLUMN
100
AcDbPolyline
 90
4
 70
1
 10
0.0
 20
2700.0
 10
40.0
 20
2700.0
 10
40.0
 20
2740.0
 10
0.0
 20
2740.0
  0
LWPOLYLINE
  5
B5
330
17
100
AcDbEntity
  8
COLUMN
100
AcDbPolyline
 90
4
 70
1
 10
540.0
 20
0.0
 10
580.0
 20
0.0
 10
580.0
 20
40.0
 10
540.0
 20
40.0
  0
LWPOLYLINE
  5
B6
330
17
100
AcDbEntity
  8
COLUMN
100
AcDbPolyline
 90
4
 70
1
 10
540.0
 20
540.0
 10
580.0
 20
540.0
 10
580.0
 20
580.0
 10
540.0
 20
580.0
  0
LWPOLYLINE
  5
B7
330
17
100
AcDbEntity
  8
COLUMN
100
AcDbPolyline
 90
4
 70
1
 10
540.0
 20
1080.0
 10
580.0
 20
1080.0
 10
580.0
 20
1120.0
 10
540.0
 20
1120.0
  0
CIRCLE
  5
B8
330
17
100
AcDbEntity
  8
COLUMN
100
AcDbCircle
 10
560.0
 20
1640.0
 30
0.0
 40
22.5
  0
LWPOLYLINE
  5
B9
330
17
100
AcDbEntity
  8
COLUMN
100
AcDbPolyline
 90
4
 70
1
 10
540.0
 20
2160.0
 10
580.0
 20
2160.0
 10
580.0
 20
2200.0
 10
540.0
 20
2200.0
  0
LWPOLYLINE
  5
BA
330
17
100
AcDbEntity
  8
COLUMN
100
AcDbPolyline
 90
4
 70
1
 10
540.0
 20
2700.0
 10
580.0
 20
2700.0
 10
580.0
 20
2740.0
 10
540.0
 20
2740.0
  0
LWPOLYLINE
  5
BB
330
17
100
AcDbEntity
  8
COLUMN
100
AcDbPolyline
 90
4
 70
1
 10
1080.0
 20
0.0
 10
1120.0
 20
0.0
 10
1120.0
 20
40.0
 10
1080.0
 20
40.0
  0
LWPOLYLINE
  5
BC
330
17
100
AcDbEntity
  8
COLUMN
100
AcDbPolyline
 90
4
 70
1
 10
1080.0
 20
540.0
 10
1120.0
 20
540.0
 10
1120.0
 20
580.0
 10
1080.0
 20
580.0
  0
LWPOLYLINE
  5
BD
330
17
100
AcDbEntity
  8
COLUMN
100
AcDbPolyline
 90
4
 70
1
 10
1080.0
 20
2160.0
 10
1120.0
 20
2160.0
 10
1120.0
 20
2200.0
 10
1080.0
 20
2200.0
  0
LWPOLYLINE
  5
BE
330
17
100
AcDbEntity
  8
COLUMN
100
AcDbPolyline
 90
4
 70
1
 10
1080.0
 20
2700.0
 10
1120.0
 20
2700.0
 10
1120.0
 20
2740.0
 10
1080.0
 20
2740.0
  0
LWPOLYLINE
  5
BF
330
17
100
AcDbEntity
  8
COLUMN
100
AcDbPolyline
 90
4
 70
1
 10
1620.0
 20
0.0
 10
1660.0
 20
0.0
 10
1660.0
 20
40.0
 10
1620.0
 20
40.0
  0
LWPOLYLINE
  5
C0
330
17
100
AcDbEntity
  8
COLUMN
100
AcDbPolyline
 90
4
 70
1
 10
1620.0
 20
540.0
 10
1660.0
 20
540.0
 10
1660.0
 20
580.0
 10
1620.0
 20
580.0
  0
LWPOLYLINE
  5
C1
330
17
100
AcDbEntity
  8
COLUMN
100
AcDbPolyline
 90
4
 70
1
 10
1620.0
 20
2160.0
 10
1660.0
 20
2160.0
 10
1660.0
 20
2200.0
 10
1620.0
 20
2200.0
  0
LWPOLYLINE
  5
C2
330
17
100
AcDbEntity
  8
COLUMN
100
AcDbPolyline
 90
4
 70
1
 10
1620.0
 20
2700.0
 10
1660.0
 20
2700.0
 10
1660.0
 20
2740.0
 10
1620.0
 20
2740.0
  0
LWPOLYLINE
  5
C3
330
17
100
AcDbEntity
  8
COLUMN
100
AcDbPolyline
 90
4
 70
1
 10
2160.0
 20
0.0
 10
2200.0
 20
0.0
 10
2200.0
 20
40.0
 10
2160.0
 20
40.0
  0
LWPOLYLINE
  5
C4
330
17
100
AcDbEntity
  8
COLUMN
100
AcDbPolyline
 90
4
 70
1
 10
2160.0
 20
540.0
 10
2200.0
 20
540.0
 10
2200.0
 20
580.0
 10
2160.0
 20
580.0
  0
CIRCLE
  5
C5
330
17
100
AcDbEntity
  8
COLUMN
100
AcDbCircle
 10
2180.0
 20
1100.0
 30
0.0
 40
22.5
  0
LWPOLYLINE
  5
C6
330
17
100
AcDbEntity
  8
COLUMN
100
AcDbPolyline
 90
4
 70
1
 10
2160.0
 20
1620.0
 10
2200.0
 20
1620.0
 10
2200.0
 20
1660.0
 10
2160.0
 20
1660.0
  0
LWPOLYLINE
  5
C7
330
17
100
AcDbEntity
  8
COLUMN
100
AcDbPolyline
 90
4
 70
1
 10
2160.0
 20
2160.0
 10
2200.0
 20
2160.0
 10
2200.0
 20
2200.0
 10
2160.0
 20
2200.0
  0
LWPOLYLINE
  5
C8
330
17
100
AcDbEntity
  8
COLUMN
100
AcDbPolyline
 90
4
 70
1
 10
2160.0
 20
2700.0
 10
2200.0
 20
2700.0
 10
2200.0
 20
2740.0
 10
2160.0
 20
2740.0
  0
LWPOLYLINE
  5
C9
330
17
100
AcDbEntity
  8
COLUMN
100
AcDbPolyline
 90
4
 70
1
 10
2700.0
 20
0.0
 10
2740.0
 20
0.0
 10
2740.0
 20
40.0
 10
2700.0
 20
40.0
  0
LWPOLYLINE
  5
CA
330
17
100
AcDbEntity
  8
COLUMN
100
AcDbPolyline
 90
4
 70
1
 10
2700.0
 20
540.0
 10
2740.0
 20
540.0
 10
2740.0
 20
580.0
 10
2700.0
 20
580.0
  0
LWPOLYLINE
  5
CB
330
17
100
AcDbEntity
  8
COLUMN
100
AcDbPolyline
 90
4
 70
1
 10
2700.0
 20
1080.0
 10
2740.0
 20
1080.0
 10
2740.0
 20
1120.0
 10
2700.0
 20
1120.0
  0
LWPOLYLINE
  5
CC
330
17
100
AcDbEntity
  8
COLUMN
100
AcDbPolyline
 90
4
 70
1
 10
2700.0
 20
1620.0
 10
2740.0
 20
1620.0
 10
2740.0
 20
1660.0
 10
2700.0
 20
1660.0
  0
LWPOLYLINE
  5
CD
330
17
100
AcDbEntity
  8
COLUMN
100
AcDbPolyline
 90
4
 70
1
 10
2700.0
 20
2160.0
 10
2740.0
 20
2160.0
 10
2740.0
 20
2200.0
 10
2700.0
 20
2200.0
  0
LWPOLYLINE
  5
CE
330
17
100
AcDbEntity
  8
COLUMN
100
AcDbPolyline
 90
4
 70
1
 10
2700.0
 20
2700.0
 10
2740.0
 20
2700.0
 10
2740.0
 20
2740.0
 10
2700.0
 20
2740.0
  0
LWPOLYLINE
  5
D2
330
17
100
AcDbEntity
  8
SLAB
100
AcDbPolyline
 90
4
 70
1
 10
0.0
 20
4150.0
 10
2740.0
 20
4150.0
 10
2740.0
 20
6890.0
 10
0.0
 20
6890.0
  0
LINE
  5
D3
330
17
100
AcDbEntity
  8
AXIS
100
AcDbLine
 10
20.0
 20
4000.0
 30
0.0
 11
20.0
 21
7040.0
 31
0.0
  0
LINE
  5
D4
330
17
100
AcDbEntity
  8
AXIS
100
AcDbLine
 10
-150.0
 20
4170.0
 30
0.0
 11
2890.0
 21
4170.0
 31
0.0
  0
TEXT
  5
D5
330
17
100
AcDbEntity
  8
AXIS
100
AcDbText
 10
20.0
 20
7060.0
 30
0.0
 40
40.0
  1
1
 11
20.0
 21
7060.0
 31
0.0
100
AcDbText
  0
TEXT
  5
D6
330
17
100
AcDbEntity
  8
AXIS
100
AcDbText
 10
-220.0
 20
4170.0
 30
0.0
 40
40.0
  1
A
 11
-220.0
 21
4170.0
 31
0.0
100
AcDbText
  0
LINE
  5
D7
330
17
100
AcDbEntity
  8
AXIS
100
AcDbLine
 10
560.0
 20
4000.0
 30
0.0
 11
560.0
 21
7040.0
 31
0.0
  0
LINE
  5
D8
330
17
100
AcDbEntity
  8
AXIS
100
AcDbLine
 10
-150.0
 20
4710.0
 30
0.0
 11
2890.0
 21
4710.0
 31
0.0
  0
TEXT
  5
D9
330
17
100
AcDbEntity
  8
AXIS
100
AcDbText
 10
560.0
 20
7060.0
 30
0.0
 40
40.0
  1
2
 11
560.0
 21
7060.0
 31
0.0
100
AcDbText
  0
TEXT
  5
DA
330
17
100
AcDbEntity
  8
AXIS
100
AcDbText
 10
-220.0
 20
4710.0
 30
0.0
 40
40.0
  1
B
 11
-220.0
 21
4710.0
 31
0.0
100
AcDbText
  0
LINE
  5
DB
330
17
100
AcDbEntity
  8
AXIS
100
AcDbLine
 10
1100.0
 20
4000.0
 30
0.0
 11
1100.0
 21
7040.0
 31
0.0
  0
LINE
  5
DC
330
17
100
AcDbEntity
  8
AXIS
100
AcDbLine
 10
-150.0
 20
5250.0
 30
0.0
 11
2890.0
 21
5250.0
 31
0.0
  0
TEXT
  5
DD
330
17
100
AcDbEntity
  8
AXIS
100
AcDbText
 10
1100.0
 20
7060.0
 30
0.0
 40
40.0
  1
3
 11
1100.0
 21
7060.0
 31
0.0
100
AcDbText
  0
TEXT
  5
DE
330
17
100
AcDbEntity
  8
AXIS
100
AcDbText
 10
-220.0
 20
5250.0
 30
0.0
 40
40.0
  1
C
 11
-220.0
 21
5250.0
 31
0.0
100
AcDbText
  0
LINE
  5
DF
330
17
100
AcDbEntity
  8
AXIS
100
AcDbLine
 10
1640.0
 20
4000.0
 30
0.0
 11
1640.0
 21
7040.0
 31
0.0
  0
LINE
  5
E0
330
17
100
AcDbEntity
  8
AXIS
100
AcDbLine
 10
-150.0
 20
5790.0
 30
0.0
 11
2890.0
 21
5790.0
 31
0.0
  0
TEXT
  5
E1
330
17
100
AcDbEntity
  8
AXIS
100
AcDbText
 10
1640.0
 20
7060.0
 30
0.0
 40
40.0
  1
4
 11
1640.0
 21
7060.0
 31
0.0
100
AcDbText
  0
TEXT
  5
E2
330
17
100
AcDbEntity
  8
AXIS
100
AcDbText
 10
-220.0
 20
5790.0
 30
0.0
 40
40.0
  1
D
 11
-220.0
 21
5790.0
 31
0.0
100
AcDbText
  0
LINE
  5
E3
330
17
100
AcDbEntity
  8
AXIS
100
AcDbLine
 10
2180.0
 20
4000.0
 30
0.0
 11
2180.0
 21
7040.0
 31
0.0
  0
LINE
  5
E4
330
17
100
AcDbEntity
  8
AXIS
100
AcDbLine
 10
-150.0
 20
6330.0
 30
0.0
 11
2890.0
 21
6330.0
 31
0.0
  0
TEXT
  5
E5
330
17
100
AcDbEntity
  8
AXIS
100
AcDbText
 10
2180.0
 20
7060.0
 30
0.0
 40
40.0
  1
5
 11
2180.0
 21
7060.0
 31
0.0
100
AcDbText
  0
TEXT
  5
E6
330
17
100
AcDbEntity
  8
AXIS
100
AcDbText
 10
-220.0
 20
6330.0
 30
0.0
 40
40.0
  1
E
 11
-220.0
 21
6330.0
 31
0.0
100
AcDbText
  0
LINE
  5
E7
330
17
100
AcDbEntity
  8
AXIS
100
AcDbLine
 10
2720.0
 20
4000.0
 30
0.0
 11
2720.0
 21
7040.0
 31
0.0
  0
LINE
  5
E8
330
17
100
AcDbEntity
  8
AXIS
100
AcDbLine
 10
-150.0
 20
6870.0
 30
0.0
 11
2890.0
 21
6870.0
 31
0.0
  0
TEXT
  5
E9
330
17
100
AcDbEntity
  8
AXIS
100
AcDbText
 10
2720.0
 20
7060.0
 30
0.0
 40
40.0
  1
6
 11
2720.0
 21
7060.0
 31
0.0
100
AcDbText
  0
TEXT
  5
EA
330
17
100
AcDbEntity
  8
AXIS
100
AcDbText
 10
-220.0
 20
6870.0
 30
0.0
 40
40.0
  1
F
 11
-220.0
 21
6870.0
 31
0.0
100
AcDbText
  0
LWPOLYLINE
  5
EB
330
17
100
AcDbEntity
  8
WALL
100
AcDbPolyline
 90
4
 70
1
 10
1087.5
 20
5237.5
 10
1652.5
 20
5237.5
 10
1652.5
 20
5802.5
 10
1087.5
 20
5802.5
  0
LWPOLYLINE
  5
EC
330
17
100
AcDbEntity
  8
WALL
100
AcDbPolyline
 90
4
 70
1
 10
1112.5
 20
5262.5
 10
1627.5
 20
5262.5
 10
1627.5
 20
5777.5
 10
1112.5
 20
5777.5
  0
LWPOLYLINE
  5
ED
330
17
100
AcDbEntity
  8
OPENING
100
AcDbPolyline
 90
4
 70
1
 10
1130.0
 20
5280.0
 10
1400.0
 20
5280.0
 10
1400.0
 20
5760.0
 10
1130.0
 20
5760.0
  0
LWPOLYLINE
  5
EE
330
17
100
AcDbEntity
  8
WALL
100
AcDbPolyline
 90
4
 70
1
 10
0.0
 20
5250.0
 10
35.0
 20
5250.0
 10
35.0
 20
5790.0
 10
0.0
 20
5790.0
  0
LWPOLYLINE
  5
EF
330
17
100
AcDbEntity
  8
WALL
100
AcDbPolyline
 90
4
 70
1
 10
1100.0
 20
4150.0
 10
1640.0
 20
4150.0
 10
1640.0
 20
4185.0
 10
1100.0
 20
4185.0
  0
LWPOLYLINE
  5
F0
330
17
100
AcDbEntity
  8
WALL
100
AcDbPolyline
 90
4
 70
1
 10
2162.5
 20
4830.0
 10
2197.5
 20
4830.0
 10
2197.5
 20
5080.0
 10
2162.5
 20
5080.0
  0
LWPOLYLINE
  5
F1
330
17
100
AcDbEntity
  8
OPENING
100
AcDbPolyline
 90
4
 70
1
 10
2230.0
 20
4760.0
 10
2330.0
 20
4760.0
 10
2330.0
 20
4880.0
 10
2230.0
 20
4880.0
  0
LWPOLYLINE
  5
F2
330
17
100
AcDbEntity
  8
COLUMN
100
AcDbPolyline
 90
4
 70
1
 10
0.0
 20
4150.0
 10
40.0
 20
4150.0
 10
40.0
 20
4190.0
 10
0.0
 20
4190.0
  0
LWPOLYLINE
  5
F3
330
17
100
AcDbEntity
  8
COLUMN
100
AcDbPolyline
 90
4
 70
1
 10
0.0
 20
4690.0
 10
40.0
 20
4690.0
 10
40.0
 20
4730.0
 10
0.0
 20
4730.0
  0
LWPOLYLINE
  5
F4
330
17
100
AcDbEntity
  8
COLUMN
100
AcDbPolyline
 90
4
 70
1
 10
0.0
 20
5230.0
 10
40.0
 20
5230.0
 10
40.0
 20
5270.0
 10
0.0
 20
5270.0
  0
LWPOLYLINE
  5
F5
330
17
100
AcDbEntity
  8
COLUMN
100
AcDbPolyline
 90
4
 70
1
 10
0.0
 20
5770.0
 10
40.0
 20
5770.0
 10
40.0
 20
5810.0
 10
0.0
 20
5810.0
  0
LWPOLYLINE
  5
F6
330
17
100
AcDbEntity
  8
COLUMN
100
AcDbPolyline
 90
4
 70
1
 10
0.0
 20
6310.0
 10
40.0
 20
6310.0
 10
40.0
 20
6350.0
 10
0.0
 20
6350.0
  0
LWPOLYLINE
  5
F7
330
17
100
AcDbEntity
  8
COLUMN
100
AcDbPolyline
 90
4
 70
1
 10
0.0
 20
6850.0
 10
40.0
 20
6850.0
 10
40.0
 20
6890.0
 10
0.0
 20
6890.0
  0
LWPOLYLINE
  5
F8
330
17
100
AcDbEntity
  8
COLUMN
100
AcDbPolyline
 90
4
 70
1
 10
540.0
 20
4150.0
 10
580.0
 20
4150.0
 10
580.0
 20
4190.0
 10
540.0
 20
4190.0
  0
LWPOLYLINE
  5
F9
330
17
100
AcDbEntity
  8
COLUMN
100
AcDbPolyline
 90
4
 70
1
 10
540.0
 20
4690.0
 10
580.0
 20
4690.0
 10
580.0
 20
4730.0
 10
540.0
 20
4730.0
  0
LWPOLYLINE
  5
FA
330
17
100
AcDbEntity
  8
COLUMN
100
AcDbPolyline
 90
4
 70
1
 10
540.0
 20
5230.0
 10
580.0
 20
5230.0
 10
580.0
 20
5270.0
 10
540.0
 20
5270.0
  0
CIRCLE
  5
FB
330
17
100
AcDbEntity
  8
COLUMN
100
AcDbCircle
 10
560.0
 20
5790.0
 30
0.0
 40
22.5
  0
LWPOLYLINE
  5
FC
330
17
100
AcDbEntity
  8
COLUMN
100
AcDbPolyline
 90
4
 70
1
 10
540.0
 20
6310.0
 10
580.0
 20
6310.0
 10
580.0
 20
6350.0
 10
540.0
 20
6350.0
  0
LWPOLYLINE
  5
FD
330
17
100
AcDbEntity
  8
COLUMN
100
AcDbPolyline
 90
4
 70
1
 10
540.0
 20
6850.0
 10
580.0
 20
6850.0
 10
580.0
 20
6890.0
 10
540.0
 20
6890.0
  0
LWPOLYLINE
  5
FE
330
17
100
AcDbEntity
  8
COLUMN
100
AcDbPolyline
 90
4
 70
1
 10
1080.0
 20
4150.0
 10
1120.0
 20
4150.0
 10
1120.0
 20
4190.0
 10
1080.0
 20
4190.0
  0
LWPOLYLINE
  5
FF
330
17
100
AcDbEntity
  8
COLUMN
100
AcDbPolyline
 90
4
 70
1
 10
1080.0
 20
4690.0
 10
1120.0
 20
4690.0
 10
1120.0
 20
4730.0
 10
1080.0
 20
4730.0
  0
LWPOLYLINE
  5
100
330
17
100
AcDbEntity
  8
COLUMN
100
AcDbPolyline
 90
4
 70
1
 10
1080.0
 20
6310.0
 10
1120.0
 20
6310.0
 10
1120.0
 20
6350.0
 10
1080.0
 20
6350.0
  0
LWPOLYLINE
  5
101
330
17
100
AcDbEntity
  8
COLUMN
100
AcDbPolyline
 90
4
 70
1
 10
1080.0
 20
6850.0
 10
1120.0
 20
6850.0
 10
1120.0
 20
6890.0
 10
1080.0
 20
6890.0
  0
LWPOLYLINE
  5
102
330
17
100
AcDbEntity
  8
COLUMN
100
AcDbPolyline
 90
4
 70
1
 10
1620.0
 20
4150.0
 10
1660.0
 20
4150.0
 10
1660.0
 20
4190.0
 10
1620.0
 20
4190.0
  0
LWPOLYLINE
  5
103
330
17
100
AcDbEntity
  8
COLUMN
100
AcDbPolyline
 90
4
 70
1
 10
1620.0
 20
4690.0
 10
1660.0
 20
4690.0
 10
1660.0
 20
4730.0
 10
1620.0
 20
4730.0
  0
LWPOLYLINE
  5
104
330
17
100
AcDbEntity
  8
COLUMN
100
AcDbPolyline
 90
4
 70
1
 10
1620.0
 20
6310.0
 10
1660.0
 20
6310.0
 10
1660.0
 20
6350.0
 10
1620.0
 20
6350.0
  0
LWPOLYLINE
  5
105
330
17
100
AcDbEntity
  8
COLUMN
100
AcDbPolyline
 90
4
 70
1
 10
1620.0
 20
6850.0
 10
1660.0
 20
6850.0
 10
1660.0
 20
6890.0
 10
1620.0
 20
6890.0
  0
LWPOLYLINE
  5
106
330
17
100
AcDbEntity
  8
COLUMN
100
AcDbPolyline
 90
4
 70
1
 10
2160.0
 20
4150.0
 10
2200.0
 20
4150.0
 10
2200.0
 20
4190.0
 10
2160.0
 20
4190.0
  0
LWPOLYLINE
  5
107
330
17
100
AcDbEntity
  8
COLUMN
100
AcDbPolyline
 90
4
 70
1
 10
2160.0
 20
4690.0
 10
2200.0
 20
4690.0
 10
2200.0
 20
4730.0
 10
2160.0
 20
4730.0
  0
CIRCLE
  5
108
330
17
100
AcDbEntity
  8
COLUMN
100
AcDbCircle
 10
2180.0
 20
5250.0
 30
0.0
 40
22.5
  0
LWPOLYLINE
  5
109
330
17
100
AcDbEntity
  8
COLUMN
100
AcDbPolyline
 90
4
 70
1
 10
2160.0
 20
5770.0
 10
2200.0
 20
5770.0
 10
2200.0
 20
5810.0
 10
2160.0
 20
5810.0
  0
LWPOLYLINE
  5
10A
330
17
100
AcDbEntity
  8
COLUMN
100
AcDbPolyline
 90
4
 70
1
 10
2160.0
 20
6310.0
 10
2200.0
 20
6310.0
 10
2200.0
 20
6350.0
 10
2160.0
 20
6350.0
  0
LWPOLYLINE
  5
10B
330
17
100
AcDbEntity
  8
COLUMN
100
AcDbPolyline
 90
4
 70
1
 10
2160.0
 20
6850.0
 10
2200.0
 20
6850.0
 10
2200.0
 20
6890.0
 10
2160.0
 20
6890.0
  0
LWPOLYLINE
  5
10C
330
17
100
AcDbEntity
  8
COLUMN
100
AcDbPolyline
 90
4
 70
1
 10
2700.0
 20
4150.0
 10
2740.0
 20
4150.0
 10
2740.0
 20
4190.0
 10
2700.0
 20
4190.0
  0
LWPOLYLINE
  5
10D
330
17
100
AcDbEntity
  8
COLUMN
100
AcDbPolyline
 90
4
 70
1
 10
2700.0
 20
4690.0
 10
2740.0
 20
4690.0
 10
2740.0
 20
4730.0
 10
2700.0
 20
4730.0
  0
LWPOLYLINE
  5
10E
330
17
100
AcDbEntity
  8
COLUMN
100
AcDbPolyline
 90
4
 70
1
 10
2700.0
 20
5230.0
 10
2740.0
 20
5230.0
 10
2740.0
 20
5270.0
 10
2700.0
 20
5270.0
  0
LWPOLYLINE
  5
10F
330
17
100
AcDbEntity
  8
COLUMN
100
AcDbPolyline
 90
4
 70
1
 10
2700.0
 20
5770.0
 10
2740.0
 20
5770.0
 10
2740.0
 20
5810.0
 10
2700.0
 20
5810.0
  0
LWPOLYLINE
  5
110
330
17
100
AcDbEntity
  8
COLUMN
100
AcDbPolyline
 90
4
 70
1
 10
2700.0
 20
6310.0
 10
2740.0
 20
6310.0
 10
2740.0
 20
6350.0
 10
2700.0
 20
6350.0
  0
LWPOLYLINE
  5
111
330
17
100
AcDbEntity
  8
COLUMN
100
AcDbPolyline
 90
4
 70
1
 10
2700.0
 20
6850.0
 10
2740.0
 20
6850.0
 10
2740.0
 20
6890.0
 10
2700.0
 20
6890.0
  0
HATCH
  5
11A
330
17
100
AcDbEntity
  8
FW_WALL_HATCH
 62
7
100
AcDbHatch
 10
0.0
 20
0.0
 30
0.0
210
0.0
220
0.0
230
1.0
  2
ANSI37
 70
0
 71
0
 91
1
 92
3
 72
0
 73
1
 93
5
 10
1640.0
 20
4150.0
 10
1100.0
 20
4150.0
 10
1100.0
 20
4185.0
 10
1640.0
 20
4185.0
 10
1640.0
 20
4150.0
 97
0
 75
1
 76
1
 52
0.0
 41
3.2
 77
0
 78
2
 53
45.0
 43
0.0
 44
0.0
 45
-7.184204897
 46
7.184204897
 79
0
 53
135.0
 43
0.0
 44
0.0
 45
-7.184204897
 46
-7.184204897
 79
0
 98
0
  0
HATCH
  5
11B
330
17
100
AcDbEntity
  8
FW_WALL_HATCH
 62
7
100
AcDbHatch
 10
0.0
 20
0.0
 30
0.0
210
0.0
220
0.0
230
1.0
  2
ANSI37
 70
0
 71
0
 91
1
 92
3
 72
0
 73
1
 93
5
 10
2197.5
 20
4830.0
 10
2162.5
 20
4830.0
 10
2162.5
 20
5080.0
 10
2197.5
 20
5080.0
 10
2197.5
 20
4830.0
 97
0
 75
1
 76
1
 52
0.0
 41
3.2
 77
0
 78
2
 53
45.0
 43
0.0
 44
0.0
 45
-7.184204897
 46
7.184204897
 79
0
 53
135.0
 43
0.0
 44
0.0
 45
-7.184204897
 46
-7.184204897
 79
0
 98
0
  0
HATCH
  5
11C
330
17
100
AcDbEntity
  8
FW_WALL_HATCH
 62
7
100
AcDbHatch
 10
0.0
 20
0.0
 30
0.0
210
0.0
220
0.0
230
1.0
  2
ANSI37
 70
0
 71
0
 91
1
 92
3
 72
0
 73
1
 93
5
 10
35.0
 20
5250.0
 10
0.0
 20
5250.0
 10
0.0
 20
5790.0
 10
35.0
 20
5790.0
 10
35.0
 20
5250.0
 97
0
 75
1
 76
1
 52
0.0
 41
3.2
 77
0
 78
2
 53
45.0
 43
0.0
 44
0.0
 45
-7.184204897
 46
7.184204897
 79
0
 53
135.0
 43
0.0
 44
0.0
 45
-7.184204897
 46
-7.184204897
 79
0
 98
0
  0
HATCH
  5
11D
330
17
100
AcDbEntity
  8
FW_WALL_HATCH
 62
7
100
AcDbHatch
 10
0.0
 20
0.0
 30
0.0
210
0.0
220
0.0
230
1.0
  2
ANSI37
 70
0
 71
0
 91
2
 92
3
 72
0
 73
1
 93
5
 10
1652.5
 20
5237.5
 10
1087.5
 20
5237.5
 10
1087.5
 20
5802.5
 10
1652.5
 20
5802.5
 10
1652.5
 20
5237.5
 97
0
 92
2
 72
0
 73
1
 93
5
 10
1627.5
 20
5262.5
 10
1627.5
 20
5777.5
 10
1112.5
 20
5777.5
 10
1112.5
 20
5262.5
 10
1627.5
 20
5262.5
 97
0
 75
1
 76
1
 52
0.0
 41
3.2
 77
0
 78
2
 53
45.0
 43
0.0
 44
0.0
 45
-7.184204897
 46
7.184204897
 79
0
 53
135.0
 43
0.0
 44
0.0
 45
-7.184204897
 46
-7.184204897
 79
0
 98
0
  0
TEXT
  5
11E
330
17
100
AcDbEntity
  8
FW_TEXT
 62
7
100
AcDbText
 10
1370.0
 20
5816.0
 30
0.0
 40
15.0
  1
SW1 565/25
  7
REBAR_TXT
 72
1
 11
1370.0
 21
5816.0
 31
0.0
100
AcDbText
 73
1
  0
TEXT
  5
11F
330
17
100
AcDbEntity
  8
FW_TEXT
 62
7
100
AcDbText
 10
48.5
 20
5520.0
 30
0.0
 40
15.0
  1
SW2 540/35
 50
90.0
  7
REBAR_TXT
 72
1
 11
48.5
 21
5520.0
 31
0.0
100
AcDbText
 73
3
  0
TEXT
  5
120
330
17
100
AcDbEntity
  8
FW_TEXT
 62
7
100
AcDbText
 10
1074.0
 20
5520.0
 30
0.0
 40
15.0
  1
SW3 515/25
 50
90.0
  7
REBAR_TXT
 72
1
 11
1074.0
 21
5520.0
 31
0.0
100
AcDbText
 73
1
  0
TEXT
  5
121
330
17
100
AcDbEntity
  8
FW_TEXT
 62
7
100
AcDbText
 10
1666.0
 20
5520.0
 30
0.0
 40
15.0
  1
SW4 515/25
 50
90.0
  7
REBAR_TXT
 72
1
 11
1666.0
 21
5520.0
 31
0.0
100
AcDbText
 73
3
  0
TEXT
  5
122
330
17
100
AcDbEntity
  8
FW_TEXT
 62
7
100
AcDbText
 10
1370.0
 20
5224.0
 30
0.0
 40
15.0
  1
SW5 565/25
  7
REBAR_TXT
 72
1
 11
1370.0
 21
5224.0
 31
0.0
100
AcDbText
 73
3
  0
TEXT
  5
123
330
17
100
AcDbEntity
  8
FW_TEXT
 62
7
100
AcDbText
 10
2211.0
 20
4955.0
 30
0.0
 40
15.0
  1
SW6 250/35
 50
90.0
  7
REBAR_TXT
 72
1
 11
2211.0
 21
4955.0
 31
0.0
100
AcDbText
 73
3
  0
TEXT
  5
124
330
17
100
AcDbEntity
  8
FW_TEXT
 62
7
100
AcDbText
 10
1370.0
 20
4198.5
 30
0.0
 40
15.0
  1
SW7 540/35
  7
REBAR_TXT
 72
1
 11
1370.0
 21
4198.5
 31
0.0
100
AcDbText
 73
1
  0
HATCH
  5
125
330
17
100
AcDbEntity
  8
FW_COLUMN_HATCH
 62
7
100
AcDbHatch
 10
0.0
 20
0.0
 30
0.0
210
0.0
220
0.0
230
1.0
  2
ANSI37
 70
0
 71
0
 91
1
 92
3
 72
0
 73
1
 93
5
 10
0.0
 20
6850.0
 10
0.0
 20
6890.0
 10
40.0
 20
6890.0
 10
40.0
 20
6850.0
 10
0.0
 20
6850.0
 97
0
 75
1
 76
1
 52
0.0
 41
1.6
 77
0
 78
2
 53
45.0
 43
0.0
 44
0.0
 45
-3.5921024485
 46
3.5921024485
 79
0
 53
135.0
 43
0.0
 44
0.0
 45
-3.5921024485
 46
-3.5921024485
 79
0
 98
0
  0
TEXT
  5
126
330
17
100
AcDbEntity
  8
FW_TEXT
 62
7
100
AcDbText
 10
20.0
 20
6842.5
 30
0.0
 40
13.5
  1
C1-40/40
  7
REBAR_TXT
 72
1
 11
20.0
 21
6842.5
 31
0.0
100
AcDbText
 73
3
  0
HATCH
  5
127
330
17
100
AcDbEntity
  8
FW_COLUMN_HATCH
 62
7
100
AcDbHatch
 10
0.0
 20
0.0
 30
0.0
210
0.0
220
0.0
230
1.0
  2
ANSI37
 70
0
 71
0
 91
1
 92
3
 72
0
 73
1
 93
5
 10
540.0
 20
6850.0
 10
540.0
 20
6890.0
 10
580.0
 20
6890.0
 10
580.0
 20
6850.0
 10
540.0
 20
6850.0
 97
0
 75
1
 76
1
 52
0.0
 41
1.6
 77
0
 78
2
 53
45.0
 43
0.0
 44
0.0
 45
-3.5921024485
 46
3.5921024485
 79
0
 53
135.0
 43
0.0
 44
0.0
 45
-3.5921024485
 46
-3.5921024485
 79
0
 98
0
  0
TEXT
  5
128
330
17
100
AcDbEntity
  8
FW_TEXT
 62
7
100
AcDbText
 10
560.0
 20
6842.5
 30
0.0
 40
13.5
  1
C2-40/40
  7
REBAR_TXT
 72
1
 11
560.0
 21
6842.5
 31
0.0
100
AcDbText
 73
3
  0
HATCH
  5
129
330
17
100
AcDbEntity
  8
FW_COLUMN_HATCH
 62
7
100
AcDbHatch
 10
0.0
 20
0.0
 30
0.0
210
0.0
220
0.0
230
1.0
  2
ANSI37
 70
0
 71
0
 91
1
 92
3
 72
0
 73
1
 93
5
 10
1080.0
 20
6850.0
 10
1080.0
 20
6890.0
 10
1120.0
 20
6890.0
 10
1120.0
 20
6850.0
 10
1080.0
 20
6850.0
 97
0
 75
1
 76
1
 52
0.0
 41
1.6
 77
0
 78
2
 53
45.0
 43
0.0
 44
0.0
 45
-3.5921024485
 46
3.5921024485
 79
0
 53
135.0
 43
0.0
 44
0.0
 45
-3.5921024485
 46
-3.5921024485
 79
0
 98
0
  0
TEXT
  5
12A
330
17
100
AcDbEntity
  8
FW_TEXT
 62
7
100
AcDbText
 10
1100.0
 20
6842.5
 30
0.0
 40
13.5
  1
C3-40/40
  7
REBAR_TXT
 72
1
 11
1100.0
 21
6842.5
 31
0.0
100
AcDbText
 73
3
  0
HATCH
  5
12B
330
17
100
AcDbEntity
  8
FW_COLUMN_HATCH
 62
7
100
AcDbHatch
 10
0.0
 20
0.0
 30
0.0
210
0.0
220
0.0
230
1.0
  2
ANSI37
 70
0
 71
0
 91
1
 92
3
 72
0
 73
1
 93
5
 10
1620.0
 20
6850.0
 10
1620.0
 20
6890.0
 10
1660.0
 20
6890.0
 10
1660.0
 20
6850.0
 10
1620.0
 20
6850.0
 97
0
 75
1
 76
1
 52
0.0
 41
1.6
 77
0
 78
2
 53
45.0
 43
0.0
 44
0.0
 45
-3.5921024485
 46
3.5921024485
 79
0
 53
135.0
 43
0.0
 44
0.0
 45
-3.5921024485
 46
-3.5921024485
 79
0
 98
0
  0
TEXT
  5
12C
330
17
100
AcDbEntity
  8
FW_TEXT
 62
7
100
AcDbText
 10
1640.0
 20
6842.5
 30
0.0
 40
13.5
  1
C4-40/40
  7
REBAR_TXT
 72
1
 11
1640.0
 21
6842.5
 31
0.0
100
AcDbText
 73
3
  0
HATCH
  5
12D
330
17
100
AcDbEntity
  8
FW_COLUMN_HATCH
 62
7
100
AcDbHatch
 10
0.0
 20
0.0
 30
0.0
210
0.0
220
0.0
230
1.0
  2
ANSI37
 70
0
 71
0
 91
1
 92
3
 72
0
 73
1
 93
5
 10
2160.0
 20
6850.0
 10
2160.0
 20
6890.0
 10
2200.0
 20
6890.0
 10
2200.0
 20
6850.0
 10
2160.0
 20
6850.0
 97
0
 75
1
 76
1
 52
0.0
 41
1.6
 77
0
 78
2
 53
45.0
 43
0.0
 44
0.0
 45
-3.5921024485
 46
3.5921024485
 79
0
 53
135.0
 43
0.0
 44
0.0
 45
-3.5921024485
 46
-3.5921024485
 79
0
 98
0
  0
TEXT
  5
12E
330
17
100
AcDbEntity
  8
FW_TEXT
 62
7
100
AcDbText
 10
2180.0
 20
6842.5
 30
0.0
 40
13.5
  1
C5-40/40
  7
REBAR_TXT
 72
1
 11
2180.0
 21
6842.5
 31
0.0
100
AcDbText
 73
3
  0
HATCH
  5
12F
330
17
100
AcDbEntity
  8
FW_COLUMN_HATCH
 62
7
100
AcDbHatch
 10
0.0
 20
0.0
 30
0.0
210
0.0
220
0.0
230
1.0
  2
ANSI37
 70
0
 71
0
 91
1
 92
3
 72
0
 73
1
 93
5
 10
2700.0
 20
6850.0
 10
2700.0
 20
6890.0
 10
2740.0
 20
6890.0
 10
2740.0
 20
6850.0
 10
2700.0
 20
6850.0
 97
0
 75
1
 76
1
 52
0.0
 41
1.6
 77
0
 78
2
 53
45.0
 43
0.0
 44
0.0
 45
-3.5921024485
 46
3.5921024485
 79
0
 53
135.0
 43
0.0
 44
0.0
 45
-3.5921024485
 46
-3.5921024485
 79
0
 98
0
  0
TEXT
  5
130
330
17
100
AcDbEntity
  8
FW_TEXT
 62
7
100
AcDbText
 10
2720.0
 20
6842.5
 30
0.0
 40
13.5
  1
C6-40/40
  7
REBAR_TXT
 72
1
 11
2720.0
 21
6842.5
 31
0.0
100
AcDbText
 73
3
  0
HATCH
  5
131
330
17
100
AcDbEntity
  8
FW_COLUMN_HATCH
 62
7
100
AcDbHatch
 10
0.0
 20
0.0
 30
0.0
210
0.0
220
0.0
230
1.0
  2
ANSI37
 70
0
 71
0
 91
1
 92
3
 72
0
 73
1
 93
5
 10
0.0
 20
6310.0
 10
0.0
 20
6350.0
 10
40.0
 20
6350.0
 10
40.0
 20
6310.0
 10
0.0
 20
6310.0
 97
0
 75
1
 76
1
 52
0.0
 41
1.6
 77
0
 78
2
 53
45.0
 43
0.0
 44
0.0
 45
-3.5921024485
 46
3.5921024485
 79
0
 53
135.0
 43
0.0
 44
0.0
 45
-3.5921024485
 46
-3.5921024485
 79
0
 98
0
  0
TEXT
  5
132
330
17
100
AcDbEntity
  8
FW_TEXT
 62
7
100
AcDbText
 10
20.0
 20
6302.5
 30
0.0
 40
13.5
  1
C7-40/40
  7
REBAR_TXT
 72
1
 11
20.0
 21
6302.5
 31
0.0
100
AcDbText
 73
3
  0
HATCH
  5
133
330
17
100
AcDbEntity
  8
FW_COLUMN_HATCH
 62
7
100
AcDbHatch
 10
0.0
 20
0.0
 30
0.0
210
0.0
220
0.0
230
1.0
  2
ANSI37
 70
0
 71
0
 91
1
 92
3
 72
0
 73
1
 93
5
 10
540.0
 20
6310.0
 10
540.0
 20
6350.0
 10
580.0
 20
6350.0
 10
580.0
 20
6310.0
 10
540.0
 20
6310.0
 97
0
 75
1
 76
1
 52
0.0
 41
1.6
 77
0
 78
2
 53
45.0
 43
0.0
 44
0.0
 45
-3.5921024485
 46
3.5921024485
 79
0
 53
135.0
 43
0.0
 44
0.0
 45
-3.5921024485
 46
-3.5921024485
 79
0
 98
0
  0
TEXT
  5
134
330
17
100
AcDbEntity
  8
FW_TEXT
 62
7
100
AcDbText
 10
560.0
 20
6302.5
 30
0.0
 40
13.5
  1
C8-40/40
  7
REBAR_TXT
 72
1
 11
560.0
 21
6302.5
 31
0.0
100
AcDbText
 73
3
  0
HATCH
  5
135
330
17
100
AcDbEntity
  8
FW_COLUMN_HATCH
 62
7
100
AcDbHatch
 10
0.0
 20
0.0
 30
0.0
210
0.0
220
0.0
230
1.0
  2
ANSI37
 70
0
 71
0
 91
1
 92
3
 72
0
 73
1
 93
5
 10
1080.0
 20
6310.0
 10
1080.0
 20
6350.0
 10
1120.0
 20
6350.0
 10
1120.0
 20
6310.0
 10
1080.0
 20
6310.0
 97
0
 75
1
 76
1
 52
0.0
 41
1.6
 77
0
 78
2
 53
45.0
 43
0.0
 44
0.0
 45
-3.5921024485
 46
3.5921024485
 79
0
 53
135.0
 43
0.0
 44
0.0
 45
-3.5921024485
 46
-3.5921024485
 79
0
 98
0
  0
TEXT
  5
136
330
17
100
AcDbEntity
  8
FW_TEXT
 62
7
100
AcDbText
 10
1100.0
 20
6302.5
 30
0.0
 40
13.5
  1
C9-40/40
  7
REBAR_TXT
 72
1
 11
1100.0
 21
6302.5
 31
0.0
100
AcDbText
 73
3
  0
HATCH
  5
137
330
17
100
AcDbEntity
  8
FW_COLUMN_HATCH
 62
7
100
AcDbHatch
 10
0.0
 20
0.0
 30
0.0
210
0.0
220
0.0
230
1.0
  2
ANSI37
 70
0
 71
0
 91
1
 92
3
 72
0
 73
1
 93
5
 10
1620.0
 20
6310.0
 10
1620.0
 20
6350.0
 10
1660.0
 20
6350.0
 10
1660.0
 20
6310.0
 10
1620.0
 20
6310.0
 97
0
 75
1
 76
1
 52
0.0
 41
1.6
 77
0
 78
2
 53
45.0
 43
0.0
 44
0.0
 45
-3.5921024485
 46
3.5921024485
 79
0
 53
135.0
 43
0.0
 44
0.0
 45
-3.5921024485
 46
-3.5921024485
 79
0
 98
0
  0
TEXT
  5
138
330
17
100
AcDbEntity
  8
FW_TEXT
 62
7
100
AcDbText
 10
1640.0
 20
6302.5
 30
0.0
 40
13.5
  1
C10-40/40
  7
REBAR_TXT
 72
1
 11
1640.0
 21
6302.5
 31
0.0
100
AcDbText
 73
3
  0
HATCH
  5
139
330
17
100
AcDbEntity
  8
FW_COLUMN_HATCH
 62
7
100
AcDbHatch
 10
0.0
 20
0.0
 30
0.0
210
0.0
220
0.0
230
1.0
  2
ANSI37
 70
0
 71
0
 91
1
 92
3
 72
0
 73
1
 93
5
 10
2160.0
 20
6310.0
 10
2160.0
 20
6350.0
 10
2200.0
 20
6350.0
 10
2200.0
 20
6310.0
 10
2160.0
 20
6310.0
 97
0
 75
1
 76
1
 52
0.0
 41
1.6
 77
0
 78
2
 53
45.0
 43
0.0
 44
0.0
 45
-3.5921024485
 46
3.5921024485
 79
0
 53
135.0
 43
0.0
 44
0.0
 45
-3.5921024485
 46
-3.5921024485
 79
0
 98
0
  0
TEXT
  5
13A
330
17
100
AcDbEntity
  8
FW_TEXT
 62
7
100
AcDbText
 10
2180.0
 20
6302.5
 30
0.0
 40
13.5
  1
C11-40/40
  7
REBAR_TXT
 72
1
 11
2180.0
 21
6302.5
 31
0.0
100
AcDbText
 73
3
  0
HATCH
  5
13B
330
17
100
AcDbEntity
  8
FW_COLUMN_HATCH
 62
7
100
AcDbHatch
 10
0.0
 20
0.0
 30
0.0
210
0.0
220
0.0
230
1.0
  2
ANSI37
 70
0
 71
0
 91
1
 92
3
 72
0
 73
1
 93
5
 10
2700.0
 20
6310.0
 10
2700.0
 20
6350.0
 10
2740.0
 20
6350.0
 10
2740.0
 20
6310.0
 10
2700.0
 20
6310.0
 97
0
 75
1
 76
1
 52
0.0
 41
1.6
 77
0
 78
2
 53
45.0
 43
0.0
 44
0.0
 45
-3.5921024485
 46
3.5921024485
 79
0
 53
135.0
 43
0.0
 44
0.0
 45
-3.5921024485
 46
-3.5921024485
 79
0
 98
0
  0
TEXT
  5
13C
330
17
100
AcDbEntity
  8
FW_TEXT
 62
7
100
AcDbText
 10
2720.0
 20
6302.5
 30
0.0
 40
13.5
  1
C12-40/40
  7
REBAR_TXT
 72
1
 11
2720.0
 21
6302.5
 31
0.0
100
AcDbText
 73
3
  0
HATCH
  5
13D
330
17
100
AcDbEntity
  8
FW_COLUMN_HATCH
 62
7
100
AcDbHatch
 10
0.0
 20
0.0
 30
0.0
210
0.0
220
0.0
230
1.0
  2
ANSI37
 70
0
 71
0
 91
1
 92
3
 72
0
 73
1
 93
5
 10
0.0
 20
5770.0
 10
0.0
 20
5810.0
 10
40.0
 20
5810.0
 10
40.0
 20
5770.0
 10
0.0
 20
5770.0
 97
0
 75
1
 76
1
 52
0.0
 41
1.6
 77
0
 78
2
 53
45.0
 43
0.0
 44
0.0
 45
-3.5921024485
 46
3.5921024485
 79
0
 53
135.0
 43
0.0
 44
0.0
 45
-3.5921024485
 46
-3.5921024485
 79
0
 98
0
  0
TEXT
  5
13E
330
17
100
AcDbEntity
  8
FW_TEXT
 62
7
100
AcDbText
 10
20.0
 20
5762.5
 30
0.0
 40
13.5
  1
C13-40/40
  7
REBAR_TXT
 72
1
 11
20.0
 21
5762.5
 31
0.0
100
AcDbText
 73
3
  0
HATCH
  5
13F
330
17
100
AcDbEntity
  8
FW_COLUMN_HATCH
 62
7
100
AcDbHatch
 10
0.0
 20
0.0
 30
0.0
210
0.0
220
0.0
230
1.0
  2
ANSI37
 70
0
 71
0
 91
1
 92
3
 72
0
 73
1
 93
65
 10
582.5
 20
5790.0
 10
582.3838350364267
 20
5787.699505703599
 10
582.0428799693262
 20
5785.4654652147165
 10
581.4884445341281
 20
5783.309188268779
 10
580.7318384662615
 20
5781.241984601215
 10
579.7843715011558
 20
5779.275163947457
 10
578.6573533742403
 20
5777.420036042933
 10
577.3620938209443
 20
5775.687910623072
 10
575.9099025766973
 20
5774.090097423303
 10
574.3120893769285
 20
5772.637906179056
 10
572.5799639570672
 20
5771.34264662576
 10
570.7248360525427
 20
5770.215628498844
 10
568.7580153987844
 20
5769.268161533739
 10
566.6908117312217
 20
5768.511555465871
 10
564.5345347852839
 20
5767.957120030674
 10
562.3004942964002
 20
5767.616164963573
 10
560.0
 20
5767.5
 10
557.6995057035998
 20
5767.616164963573
 10
555.4654652147161
 20
5767.957120030674
 10
553.3091882687783
 20
5768.511555465871
 10
551.2419846012156
 20
5769.268161533739
 10
549.2751639474573
 20
5770.215628498844
 10
547.4200360429328
 20
5771.34264662576
 10
545.6879106230715
 20
5772.637906179056
 10
544.0900974233027
 20
5774.090097423303
 10
542.6379061790557
 20
5775.687910623072
 10
541.3426466257597
 20
5777.420036042933
 10
540.2156284988442
 20
5779.275163947457
 10
539.2681615337385
 20
5781.241984601215
 10
538.5115554658719
 20
5783.309188268779
 10
537.9571200306738
 20
5785.4654652147165
 10
537.6161649635733
 20
5787.6995057036
 10
537.5
 20
5790.0
 10
537.6161649635733
 20
5792.300494296401
 10
537.9571200306738
 20
5794.5345347852835
 10
538.5115554658719
 20
5796.690811731221
 10
539.2681615337385
 20
5798.758015398785
 10
540.2156284988442
 20
5800.724836052543
 10
541.3426466257597
 20
5802.579963957067
 10
542.6379061790557
 20
5804.312089376928
 10
544.0900974233027
 20
5805.909902576697
 10
545.6879106230715
 20
5807.362093820944
 10
547.4200360429328
 20
5808.65735337424
 10
549.2751639474573
 20
5809.784371501156
 10
551.2419846012156
 20
5810.731838466262
 10
553.3091882687783
 20
5811.488444534129
 10
555.4654652147161
 20
5812.042879969326
 10
557.6995057035998
 20
5812.383835036427
 10
560.0
 20
5812.5
 10
562.3004942964002
 20
5812.383835036427
 10
564.5345347852839
 20
5812.042879969326
 10
566.6908117312217
 20
5811.488444534129
 10
568.7580153987844
 20
5810.731838466262
 10
570.7248360525427
 20
5809.784371501156
 10
572.5799639570672
 20
5808.65735337424
 10
574.3120893769285
 20
5807.362093820944
 10
575.9099025766973
 20
5805.909902576697
 10
577.3620938209443
 20
5804.312089376928
 10
578.6573533742403
 20
5802.579963957067
 10
579.7843715011558
 20
5800.724836052543
 10
580.7318384662615
 20
5798.758015398785
 10
581.4884445341281
 20
5796.690811731221
 10
582.0428799693262
 20
5794.5345347852835
 10
582.3838350364267
 20
5792.300494296401
 10
582.5
 20
5790.0
 97
0
 75
1
 76
1
 52
0.0
 41
1.6
 77
0
 78
2
 53
45.0
 43
0.0
 44
0.0
 45
-3.5921024485
 46
3.5921024485
 79
0
 53
135.0
 43
0.0
 44
0.0
 45
-3.5921024485
 46
-3.5921024485
 79
0
 98
0
  0
TEXT
  5
140
330
17
100
AcDbEntity
  8
FW_TEXT
 62
7
100
AcDbText
 10
559.9999999999998
 20
5759.999999999999
 30
0.0
 40
13.5
  1
C14-Ø45
  7
REBAR_TXT
 72
1
 11
559.9999999999998
 21
5759.999999999999
 31
0.0
100
AcDbText
 73
3
  0
HATCH
  5
141
330
17
100
AcDbEntity
  8
FW_COLUMN_HATCH
 62
7
100
AcDbHatch
 10
0.0
 20
0.0
 30
0.0
210
0.0
220
0.0
230
1.0
  2
ANSI37
 70
0
 71
0
 91
1
 92
3
 72
0
 73
1
 93
5
 10
2160.0
 20
5770.0
 10
2160.0
 20
5810.0
 10
2200.0
 20
5810.0
 10
2200.0
 20
5770.0
 10
2160.0
 20
5770.0
 97
0
 75
1
 76
1
 52
0.0
 41
1.6
 77
0
 78
2
 53
45.0
 43
0.0
 44
0.0
 45
-3.5921024485
 46
3.5921024485
 79
0
 53
135.0
 43
0.0
 44
0.0
 45
-3.5921024485
 46
-3.5921024485
 79
0
 98
0
  0
TEXT
  5
142
330
17
100
AcDbEntity
  8
FW_TEXT
 62
7
100
AcDbText
 10
2180.0
 20
5762.5
 30
0.0
 40
13.5
  1
C15-40/40
  7
REBAR_TXT
 72
1
 11
2180.0
 21
5762.5
 31
0.0
100
AcDbText
 73
3
  0
HATCH
  5
143
330
17
100
AcDbEntity
  8
FW_COLUMN_HATCH
 62
7
100
AcDbHatch
 10
0.0
 20
0.0
 30
0.0
210
0.0
220
0.0
230
1.0
  2
ANSI37
 70
0
 71
0
 91
1
 92
3
 72
0
 73
1
 93
5
 10
2700.0
 20
5770.0
 10
2700.0
 20
5810.0
 10
2740.0
 20
5810.0
 10
2740.0
 20
5770.0
 10
2700.0
 20
5770.0
 97
0
 75
1
 76
1
 52
0.0
 41
1.6
 77
0
 78
2
 53
45.0
 43
0.0
 44
0.0
 45
-3.5921024485
 46
3.5921024485
 79
0
 53
135.0
 43
0.0
 44
0.0
 45
-3.5921024485
 46
-3.5921024485
 79
0
 98
0
  0
TEXT
  5
144
330
17
100
AcDbEntity
  8
FW_TEXT
 62
7
100
AcDbText
 10
2720.0
 20
5762.5
 30
0.0
 40
13.5
  1
C16-40/40
  7
REBAR_TXT
 72
1
 11
2720.0
 21
5762.5
 31
0.0
100
AcDbText
 73
3
  0
HATCH
  5
145
330
17
100
AcDbEntity
  8
FW_COLUMN_HATCH
 62
7
100
AcDbHatch
 10
0.0
 20
0.0
 30
0.0
210
0.0
220
0.0
230
1.0
  2
ANSI37
 70
0
 71
0
 91
1
 92
3
 72
0
 73
1
 93
5
 10
0.0
 20
5230.0
 10
0.0
 20
5270.0
 10
40.0
 20
5270.0
 10
40.0
 20
5230.0
 10
0.0
 20
5230.0
 97
0
 75
1
 76
1
 52
0.0
 41
1.6
 77
0
 78
2
 53
45.0
 43
0.0
 44
0.0
 45
-3.5921024485
 46
3.5921024485
 79
0
 53
135.0
 43
0.0
 44
0.0
 45
-3.5921024485
 46
-3.5921024485
 79
0
 98
0
  0
TEXT
  5
146
330
17
100
AcDbEntity
  8
FW_TEXT
 62
7
100
AcDbText
 10
20.0
 20
5222.5
 30
0.0
 40
13.5
  1
C17-40/40
  7
REBAR_TXT
 72
1
 11
20.0
 21
5222.5
 31
0.0
100
AcDbText
 73
3
  0
HATCH
  5
147
330
17
100
AcDbEntity
  8
FW_COLUMN_HATCH
 62
7
100
AcDbHatch
 10
0.0
 20
0.0
 30
0.0
210
0.0
220
0.0
230
1.0
  2
ANSI37
 70
0
 71
0
 91
1
 92
3
 72
0
 73
1
 93
5
 10
540.0
 20
5230.0
 10
540.0
 20
5270.0
 10
580.0
 20
5270.0
 10
580.0
 20
5230.0
 10
540.0
 20
5230.0
 97
0
 75
1
 76
1
 52
0.0
 41
1.6
 77
0
 78
2
 53
45.0
 43
0.0
 44
0.0
 45
-3.5921024485
 46
3.5921024485
 79
0
 53
135.0
 43
0.0
 44
0.0
 45
-3.5921024485
 46
-3.5921024485
 79
0
 98
0
  0
TEXT
  5
148
330
17
100
AcDbEntity
  8
FW_TEXT
 62
7
100
AcDbText
 10
560.0
 20
5222.5
 30
0.0
 40
13.5
  1
C18-40/40
  7
REBAR_TXT
 72
1
 11
560.0
 21
5222.5
 31
0.0
100
AcDbText
 73
3
  0
HATCH
  5
149
330
17
100
AcDbEntity
  8
FW_COLUMN_HATCH
 62
7
100
AcDbHatch
 10
0.0
 20
0.0
 30
0.0
210
0.0
220
0.0
230
1.0
  2
ANSI37
 70
0
 71
0
 91
1
 92
3
 72
0
 73
1
 93
65
 10
2202.5
 20
5250.0
 10
2202.3838350364267
 20
5247.699505703599
 10
2202.0428799693263
 20
5245.4654652147165
 10
2201.488444534128
 20
5243.309188268779
 10
2200.7318384662613
 20
5241.241984601215
 10
2199.784371501156
 20
5239.275163947457
 10
2198.6573533742403
 20
5237.420036042933
 10
2197.362093820944
 20
5235.687910623072
 10
2195.9099025766973
 20
5234.090097423303
 10
2194.3120893769283
 20
5232.637906179056
 10
2192.5799639570673
 20
5231.34264662576
 10
2190.7248360525427
 20
5230.215628498844
 10
2188.7580153987847
 20
5229.268161533739
 10
2186.690811731222
 20
5228.511555465871
 10
2184.534534785284
 20
5227.957120030674
 10
2182.3004942964003
 20
5227.616164963573
 10
2180.0
 20
5227.5
 10
2177.6995057035997
 20
5227.616164963573
 10
2175.465465214716
 20
5227.957120030674
 10
2173.309188268778
 20
5228.511555465871
 10
2171.2419846012153
 20
5229.268161533739
 10
2169.2751639474573
 20
5230.215628498844
 10
2167.4200360429327
 20
5231.34264662576
 10
2165.6879106230717
 20
5232.637906179056
 10
2164.0900974233027
 20
5234.090097423303
 10
2162.637906179056
 20
5235.687910623072
 10
2161.3426466257597
 20
5237.420036042933
 10
2160.215628498844
 20
5239.275163947457
 10
2159.2681615337387
 20
5241.241984601215
 10
2158.511555465872
 20
5243.309188268779
 10
2157.9571200306737
 20
5245.4654652147165
 10
2157.6161649635733
 20
5247.6995057036
 10
2157.5
 20
5250.0
 10
2157.6161649635733
 20
5252.3004942964
 10
2157.9571200306737
 20
5254.5345347852835
 10
2158.511555465872
 20
5256.690811731221
 10
2159.2681615337387
 20
5258.758015398785
 10
2160.215628498844
 20
5260.724836052543
 10
2161.3426466257597
 20
5262.579963957067
 10
2162.637906179056
 20
5264.312089376928
 10
2164.0900974233027
 20
5265.909902576697
 10
2165.6879106230717
 20
5267.362093820944
 10
2167.4200360429327
 20
5268.65735337424
 10
2169.2751639474573
 20
5269.784371501156
 10
2171.2419846012153
 20
5270.731838466261
 10
2173.309188268778
 20
5271.488444534129
 10
2175.465465214716
 20
5272.042879969326
 10
2177.6995057035997
 20
5272.383835036427
 10
2180.0
 20
5272.5
 10
2182.3004942964003
 20
5272.383835036427
 10
2184.534534785284
 20
5272.042879969326
 10
2186.690811731222
 20
5271.488444534129
 10
2188.7580153987847
 20
5270.731838466261
 10
2190.7248360525427
 20
5269.784371501156
 10
2192.5799639570673
 20
5268.65735337424
 10
2194.3120893769283
 20
5267.362093820944
 10
2195.9099025766973
 20
5265.909902576697
 10
2197.362093820944
 20
5264.312089376928
 10
2198.6573533742403
 20
5262.579963957067
 10
2199.784371501156
 20
5260.724836052543
 10
2200.7318384662613
 20
5258.758015398785
 10
2201.488444534128
 20
5256.690811731221
 10
2202.0428799693263
 20
5254.5345347852835
 10
2202.3838350364267
 20
5252.3004942964
 10
2202.5
 20
5250.0
 97
0
 75
1
 76
1
 52
0.0
 41
1.6
 77
0
 78
2
 53
45.0
 43
0.0
 44
0.0
 45
-3.5921024485
 46
3.5921024485
 79
0
 53
135.0
 43
0.0
 44
0.0
 45
-3.5921024485
 46
-3.5921024485
 79
0
 98
0
  0
TEXT
  5
14A
330
17
100
AcDbEntity
  8
FW_TEXT
 62
7
100
AcDbText
 10
2180.0000000000005
 20
5220.0
 30
0.0
 40
13.5
  1
C19-Ø45
  7
REBAR_TXT
 72
1
 11
2180.0000000000005
 21
5220.0
 31
0.0
100
AcDbText
 73
3
  0
HATCH
  5
14B
330
17
100
AcDbEntity
  8
FW_COLUMN_HATCH
 62
7
100
AcDbHatch
 10
0.0
 20
0.0
 30
0.0
210
0.0
220
0.0
230
1.0
  2
ANSI37
 70
0
 71
0
 91
1
 92
3
 72
0
 73
1
 93
5
 10
2700.0
 20
5230.0
 10
2700.0
 20
5270.0
 10
2740.0
 20
5270.0
 10
2740.0
 20
5230.0
 10
2700.0
 20
5230.0
 97
0
 75
1
 76
1
 52
0.0
 41
1.6
 77
0
 78
2
 53
45.0
 43
0.0
 44
0.0
 45
-3.5921024485
 46
3.5921024485
 79
0
 53
135.0
 43
0.0
 44
0.0
 45
-3.5921024485
 46
-3.5921024485
 79
0
 98
0
  0
TEXT
  5
14C
330
17
100
AcDbEntity
  8
FW_TEXT
 62
7
100
AcDbText
 10
2720.0
 20
5222.5
 30
0.0
 40
13.5
  1
C20-40/40
  7
REBAR_TXT
 72
1
 11
2720.0
 21
5222.5
 31
0.0
100
AcDbText
 73
3
  0
HATCH
  5
14D
330
17
100
AcDbEntity
  8
FW_COLUMN_HATCH
 62
7
100
AcDbHatch
 10
0.0
 20
0.0
 30
0.0
210
0.0
220
0.0
230
1.0
  2
ANSI37
 70
0
 71
0
 91
1
 92
3
 72
0
 73
1
 93
5
 10
0.0
 20
4690.0
 10
0.0
 20
4730.0
 10
40.0
 20
4730.0
 10
40.0
 20
4690.0
 10
0.0
 20
4690.0
 97
0
 75
1
 76
1
 52
0.0
 41
1.6
 77
0
 78
2
 53
45.0
 43
0.0
 44
0.0
 45
-3.5921024485
 46
3.5921024485
 79
0
 53
135.0
 43
0.0
 44
0.0
 45
-3.5921024485
 46
-3.5921024485
 79
0
 98
0
  0
TEXT
  5
14E
330
17
100
AcDbEntity
  8
FW_TEXT
 62
7
100
AcDbText
 10
20.0
 20
4682.5
 30
0.0
 40
13.5
  1
C21-40/40
  7
REBAR_TXT
 72
1
 11
20.0
 21
4682.5
 31
0.0
100
AcDbText
 73
3
  0
HATCH
  5
14F
330
17
100
AcDbEntity
  8
FW_COLUMN_HATCH
 62
7
100
AcDbHatch
 10
0.0
 20
0.0
 30
0.0
210
0.0
220
0.0
230
1.0
  2
ANSI37
 70
0
 71
0
 91
1
 92
3
 72
0
 73
1
 93
5
 10
540.0
 20
4690.0
 10
540.0
 20
4730.0
 10
580.0
 20
4730.0
 10
580.0
 20
4690.0
 10
540.0
 20
4690.0
 97
0
 75
1
 76
1
 52
0.0
 41
1.6
 77
0
 78
2
 53
45.0
 43
0.0
 44
0.0
 45
-3.5921024485
 46
3.5921024485
 79
0
 53
135.0
 43
0.0
 44
0.0
 45
-3.5921024485
 46
-3.5921024485
 79
0
 98
0
  0
TEXT
  5
150
330
17
100
AcDbEntity
  8
FW_TEXT
 62
7
100
AcDbText
 10
560.0
 20
4682.5
 30
0.0
 40
13.5
  1
C22-40/40
  7
REBAR_TXT
 72
1
 11
560.0
 21
4682.5
 31
0.0
100
AcDbText
 73
3
  0
HATCH
  5
151
330
17
100
AcDbEntity
  8
FW_COLUMN_HATCH
 62
7
100
AcDbHatch
 10
0.0
 20
0.0
 30
0.0
210
0.0
220
0.0
230
1.0
  2
ANSI37
 70
0
 71
0
 91
1
 92
3
 72
0
 73
1
 93
5
 10
1080.0
 20
4690.0
 10
1080.0
 20
4730.0
 10
1120.0
 20
4730.0
 10
1120.0
 20
4690.0
 10
1080.0
 20
4690.0
 97
0
 75
1
 76
1
 52
0.0
 41
1.6
 77
0
 78
2
 53
45.0
 43
0.0
 44
0.0
 45
-3.5921024485
 46
3.5921024485
 79
0
 53
135.0
 43
0.0
 44
0.0
 45
-3.5921024485
 46
-3.5921024485
 79
0
 98
0
  0
TEXT
  5
152
330
17
100
AcDbEntity
  8
FW_TEXT
 62
7
100
AcDbText
 10
1100.0
 20
4682.5
 30
0.0
 40
13.5
  1
C23-40/40
  7
REBAR_TXT
 72
1
 11
1100.0
 21
4682.5
 31
0.0
100
AcDbText
 73
3
  0
HATCH
  5
153
330
17
100
AcDbEntity
  8
FW_COLUMN_HATCH
 62
7
100
AcDbHatch
 10
0.0
 20
0.0
 30
0.0
210
0.0
220
0.0
230
1.0
  2
ANSI37
 70
0
 71
0
 91
1
 92
3
 72
0
 73
1
 93
5
 10
1620.0
 20
4690.0
 10
1620.0
 20
4730.0
 10
1660.0
 20
4730.0
 10
1660.0
 20
4690.0
 10
1620.0
 20
4690.0
 97
0
 75
1
 76
1
 52
0.0
 41
1.6
 77
0
 78
2
 53
45.0
 43
0.0
 44
0.0
 45
-3.5921024485
 46
3.5921024485
 79
0
 53
135.0
 43
0.0
 44
0.0
 45
-3.5921024485
 46
-3.5921024485
 79
0
 98
0
  0
TEXT
  5
154
330
17
100
AcDbEntity
  8
FW_TEXT
 62
7
100
AcDbText
 10
1640.0
 20
4682.5
 30
0.0
 40
13.5
  1
C24-40/40
  7
REBAR_TXT
 72
1
 11
1640.0
 21
4682.5
 31
0.0
100
AcDbText
 73
3
  0
HATCH
  5
155
330
17
100
AcDbEntity
  8
FW_COLUMN_HATCH
 62
7
100
AcDbHatch
 10
0.0
 20
0.0
 30
0.0
210
0.0
220
0.0
230
1.0
  2
ANSI37
 70
0
 71
0
 91
1
 92
3
 72
0
 73
1
 93
5
 10
2160.0
 20
4690.0
 10
2160.0
 20
4730.0
 10
2200.0
 20
4730.0
 10
2200.0
 20
4690.0
 10
2160.0
 20
4690.0
 97
0
 75
1
 76
1
 52
0.0
 41
1.6
 77
0
 78
2
 53
45.0
 43
0.0
 44
0.0
 45
-3.5921024485
 46
3.5921024485
 79
0
 53
135.0
 43
0.0
 44
0.0
 45
-3.5921024485
 46
-3.5921024485
 79
0
 98
0
  0
TEXT
  5
156
330
17
100
AcDbEntity
  8
FW_TEXT
 62
7
100
AcDbText
 10
2180.0
 20
4682.5
 30
0.0
 40
13.5
  1
C25-40/40
  7
REBAR_TXT
 72
1
 11
2180.0
 21
4682.5
 31
0.0
100
AcDbText
 73
3
  0
HATCH
  5
157
330
17
100
AcDbEntity
  8
FW_COLUMN_HATCH
 62
7
100
AcDbHatch
 10
0.0
 20
0.0
 30
0.0
210
0.0
220
0.0
230
1.0
  2
ANSI37
 70
0
 71
0
 91
1
 92
3
 72
0
 73
1
 93
5
 10
2700.0
 20
4690.0
 10
2700.0
 20
4730.0
 10
2740.0
 20
4730.0
 10
2740.0
 20
4690.0
 10
2700.0
 20
4690.0
 97
0
 75
1
 76
1
 52
0.0
 41
1.6
 77
0
 78
2
 53
45.0
 43
0.0
 44
0.0
 45
-3.5921024485
 46
3.5921024485
 79
0
 53
135.0
 43
0.0
 44
0.0
 45
-3.5921024485
 46
-3.5921024485
 79
0
 98
0
  0
TEXT
  5
158
330
17
100
AcDbEntity
  8
FW_TEXT
 62
7
100
AcDbText
 10
2720.0
 20
4682.5
 30
0.0
 40
13.5
  1
C26-40/40
  7
REBAR_TXT
 72
1
 11
2720.0
 21
4682.5
 31
0.0
100
AcDbText
 73
3
  0
HATCH
  5
159
330
17
100
AcDbEntity
  8
FW_COLUMN_HATCH
 62
7
100
AcDbHatch
 10
0.0
 20
0.0
 30
0.0
210
0.0
220
0.0
230
1.0
  2
ANSI37
 70
0
 71
0
 91
1
 92
3
 72
0
 73
1
 93
5
 10
0.0
 20
4150.0
 10
0.0
 20
4190.0
 10
40.0
 20
4190.0
 10
40.0
 20
4150.0
 10
0.0
 20
4150.0
 97
0
 75
1
 76
1
 52
0.0
 41
1.6
 77
0
 78
2
 53
45.0
 43
0.0
 44
0.0
 45
-3.5921024485
 46
3.5921024485
 79
0
 53
135.0
 43
0.0
 44
0.0
 45
-3.5921024485
 46
-3.5921024485
 79
0
 98
0
  0
TEXT
  5
15A
330
17
100
AcDbEntity
  8
FW_TEXT
 62
7
100
AcDbText
 10
20.0
 20
4142.5
 30
0.0
 40
13.5
  1
C27-40/40
  7
REBAR_TXT
 72
1
 11
20.0
 21
4142.5
 31
0.0
100
AcDbText
 73
3
  0
HATCH
  5
15B
330
17
100
AcDbEntity
  8
FW_COLUMN_HATCH
 62
7
100
AcDbHatch
 10
0.0
 20
0.0
 30
0.0
210
0.0
220
0.0
230
1.0
  2
ANSI37
 70
0
 71
0
 91
1
 92
3
 72
0
 73
1
 93
5
 10
540.0
 20
4150.0
 10
540.0
 20
4190.0
 10
580.0
 20
4190.0
 10
580.0
 20
4150.0
 10
540.0
 20
4150.0
 97
0
 75
1
 76
1
 52
0.0
 41
1.6
 77
0
 78
2
 53
45.0
 43
0.0
 44
0.0
 45
-3.5921024485
 46
3.5921024485
 79
0
 53
135.0
 43
0.0
 44
0.0
 45
-3.5921024485
 46
-3.5921024485
 79
0
 98
0
  0
TEXT
  5
15C
330
17
100
AcDbEntity
  8
FW_TEXT
 62
7
100
AcDbText
 10
560.0
 20
4142.5
 30
0.0
 40
13.5
  1
C28-40/40
  7
REBAR_TXT
 72
1
 11
560.0
 21
4142.5
 31
0.0
100
AcDbText
 73
3
  0
HATCH
  5
15D
330
17
100
AcDbEntity
  8
FW_COLUMN_HATCH
 62
7
100
AcDbHatch
 10
0.0
 20
0.0
 30
0.0
210
0.0
220
0.0
230
1.0
  2
ANSI37
 70
0
 71
0
 91
1
 92
3
 72
0
 73
1
 93
5
 10
1080.0
 20
4150.0
 10
1080.0
 20
4190.0
 10
1120.0
 20
4190.0
 10
1120.0
 20
4150.0
 10
1080.0
 20
4150.0
 97
0
 75
1
 76
1
 52
0.0
 41
1.6
 77
0
 78
2
 53
45.0
 43
0.0
 44
0.0
 45
-3.5921024485
 46
3.5921024485
 79
0
 53
135.0
 43
0.0
 44
0.0
 45
-3.5921024485
 46
-3.5921024485
 79
0
 98
0
  0
TEXT
  5
15E
330
17
100
AcDbEntity
  8
FW_TEXT
 62
7
100
AcDbText
 10
1100.0
 20
4142.5
 30
0.0
 40
13.5
  1
C29-40/40
  7
REBAR_TXT
 72
1
 11
1100.0
 21
4142.5
 31
0.0
100
AcDbText
 73
3
  0
HATCH
  5
15F
330
17
100
AcDbEntity
  8
FW_COLUMN_HATCH
 62
7
100
AcDbHatch
 10
0.0
 20
0.0
 30
0.0
210
0.0
220
0.0
230
1.0
  2
ANSI37
 70
0
 71
0
 91
1
 92
3
 72
0
 73
1
 93
5
 10
1620.0
 20
4150.0
 10
1620.0
 20
4190.0
 10
1660.0
 20
4190.0
 10
1660.0
 20
4150.0
 10
1620.0
 20
4150.0
 97
0
 75
1
 76
1
 52
0.0
 41
1.6
 77
0
 78
2
 53
45.0
 43
0.0
 44
0.0
 45
-3.5921024485
 46
3.5921024485
 79
0
 53
135.0
 43
0.0
 44
0.0
 45
-3.5921024485
 46
-3.5921024485
 79
0
 98
0
  0
TEXT
  5
160
330
17
100
AcDbEntity
  8
FW_TEXT
 62
7
100
AcDbText
 10
1640.0
 20
4142.5
 30
0.0
 40
13.5
  1
C30-40/40
  7
REBAR_TXT
 72
1
 11
1640.0
 21
4142.5
 31
0.0
100
AcDbText
 73
3
  0
HATCH
  5
161
330
17
100
AcDbEntity
  8
FW_COLUMN_HATCH
 62
7
100
AcDbHatch
 10
0.0
 20
0.0
 30
0.0
210
0.0
220
0.0
230
1.0
  2
ANSI37
 70
0
 71
0
 91
1
 92
3
 72
0
 73
1
 93
5
 10
2160.0
 20
4150.0
 10
2160.0
 20
4190.0
 10
2200.0
 20
4190.0
 10
2200.0
 20
4150.0
 10
2160.0
 20
4150.0
 97
0
 75
1
 76
1
 52
0.0
 41
1.6
 77
0
 78
2
 53
45.0
 43
0.0
 44
0.0
 45
-3.5921024485
 46
3.5921024485
 79
0
 53
135.0
 43
0.0
 44
0.0
 45
-3.5921024485
 46
-3.5921024485
 79
0
 98
0
  0
TEXT
  5
162
330
17
100
AcDbEntity
  8
FW_TEXT
 62
7
100
AcDbText
 10
2180.0
 20
4142.5
 30
0.0
 40
13.5
  1
C31-40/40
  7
REBAR_TXT
 72
1
 11
2180.0
 21
4142.5
 31
0.0
100
AcDbText
 73
3
  0
HATCH
  5
163
330
17
100
AcDbEntity
  8
FW_COLUMN_HATCH
 62
7
100
AcDbHatch
 10
0.0
 20
0.0
 30
0.0
210
0.0
220
0.0
230
1.0
  2
ANSI37
 70
0
 71
0
 91
1
 92
3
 72
0
 73
1
 93
5
 10
2700.0
 20
4150.0
 10
2700.0
 20
4190.0
 10
2740.0
 20
4190.0
 10
2740.0
 20
4150.0
 10
2700.0
 20
4150.0
 97
0
 75
1
 76
1
 52
0.0
 41
1.6
 77
0
 78
2
 53
45.0
 43
0.0
 44
0.0
 45
-3.5921024485
 46
3.5921024485
 79
0
 53
135.0
 43
0.0
 44
0.0
 45
-3.5921024485
 46
-3.5921024485
 79
0
 98
0
  0
TEXT
  5
164
330
17
100
AcDbEntity
  8
FW_TEXT
 62
7
100
AcDbText
 10
2720.0
 20
4142.5
 30
0.0
 40
13.5
  1
C32-40/40
  7
REBAR_TXT
 72
1
 11
2720.0
 21
4142.5
 31
0.0
100
AcDbText
 73
3
  0
LINE
  5
165
330
17
100
AcDbEntity
  8
FW_OPENING
100
AcDbLine
 10
2230.0
 20
4760.0
 30
0.0
 11
2330.0
 21
4880.0
 31
0.0
  0
LINE
  5
166
330
17
100
AcDbEntity
  8
FW_OPENING
100
AcDbLine
 10
2230.0
 20
4880.0
 30
0.0
 11
2330.0
 21
4760.0
 31
0.0
  0
TEXT
  5
167
330
17
100
AcDbEntity
  8
FW_TEXT
 62
7
100
AcDbText
 10
2280.0
 20
4820.0
 30
0.0
 40
13.5
  1
OPENING
  7
REBAR_TXT
 72
1
 11
2280.0
 21
4820.0
 31
0.0
100
AcDbText
 73
2
  0
LINE
  5
168
330
17
100
AcDbEntity
  8
FW_OPENING
100
AcDbLine
 10
1130.0
 20
5280.0
 30
0.0
 11
1400.0
 21
5760.0
 31
0.0
  0
LINE
  5
169
330
17
100
AcDbEntity
  8
FW_OPENING
100
AcDbLine
 10
1130.0
 20
5760.0
 30
0.0
 11
1400.0
 21
5280.0
 31
0.0
  0
TEXT
  5
16A
330
17
100
AcDbEntity
  8
FW_TEXT
 62
7
100
AcDbText
 10
1265.0
 20
5520.0
 30
0.0
 40
13.5
  1
OPENING
  7
REBAR_TXT
 72
1
 11
1265.0
 21
5520.0
 31
0.0
100
AcDbText
 73
2
  0
HATCH
  5
16B
330
17
100
AcDbEntity
  8
FW_SLAB_SECTION
 62
8
100
AcDbHatch
 10
0.0
 20
0.0
 30
0.0
210
0.0
220
0.0
230
1.0
  2
SOLID
 70
1
 71
0
 91
1
 92
3
 72
0
 73
1
 93
5
 10
302.0
 20
4615.5
 10
302.0
 20
4804.5
 10
278.0
 20
4804.5
 10
278.0
 20
4615.5
 10
302.0
 20
4615.5
 97
0
 75
1
 76
1
 98
0
  0
LINE
  5
16C
330
17
100
AcDbEntity
  8
FW_SLAB_SECTION
 62
7
370
50
100
AcDbLine
 10
278.0
 20
4615.5
 30
0.0
 11
278.0
 21
4804.5
 31
0.0
  0
LINE
  5
16D
330
17
100
AcDbEntity
  8
FW_SLAB_SECTION
 62
7
370
50
100
AcDbLine
 10
302.0
 20
4615.5
 30
0.0
 11
302.0
 21
4804.5
 31
0.0
  0
DIMENSION
  5
16E
330
17
100
AcDbEntity
  8
FW_DIM
100
AcDbDimension
280
0
  2
*D1
  3
FW_DIM
 10
278.0
 20
4600.5
 30
0.0
 11
326.0
 21
4612.5
 31
0.0
 70
160
 71
5
  1
<>
100
AcDbAlignedDimension
 13
278.0
 23
4615.5
 33
0.0
 14
302.0
 24
4615.5
 34
0.0
 50
0.0
100
AcDbRotatedDimension
1001
ACAD
1000
DSTYLE
1002
{
1070
279
1070
2
1002
}
  0
HATCH
  5
181
330
17
100
AcDbEntity
  8
FW_SLAB_SECTION
 62
8
100
AcDbHatch
 10
0.0
 20
0.0
 30
0.0
210
0.0
220
0.0
230
1.0
  2
SOLID
 70
1
 71
0
 91
1
 92
3
 72
0
 73
1
 93
5
 10
842.0
 20
4615.5
 10
842.0
 20
4804.5
 10
818.0
 20
4804.5
 10
818.0
 20
4615.5
 10
842.0
 20
4615.5
 97
0
 75
1
 76
1
 98
0
  0
LINE
  5
182
330
17
100
AcDbEntity
  8
FW_SLAB_SECTION
 62
7
370
50
100
AcDbLine
 10
818.0
 20
4615.5
 30
0.0
 11
818.0
 21
4804.5
 31
0.0
  0
LINE
  5
183
330
17
100
AcDbEntity
  8
FW_SLAB_SECTION
 62
7
370
50
100
AcDbLine
 10
842.0
 20
4615.5
 30
0.0
 11
842.0
 21
4804.5
 31
0.0
  0
DIMENSION
  5
184
330
17
100
AcDbEntity
  8
FW_DIM
100
AcDbDimension
280
0
  2
*D2
  3
FW_DIM
 10
818.0
 20
4600.5
 30
0.0
 11
866.0
 21
4612.5
 31
0.0
 70
160
 71
5
  1
<>
100
AcDbAlignedDimension
 13
818.0
 23
4615.5
 33
0.0
 14
842.0
 24
4615.5
 34
0.0
 50
0.0
100
AcDbRotatedDimension
1001
ACAD
1000
DSTYLE
1002
{
1070
279
1070
2
1002
}
  0
HATCH
  5
193
330
17
100
AcDbEntity
  8
FW_SLAB_SECTION
 62
8
100
AcDbHatch
 10
0.0
 20
0.0
 30
0.0
210
0.0
220
0.0
230
1.0
  2
SOLID
 70
1
 71
0
 91
1
 92
3
 72
0
 73
1
 93
5
 10
1382.0
 20
4615.5
 10
1382.0
 20
4804.5
 10
1358.0
 20
4804.5
 10
1358.0
 20
4615.5
 10
1382.0
 20
4615.5
 97
0
 75
1
 76
1
 98
0
  0
LINE
  5
194
330
17
100
AcDbEntity
  8
FW_SLAB_SECTION
 62
7
370
50
100
AcDbLine
 10
1358.0
 20
4615.5
 30
0.0
 11
1358.0
 21
4804.5
 31
0.0
  0
LINE
  5
195
330
17
100
AcDbEntity
  8
FW_SLAB_SECTION
 62
7
370
50
100
AcDbLine
 10
1382.0
 20
4615.5
 30
0.0
 11
1382.0
 21
4804.5
 31
0.0
  0
DIMENSION
  5
196
330
17
100
AcDbEntity
  8
FW_DIM
100
AcDbDimension
280
0
  2
*D3
  3
FW_DIM
 10
1358.0
 20
4600.5
 30
0.0
 11
1406.0
 21
4612.5
 31
0.0
 70
160
 71
5
  1
<>
100
AcDbAlignedDimension
 13
1358.0
 23
4615.5
 33
0.0
 14
1382.0
 24
4615.5
 34
0.0
 50
0.0
100
AcDbRotatedDimension
1001
ACAD
1000
DSTYLE
1002
{
1070
279
1070
2
1002
}
  0
HATCH
  5
1A5
330
17
100
AcDbEntity
  8
FW_SLAB_SECTION
 62
8
100
AcDbHatch
 10
0.0
 20
0.0
 30
0.0
210
0.0
220
0.0
230
1.0
  2
SOLID
 70
1
 71
0
 91
1
 92
3
 72
0
 73
1
 93
5
 10
1922.0
 20
4615.5
 10
1922.0
 20
4804.5
 10
1898.0
 20
4804.5
 10
1898.0
 20
4615.5
 10
1922.0
 20
4615.5
 97
0
 75
1
 76
1
 98
0
  0
LINE
  5
1A6
330
17
100
AcDbEntity
  8
FW_SLAB_SECTION
 62
7
370
50
100
AcDbLine
 10
1898.0
 20
4615.5
 30
0.0
 11
1898.0
 21
4804.5
 31
0.0
  0
LINE
  5
1A7
330
17
100
AcDbEntity
  8
FW_SLAB_SECTION
 62
7
370
50
100
AcDbLine
 10
1922.0
 20
4615.5
 30
0.0
 11
1922.0
 21
4804.5
 31
0.0
  0
DIMENSION
  5
1A8
330
17
100
AcDbEntity
  8
FW_DIM
100
AcDbDimension
280
0
  2
*D4
  3
FW_DIM
 10
1898.0
 20
4600.5
 30
0.0
 11
1946.0
 21
4612.5
 31
0.0
 70
160
 71
5
  1
<>
100
AcDbAlignedDimension
 13
1898.0
 23
4615.5
 33
0.0
 14
1922.0
 24
4615.5
 34
0.0
 50
0.0
100
AcDbRotatedDimension
1001
ACAD
1000
DSTYLE
1002
{
1070
279
1070
2
1002
}
  0
HATCH
  5
1B7
330
17
100
AcDbEntity
  8
FW_SLAB_SECTION
 62
8
100
AcDbHatch
 10
0.0
 20
0.0
 30
0.0
210
0.0
220
0.0
230
1.0
  2
SOLID
 70
1
 71
0
 91
1
 92
3
 72
0
 73
1
 93
5
 10
2462.0
 20
4615.5
 10
2462.0
 20
4804.5
 10
2438.0
 20
4804.5
 10
2438.0
 20
4615.5
 10
2462.0
 20
4615.5
 97
0
 75
1
 76
1
 98
0
  0
LINE
  5
1B8
330
17
100
AcDbEntity
  8
FW_SLAB_SECTION
 62
7
370
50
100
AcDbLine
 10
2438.0
 20
4615.5
 30
0.0
 11
2438.0
 21
4804.5
 31
0.0
  0
LINE
  5
1B9
330
17
100
AcDbEntity
  8
FW_SLAB_SECTION
 62
7
370
50
100
AcDbLine
 10
2462.0
 20
4615.5
 30
0.0
 11
2462.0
 21
4804.5
 31
0.0
  0
DIMENSION
  5
1BA
330
17
100
AcDbEntity
  8
FW_DIM
100
AcDbDimension
280
0
  2
*D5
  3
FW_DIM
 10
2438.0
 20
4600.5
 30
0.0
 11
2486.0
 21
4612.5
 31
0.0
 70
160
 71
5
  1
<>
100
AcDbAlignedDimension
 13
2438.0
 23
4615.5
 33
0.0
 14
2462.0
 24
4615.5
 34
0.0
 50
0.0
100
AcDbRotatedDimension
1001
ACAD
1000
DSTYLE
1002
{
1070
279
1070
2
1002
}
  0
HATCH
  5
1C9
330
17
100
AcDbEntity
  8
FW_SLAB_SECTION
 62
8
100
AcDbHatch
 10
0.0
 20
0.0
 30
0.0
210
0.0
220
0.0
230
1.0
  2
SOLID
 70
1
 71
0
 91
1
 92
3
 72
0
 73
1
 93
5
 10
302.0
 20
5155.5
 10
302.0
 20
5344.5
 10
278.0
 20
5344.5
 10
278.0
 20
5155.5
 10
302.0
 20
5155.5
 97
0
 75
1
 76
1
 98
0
  0
LINE
  5
1CA
330
17
100
AcDbEntity
  8
FW_SLAB_SECTION
 62
7
370
50
100
AcDbLine
 10
278.0
 20
5155.5
 30
0.0
 11
278.0
 21
5344.5
 31
0.0
  0
LINE
  5
1CB
330
17
100
AcDbEntity
  8
FW_SLAB_SECTION
 62
7
370
50
100
AcDbLine
 10
302.0
 20
5155.5
 30
0.0
 11
302.0
 21
5344.5
 31
0.0
  0
DIMENSION
  5
1CC
330
17
100
AcDbEntity
  8
FW_DIM
100
AcDbDimension
280
0
  2
*D6
  3
FW_DIM
 10
278.0
 20
5140.5
 30
0.0
 11
326.0
 21
5152.5
 31
0.0
 70
160
 71
5
  1
<>
100
AcDbAlignedDimension
 13
278.0
 23
5155.5
 33
0.0
 14
302.0
 24
5155.5
 34
0.0
 50
0.0
100
AcDbRotatedDimension
1001
ACAD
1000
DSTYLE
1002
{
1070
279
1070
2
1002
}
  0
HATCH
  5
1DB
330
17
100
AcDbEntity
  8
FW_SLAB_SECTION
 62
8
100
AcDbHatch
 10
0.0
 20
0.0
 30
0.0
210
0.0
220
0.0
230
1.0
  2
SOLID
 70
1
 71
0
 91
1
 92
3
 72
0
 73
1
 93
5
 10
842.0
 20
5155.5
 10
842.0
 20
5344.5
 10
818.0
 20
5344.5
 10
818.0
 20
5155.5
 10
842.0
 20
5155.5
 97
0
 75
1
 76
1
 98
0
  0
LINE
  5
1DC
330
17
100
AcDbEntity
  8
FW_SLAB_SECTION
 62
7
370
50
100
AcDbLine
 10
818.0
 20
5155.5
 30
0.0
 11
818.0
 21
5344.5
 31
0.0
  0
LINE
  5
1DD
330
17
100
AcDbEntity
  8
FW_SLAB_SECTION
 62
7
370
50
100
AcDbLine
 10
842.0
 20
5155.5
 30
0.0
 11
842.0
 21
5344.5
 31
0.0
  0
DIMENSION
  5
1DE
330
17
100
AcDbEntity
  8
FW_DIM
100
AcDbDimension
280
0
  2
*D7
  3
FW_DIM
 10
818.0
 20
5140.5
 30
0.0
 11
866.0
 21
5152.5
 31
0.0
 70
160
 71
5
  1
<>
100
AcDbAlignedDimension
 13
818.0
 23
5155.5
 33
0.0
 14
842.0
 24
5155.5
 34
0.0
 50
0.0
100
AcDbRotatedDimension
1001
ACAD
1000
DSTYLE
1002
{
1070
279
1070
2
1002
}
  0
HATCH
  5
1ED
330
17
100
AcDbEntity
  8
FW_SLAB_SECTION
 62
8
100
AcDbHatch
 10
0.0
 20
0.0
 30
0.0
210
0.0
220
0.0
230
1.0
  2
SOLID
 70
1
 71
0
 91
1
 92
3
 72
0
 73
1
 93
5
 10
1922.0
 20
5155.5
 10
1922.0
 20
5344.5
 10
1898.0
 20
5344.5
 10
1898.0
 20
5155.5
 10
1922.0
 20
5155.5
 97
0
 75
1
 76
1
 98
0
  0
LINE
  5
1EE
330
17
100
AcDbEntity
  8
FW_SLAB_SECTION
 62
7
370
50
100
AcDbLine
 10
1898.0
 20
5155.5
 30
0.0
 11
1898.0
 21
5344.5
 31
0.0
  0
LINE
  5
1EF
330
17
100
AcDbEntity
  8
FW_SLAB_SECTION
 62
7
370
50
100
AcDbLine
 10
1922.0
 20
5155.5
 30
0.0
 11
1922.0
 21
5344.5
 31
0.0
  0
DIMENSION
  5
1F0
330
17
100
AcDbEntity
  8
FW_DIM
100
AcDbDimension
280
0
  2
*D8
  3
FW_DIM
 10
1898.0
 20
5140.5
 30
0.0
 11
1946.0
 21
5152.5
 31
0.0
 70
160
 71
5
  1
<>
100
AcDbAlignedDimension
 13
1898.0
 23
5155.5
 33
0.0
 14
1922.0
 24
5155.5
 34
0.0
 50
0.0
100
AcDbRotatedDimension
1001
ACAD
1000
DSTYLE
1002
{
1070
279
1070
2
1002
}
  0
HATCH
  5
1FF
330
17
100
AcDbEntity
  8
FW_SLAB_SECTION
 62
8
100
AcDbHatch
 10
0.0
 20
0.0
 30
0.0
210
0.0
220
0.0
230
1.0
  2
SOLID
 70
1
 71
0
 91
1
 92
3
 72
0
 73
1
 93
5
 10
2462.0
 20
5155.5
 10
2462.0
 20
5344.5
 10
2438.0
 20
5344.5
 10
2438.0
 20
5155.5
 10
2462.0
 20
5155.5
 97
0
 75
1
 76
1
 98
0
  0
LINE
  5
200
330
17
100
AcDbEntity
  8
FW_SLAB_SECTION
 62
7
370
50
100
AcDbLine
 10
2438.0
 20
5155.5
 30
0.0
 11
2438.0
 21
5344.5
 31
0.0
  0
LINE
  5
201
330
17
100
AcDbEntity
  8
FW_SLAB_SECTION
 62
7
370
50
100
AcDbLine
 10
2462.0
 20
5155.5
 30
0.0
 11
2462.0
 21
5344.5
 31
0.0
  0
DIMENSION
  5
202
330
17
100
AcDbEntity
  8
FW_DIM
100
AcDbDimension
280
0
  2
*D9
  3
FW_DIM
 10
2438.0
 20
5140.5
 30
0.0
 11
2486.0
 21
5152.5
 31
0.0
 70
160
 71
5
  1
<>
100
AcDbAlignedDimension
 13
2438.0
 23
5155.5
 33
0.0
 14
2462.0
 24
5155.5
 34
0.0
 50
0.0
100
AcDbRotatedDimension
1001
ACAD
1000
DSTYLE
1002
{
1070
279
1070
2
1002
}
  0
HATCH
  5
211
330
17
100
AcDbEntity
  8
FW_SLAB_SECTION
 62
8
100
AcDbHatch
 10
0.0
 20
0.0
 30
0.0
210
0.0
220
0.0
230
1.0
  2
SOLID
 70
1
 71
0
 91
1
 92
3
 72
0
 73
1
 93
5
 10
302.0
 20
5695.5
 10
302.0
 20
5884.5
 10
278.0
 20
5884.5
 10
278.0
 20
5695.5
 10
302.0
 20
5695.5
 97
0
 75
1
 76
1
 98
0
  0
LINE
  5
212
330
17
100
AcDbEntity
  8
FW_SLAB_SECTION
 62
7
370
50
100
AcDbLine
 10
278.0
 20
5695.5
 30
0.0
 11
278.0
 21
5884.5
 31
0.0
  0
LINE
  5
213
330
17
100
AcDbEntity
  8
FW_SLAB_SECTION
 62
7
370
50
100
AcDbLine
 10
302.0
 20
5695.5
 30
0.0
 11
302.0
 21
5884.5
 31
0.0
  0
DIMENSION
  5
214
330
17
100
AcDbEntity
  8
FW_DIM
100
AcDbDimension
280
0
  2
*D10
  3
FW_DIM
 10
278.0
 20
5680.5
 30
0.0
 11
326.0
 21
5692.5
 31
0.0
 70
160
 71
5
  1
<>
100
AcDbAlignedDimension
 13
278.0
 23
5695.5
 33
0.0
 14
302.0
 24
5695.5
 34
0.0
 50
0.0
100
AcDbRotatedDimension
1001
ACAD
1000
DSTYLE
1002
{
1070
279
1070
2
1002
}
  0
HATCH
  5
223
330
17
100
AcDbEntity
  8
FW_SLAB_SECTION
 62
8
100
AcDbHatch
 10
0.0
 20
0.0
 30
0.0
210
0.0
220
0.0
230
1.0
  2
SOLID
 70
1
 71
0
 91
1
 92
3
 72
0
 73
1
 93
5
 10
842.0
 20
5695.5
 10
842.0
 20
5884.5
 10
818.0
 20
5884.5
 10
818.0
 20
5695.5
 10
842.0
 20
5695.5
 97
0
 75
1
 76
1
 98
0
  0
LINE
  5
224
330
17
100
AcDbEntity
  8
FW_SLAB_SECTION
 62
7
370
50
100
AcDbLine
 10
818.0
 20
5695.5
 30
0.0
 11
818.0
 21
5884.5
 31
0.0
  0
LINE
  5
225
330
17
100
AcDbEntity
  8
FW_SLAB_SECTION
 62
7
370
50
100
AcDbLine
 10
842.0
 20
5695.5
 30
0.0
 11
842.0
 21
5884.5
 31
0.0
  0
DIMENSION
  5
226
330
17
100
AcDbEntity
  8
FW_DIM
100
AcDbDimension
280
0
  2
*D11
  3
FW_DIM
 10
818.0
 20
5680.5
 30
0.0
 11
866.0
 21
5692.5
 31
0.0
 70
160
 71
5
  1
<>
100
AcDbAlignedDimension
 13
818.0
 23
5695.5
 33
0.0
 14
842.0
 24
5695.5
 34
0.0
 50
0.0
100
AcDbRotatedDimension
1001
ACAD
1000
DSTYLE
1002
{
1070
279
1070
2
1002
}
  0
HATCH
  5
235
330
17
100
AcDbEntity
  8
FW_SLAB_SECTION
 62
8
100
AcDbHatch
 10
0.0
 20
0.0
 30
0.0
210
0.0
220
0.0
230
1.0
  2
SOLID
 70
1
 71
0
 91
1
 92
3
 72
0
 73
1
 93
5
 10
1922.0
 20
5695.5
 10
1922.0
 20
5884.5
 10
1898.0
 20
5884.5
 10
1898.0
 20
5695.5
 10
1922.0
 20
5695.5
 97
0
 75
1
 76
1
 98
0
  0
LINE
  5
236
330
17
100
AcDbEntity
  8
FW_SLAB_SECTION
 62
7
370
50
100
AcDbLine
 10
1898.0
 20
5695.5
 30
0.0
 11
1898.0
 21
5884.5
 31
0.0
  0
LINE
  5
237
330
17
100
AcDbEntity
  8
FW_SLAB_SECTION
 62
7
370
50
100
AcDbLine
 10
1922.0
 20
5695.5
 30
0.0
 11
1922.0
 21
5884.5
 31
0.0
  0
DIMENSION
  5
238
330
17
100
AcDbEntity
  8
FW_DIM
100
AcDbDimension
280
0
  2
*D12
  3
FW_DIM
 10
1898.0
 20
5680.5
 30
0.0
 11
1946.0
 21
5692.5
 31
0.0
 70
160
 71
5
  1
<>
100
AcDbAlignedDimension
 13
1898.0
 23
5695.5
 33
0.0
 14
1922.0
 24
5695.5
 34
0.0
 50
0.0
100
AcDbRotatedDimension
1001
ACAD
1000
DSTYLE
1002
{
1070
279
1070
2
1002
}
  0
HATCH
  5
247
330
17
100
AcDbEntity
  8
FW_SLAB_SECTION
 62
8
100
AcDbHatch
 10
0.0
 20
0.0
 30
0.0
210
0.0
220
0.0
230
1.0
  2
SOLID
 70
1
 71
0
 91
1
 92
3
 72
0
 73
1
 93
5
 10
2462.0
 20
5695.5
 10
2462.0
 20
5884.5
 10
2438.0
 20
5884.5
 10
2438.0
 20
5695.5
 10
2462.0
 20
5695.5
 97
0
 75
1
 76
1
 98
0
  0
LINE
  5
248
330
17
100
AcDbEntity
  8
FW_SLAB_SECTION
 62
7
370
50
100
AcDbLine
 10
2438.0
 20
5695.5
 30
0.0
 11
2438.0
 21
5884.5
 31
0.0
  0
LINE
  5
249
330
17
100
AcDbEntity
  8
FW_SLAB_SECTION
 62
7
370
50
100
AcDbLine
 10
2462.0
 20
5695.5
 30
0.0
 11
2462.0
 21
5884.5
 31
0.0
  0
DIMENSION
  5
24A
330
17
100
AcDbEntity
  8
FW_DIM
100
AcDbDimension
280
0
  2
*D13
  3
FW_DIM
 10
2438.0
 20
5680.5
 30
0.0
 11
2486.0
 21
5692.5
 31
0.0
 70
160
 71
5
  1
<>
100
AcDbAlignedDimension
 13
2438.0
 23
5695.5
 33
0.0
 14
2462.0
 24
5695.5
 34
0.0
 50
0.0
100
AcDbRotatedDimension
1001
ACAD
1000
DSTYLE
1002
{
1070
279
1070
2
1002
}
  0
HATCH
  5
259
330
17
100
AcDbEntity
  8
FW_SLAB_SECTION
 62
8
100
AcDbHatch
 10
0.0
 20
0.0
 30
0.0
210
0.0
220
0.0
230
1.0
  2
SOLID
 70
1
 71
0
 91
1
 92
3
 72
0
 73
1
 93
5
 10
302.0
 20
6235.5
 10
302.0
 20
6424.5
 10
278.0
 20
6424.5
 10
278.0
 20
6235.5
 10
302.0
 20
6235.5
 97
0
 75
1
 76
1
 98
0
  0
LINE
  5
25A
330
17
100
AcDbEntity
  8
FW_SLAB_SECTION
 62
7
370
50
100
AcDbLine
 10
278.0
 20
6235.5
 30
0.0
 11
278.0
 21
6424.5
 31
0.0
  0
LINE
  5
25B
330
17
100
AcDbEntity
  8
FW_SLAB_SECTION
 62
7
370
50
100
AcDbLine
 10
302.0
 20
6235.5
 30
0.0
 11
302.0
 21
6424.5
 31
0.0
  0
DIMENSION
  5
25C
330
17
100
AcDbEntity
  8
FW_DIM
100
AcDbDimension
280
0
  2
*D14
  3
FW_DIM
 10
278.0
 20
6220.5
 30
0.0
 11
326.0
 21
6232.5
 31
0.0
 70
160
 71
5
  1
<>
100
AcDbAlignedDimension
 13
278.0
 23
6235.5
 33
0.0
 14
302.0
 24
6235.5
 34
0.0
 50
0.0
100
AcDbRotatedDimension
1001
ACAD
1000
DSTYLE
1002
{
1070
279
1070
2
1002
}
  0
HATCH
  5
26B
330
17
100
AcDbEntity
  8
FW_SLAB_SECTION
 62
8
100
AcDbHatch
 10
0.0
 20
0.0
 30
0.0
210
0.0
220
0.0
230
1.0
  2
SOLID
 70
1
 71
0
 91
1
 92
3
 72
0
 73
1
 93
5
 10
842.0
 20
6235.5
 10
842.0
 20
6424.5
 10
818.0
 20
6424.5
 10
818.0
 20
6235.5
 10
842.0
 20
6235.5
 97
0
 75
1
 76
1
 98
0
  0
LINE
  5
26C
330
17
100
AcDbEntity
  8
FW_SLAB_SECTION
 62
7
370
50
100
AcDbLine
 10
818.0
 20
6235.5
 30
0.0
 11
818.0
 21
6424.5
 31
0.0
  0
LINE
  5
26D
330
17
100
AcDbEntity
  8
FW_SLAB_SECTION
 62
7
370
50
100
AcDbLine
 10
842.0
 20
6235.5
 30
0.0
 11
842.0
 21
6424.5
 31
0.0
  0
DIMENSION
  5
26E
330
17
100
AcDbEntity
  8
FW_DIM
100
AcDbDimension
280
0
  2
*D15
  3
FW_DIM
 10
818.0
 20
6220.5
 30
0.0
 11
866.0
 21
6232.5
 31
0.0
 70
160
 71
5
  1
<>
100
AcDbAlignedDimension
 13
818.0
 23
6235.5
 33
0.0
 14
842.0
 24
6235.5
 34
0.0
 50
0.0
100
AcDbRotatedDimension
1001
ACAD
1000
DSTYLE
1002
{
1070
279
1070
2
1002
}
  0
HATCH
  5
27D
330
17
100
AcDbEntity
  8
FW_SLAB_SECTION
 62
8
100
AcDbHatch
 10
0.0
 20
0.0
 30
0.0
210
0.0
220
0.0
230
1.0
  2
SOLID
 70
1
 71
0
 91
1
 92
3
 72
0
 73
1
 93
5
 10
1382.0
 20
6235.5
 10
1382.0
 20
6424.5
 10
1358.0
 20
6424.5
 10
1358.0
 20
6235.5
 10
1382.0
 20
6235.5
 97
0
 75
1
 76
1
 98
0
  0
LINE
  5
27E
330
17
100
AcDbEntity
  8
FW_SLAB_SECTION
 62
7
370
50
100
AcDbLine
 10
1358.0
 20
6235.5
 30
0.0
 11
1358.0
 21
6424.5
 31
0.0
  0
LINE
  5
27F
330
17
100
AcDbEntity
  8
FW_SLAB_SECTION
 62
7
370
50
100
AcDbLine
 10
1382.0
 20
6235.5
 30
0.0
 11
1382.0
 21
6424.5
 31
0.0
  0
DIMENSION
  5
280
330
17
100
AcDbEntity
  8
FW_DIM
100
AcDbDimension
280
0
  2
*D16
  3
FW_DIM
 10
1358.0
 20
6220.5
 30
0.0
 11
1406.0
 21
6232.5
 31
0.0
 70
160
 71
5
  1
<>
100
AcDbAlignedDimension
 13
1358.0
 23
6235.5
 33
0.0
 14
1382.0
 24
6235.5
 34
0.0
 50
0.0
100
AcDbRotatedDimension
1001
ACAD
1000
DSTYLE
1002
{
1070
279
1070
2
1002
}
  0
HATCH
  5
28F
330
17
100
AcDbEntity
  8
FW_SLAB_SECTION
 62
8
100
AcDbHatch
 10
0.0
 20
0.0
 30
0.0
210
0.0
220
0.0
230
1.0
  2
SOLID
 70
1
 71
0
 91
1
 92
3
 72
0
 73
1
 93
5
 10
1922.0
 20
6235.5
 10
1922.0
 20
6424.5
 10
1898.0
 20
6424.5
 10
1898.0
 20
6235.5
 10
1922.0
 20
6235.5
 97
0
 75
1
 76
1
 98
0
  0
LINE
  5
290
330
17
100
AcDbEntity
  8
FW_SLAB_SECTION
 62
7
370
50
100
AcDbLine
 10
1898.0
 20
6235.5
 30
0.0
 11
1898.0
 21
6424.5
 31
0.0
  0
LINE
  5
291
330
17
100
AcDbEntity
  8
FW_SLAB_SECTION
 62
7
370
50
100
AcDbLine
 10
1922.0
 20
6235.5
 30
0.0
 11
1922.0
 21
6424.5
 31
0.0
  0
DIMENSION
  5
292
330
17
100
AcDbEntity
  8
FW_DIM
100
AcDbDimension
280
0
  2
*D17
  3
FW_DIM
 10
1898.0
 20
6220.5
 30
0.0
 11
1946.0
 21
6232.5
 31
0.0
 70
160
 71
5
  1
<>
100
AcDbAlignedDimension
 13
1898.0
 23
6235.5
 33
0.0
 14
1922.0
 24
6235.5
 34
0.0
 50
0.0
100
AcDbRotatedDimension
1001
ACAD
1000
DSTYLE
1002
{
1070
279
1070
2
1002
}
  0
HATCH
  5
2A1
330
17
100
AcDbEntity
  8
FW_SLAB_SECTION
 62
8
100
AcDbHatch
 10
0.0
 20
0.0
 30
0.0
210
0.0
220
0.0
230
1.0
  2
SOLID
 70
1
 71
0
 91
1
 92
3
 72
0
 73
1
 93
5
 10
2462.0
 20
6235.5
 10
2462.0
 20
6424.5
 10
2438.0
 20
6424.5
 10
2438.0
 20
6235.5
 10
2462.0
 20
6235.5
 97
0
 75
1
 76
1
 98
0
  0
LINE
  5
2A2
330
17
100
AcDbEntity
  8
FW_SLAB_SECTION
 62
7
370
50
100
AcDbLine
 10
2438.0
 20
6235.5
 30
0.0
 11
2438.0
 21
6424.5
 31
0.0
  0
LINE
  5
2A3
330
17
100
AcDbEntity
  8
FW_SLAB_SECTION
 62
7
370
50
100
AcDbLine
 10
2462.0
 20
6235.5
 30
0.0
 11
2462.0
 21
6424.5
 31
0.0
  0
DIMENSION
  5
2A4
330
17
100
AcDbEntity
  8
FW_DIM
100
AcDbDimension
280
0
  2
*D18
  3
FW_DIM
 10
2438.0
 20
6220.5
 30
0.0
 11
2486.0
 21
6232.5
 31
0.0
 70
160
 71
5
  1
<>
100
AcDbAlignedDimension
 13
2438.0
 23
6235.5
 33
0.0
 14
2462.0
 24
6235.5
 34
0.0
 50
0.0
100
AcDbRotatedDimension
1001
ACAD
1000
DSTYLE
1002
{
1070
279
1070
2
1002
}
  0
HATCH
  5
2B3
330
17
100
AcDbEntity
  8
FW_SLAB_SECTION
 62
8
100
AcDbHatch
 10
0.0
 20
0.0
 30
0.0
210
0.0
220
0.0
230
1.0
  2
SOLID
 70
1
 71
0
 91
1
 92
3
 72
0
 73
1
 93
5
 10
654.5
 20
4428.0
 10
654.5
 20
4452.0
 10
465.5
 20
4452.0
 10
465.5
 20
4428.0
 10
654.5
 20
4428.0
 97
0
 75
1
 76
1
 98
0
  0
LINE
  5
2B4
330
17
100
AcDbEntity
  8
FW_SLAB_SECTION
 62
7
370
50
100
AcDbLine
 10
465.5
 20
4428.0
 30
0.0
 11
654.5
 21
4428.0
 31
0.0
  0
LINE
  5
2B5
330
17
100
AcDbEntity
  8
FW_SLAB_SECTION
 62
7
370
50
100
AcDbLine
 10
465.5
 20
4452.0
 30
0.0
 11
654.5
 21
4452.0
 31
0.0
  0
DIMENSION
  5
2B6
330
17
100
AcDbEntity
  8
FW_DIM
100
AcDbDimension
280
0
  2
*D19
  3
FW_DIM
 10
669.5
 20
4428.0
 30
0.0
 11
657.5
 21
4476.0
 31
0.0
 70
160
 71
5
  1
<>
100
AcDbAlignedDimension
 13
654.5
 23
4428.0
 33
0.0
 14
654.5
 24
4452.0
 34
0.0
 50
90.0
100
AcDbRotatedDimension
1001
ACAD
1000
DSTYLE
1002
{
1070
279
1070
2
1002
}
  0
HATCH
  5
2C5
330
17
100
AcDbEntity
  8
FW_SLAB_SECTION
 62
8
100
AcDbHatch
 10
0.0
 20
0.0
 30
0.0
210
0.0
220
0.0
230
1.0
  2
SOLID
 70
1
 71
0
 91
1
 92
3
 72
0
 73
1
 93
5
 10
654.5
 20
4968.0
 10
654.5
 20
4992.0
 10
465.5
 20
4992.0
 10
465.5
 20
4968.0
 10
654.5
 20
4968.0
 97
0
 75
1
 76
1
 98
0
  0
LINE
  5
2C6
330
17
100
AcDbEntity
  8
FW_SLAB_SECTION
 62
7
370
50
100
AcDbLine
 10
465.5
 20
4968.0
 30
0.0
 11
654.5
 21
4968.0
 31
0.0
  0
LINE
  5
2C7
330
17
100
AcDbEntity
  8
FW_SLAB_SECTION
 62
7
370
50
100
AcDbLine
 10
465.5
 20
4992.0
 30
0.0
 11
654.5
 21
4992.0
 31
0.0
  0
DIMENSION
  5
2C8
330
17
100
AcDbEntity
  8
FW_DIM
100
AcDbDimension
280
0
  2
*D20
  3
FW_DIM
 10
669.5
 20
4968.0
 30
0.0
 11
657.5
 21
5016.0
 31
0.0
 70
160
 71
5
  1
<>
100
AcDbAlignedDimension
 13
654.5
 23
4968.0
 33
0.0
 14
654.5
 24
4992.0
 34
0.0
 50
90.0
100
AcDbRotatedDimension
1001
ACAD
1000
DSTYLE
1002
{
1070
279
1070
2
1002
}
  0
HATCH
  5
2D7
330
17
100
AcDbEntity
  8
FW_SLAB_SECTION
 62
8
100
AcDbHatch
 10
0.0
 20
0.0
 30
0.0
210
0.0
220
0.0
230
1.0
  2
SOLID
 70
1
 71
0
 91
1
 92
3
 72
0
 73
1
 93
5
 10
654.5
 20
5508.0
 10
654.5
 20
5532.0
 10
465.5
 20
5532.0
 10
465.5
 20
5508.0
 10
654.5
 20
5508.0
 97
0
 75
1
 76
1
 98
0
  0
LINE
  5
2D8
330
17
100
AcDbEntity
  8
FW_SLAB_SECTION
 62
7
370
50
100
AcDbLine
 10
465.5
 20
5508.0
 30
0.0
 11
654.5
 21
5508.0
 31
0.0
  0
LINE
  5
2D9
330
17
100
AcDbEntity
  8
FW_SLAB_SECTION
 62
7
370
50
100
AcDbLine
 10
465.5
 20
5532.0
 30
0.0
 11
654.5
 21
5532.0
 31
0.0
  0
DIMENSION
  5
2DA
330
17
100
AcDbEntity
  8
FW_DIM
100
AcDbDimension
280
0
  2
*D21
  3
FW_DIM
 10
669.5
 20
5508.0
 30
0.0
 11
657.5
 21
5556.0
 31
0.0
 70
160
 71
5
  1
<>
100
AcDbAlignedDimension
 13
654.5
 23
5508.0
 33
0.0
 14
654.5
 24
5532.0
 34
0.0
 50
90.0
100
AcDbRotatedDimension
1001
ACAD
1000
DSTYLE
1002
{
1070
279
1070
2
1002
}
  0
HATCH
  5
2E9
330
17
100
AcDbEntity
  8
FW_SLAB_SECTION
 62
8
100
AcDbHatch
 10
0.0
 20
0.0
 30
0.0
210
0.0
220
0.0
230
1.0
  2
SOLID
 70
1
 71
0
 91
1
 92
3
 72
0
 73
1
 93
5
 10
654.5
 20
6048.0
 10
654.5
 20
6072.0
 10
465.5
 20
6072.0
 10
465.5
 20
6048.0
 10
654.5
 20
6048.0
 97
0
 75
1
 76
1
 98
0
  0
LINE
  5
2EA
330
17
100
AcDbEntity
  8
FW_SLAB_SECTION
 62
7
370
50
100
AcDbLine
 10
465.5
 20
6048.0
 30
0.0
 11
654.5
 21
6048.0
 31
0.0
  0
LINE
  5
2EB
330
17
100
AcDbEntity
  8
FW_SLAB_SECTION
 62
7
370
50
100
AcDbLine
 10
465.5
 20
6072.0
 30
0.0
 11
654.5
 21
6072.0
 31
0.0
  0
DIMENSION
  5
2EC
330
17
100
AcDbEntity
  8
FW_DIM
100
AcDbDimension
280
0
  2
*D22
  3
FW_DIM
 10
669.5
 20
6048.0
 30
0.0
 11
657.5
 21
6096.0
 31
0.0
 70
160
 71
5
  1
<>
100
AcDbAlignedDimension
 13
654.5
 23
6048.0
 33
0.0
 14
654.5
 24
6072.0
 34
0.0
 50
90.0
100
AcDbRotatedDimension
1001
ACAD
1000
DSTYLE
1002
{
1070
279
1070
2
1002
}
  0
HATCH
  5
2FB
330
17
100
AcDbEntity
  8
FW_SLAB_SECTION
 62
8
100
AcDbHatch
 10
0.0
 20
0.0
 30
0.0
210
0.0
220
0.0
230
1.0
  2
SOLID
 70
1
 71
0
 91
1
 92
3
 72
0
 73
1
 93
5
 10
654.5
 20
6588.0
 10
654.5
 20
6612.0
 10
465.5
 20
6612.0
 10
465.5
 20
6588.0
 10
654.5
 20
6588.0
 97
0
 75
1
 76
1
 98
0
  0
LINE
  5
2FC
330
17
100
AcDbEntity
  8
FW_SLAB_SECTION
 62
7
370
50
100
AcDbLine
 10
465.5
 20
6588.0
 30
0.0
 11
654.5
 21
6588.0
 31
0.0
  0
LINE
  5
2FD
330
17
100
AcDbEntity
  8
FW_SLAB_SECTION
 62
7
370
50
100
AcDbLine
 10
465.5
 20
6612.0
 30
0.0
 11
654.5
 21
6612.0
 31
0.0
  0
DIMENSION
  5
2FE
330
17
100
AcDbEntity
  8
FW_DIM
100
AcDbDimension
280
0
  2
*D23
  3
FW_DIM
 10
669.5
 20
6588.0
 30
0.0
 11
657.5
 21
6636.0
 31
0.0
 70
160
 71
5
  1
<>
100
AcDbAlignedDimension
 13
654.5
 23
6588.0
 33
0.0
 14
654.5
 24
6612.0
 34
0.0
 50
90.0
100
AcDbRotatedDimension
1001
ACAD
1000
DSTYLE
1002
{
1070
279
1070
2
1002
}
  0
HATCH
  5
30D
330
17
100
AcDbEntity
  8
FW_SLAB_SECTION
 62
8
100
AcDbHatch
 10
0.0
 20
0.0
 30
0.0
210
0.0
220
0.0
230
1.0
  2
SOLID
 70
1
 71
0
 91
1
 92
3
 72
0
 73
1
 93
5
 10
1194.5
 20
4428.0
 10
1194.5
 20
4452.0
 10
1005.5
 20
4452.0
 10
1005.5
 20
4428.0
 10
1194.5
 20
4428.0
 97
0
 75
1
 76
1
 98
0
  0
LINE
  5
30E
330
17
100
AcDbEntity
  8
FW_SLAB_SECTION
 62
7
370
50
100
AcDbLine
 10
1005.5
 20
4428.0
 30
0.0
 11
1194.5
 21
4428.0
 31
0.0
  0
LINE
  5
30F
330
17
100
AcDbEntity
  8
FW_SLAB_SECTION
 62
7
370
50
100
AcDbLine
 10
1005.5
 20
4452.0
 30
0.0
 11
1194.5
 21
4452.0
 31
0.0
  0
DIMENSION
  5
310
330
17
100
AcDbEntity
  8
FW_DIM
100
AcDbDimension
280
0
  2
*D24
  3
FW_DIM
 10
1209.5
 20
4428.0
 30
0.0
 11
1197.5
 21
4476.0
 31
0.0
 70
160
 71
5
  1
<>
100
AcDbAlignedDimension
 13
1194.5
 23
4428.0
 33
0.0
 14
1194.5
 24
4452.0
 34
0.0
 50
90.0
100
AcDbRotatedDimension
1001
ACAD
1000
DSTYLE
1002
{
1070
279
1070
2
1002
}
  0
HATCH
  5
31F
330
17
100
AcDbEntity
  8
FW_SLAB_SECTION
 62
8
100
AcDbHatch
 10
0.0
 20
0.0
 30
0.0
210
0.0
220
0.0
230
1.0
  2
SOLID
 70
1
 71
0
 91
1
 92
3
 72
0
 73
1
 93
5
 10
1194.5
 20
4968.0
 10
1194.5
 20
4992.0
 10
1005.5
 20
4992.0
 10
1005.5
 20
4968.0
 10
1194.5
 20
4968.0
 97
0
 75
1
 76
1
 98
0
  0
LINE
  5
320
330
17
100
AcDbEntity
  8
FW_SLAB_SECTION
 62
7
370
50
100
AcDbLine
 10
1005.5
 20
4968.0
 30
0.0
 11
1194.5
 21
4968.0
 31
0.0
  0
LINE
  5
321
330
17
100
AcDbEntity
  8
FW_SLAB_SECTION
 62
7
370
50
100
AcDbLine
 10
1005.5
 20
4992.0
 30
0.0
 11
1194.5
 21
4992.0
 31
0.0
  0
DIMENSION
  5
322
330
17
100
AcDbEntity
  8
FW_DIM
100
AcDbDimension
280
0
  2
*D25
  3
FW_DIM
 10
1209.5
 20
4968.0
 30
0.0
 11
1197.5
 21
5016.0
 31
0.0
 70
160
 71
5
  1
<>
100
AcDbAlignedDimension
 13
1194.5
 23
4968.0
 33
0.0
 14
1194.5
 24
4992.0
 34
0.0
 50
90.0
100
AcDbRotatedDimension
1001
ACAD
1000
DSTYLE
1002
{
1070
279
1070
2
1002
}
  0
HATCH
  5
331
330
17
100
AcDbEntity
  8
FW_SLAB_SECTION
 62
8
100
AcDbHatch
 10
0.0
 20
0.0
 30
0.0
210
0.0
220
0.0
230
1.0
  2
SOLID
 70
1
 71
0
 91
1
 92
3
 72
0
 73
1
 93
5
 10
1194.5
 20
6048.0
 10
1194.5
 20
6072.0
 10
1005.5
 20
6072.0
 10
1005.5
 20
6048.0
 10
1194.5
 20
6048.0
 97
0
 75
1
 76
1
 98
0
  0
LINE
  5
332
330
17
100
AcDbEntity
  8
FW_SLAB_SECTION
 62
7
370
50
100
AcDbLine
 10
1005.5
 20
6048.0
 30
0.0
 11
1194.5
 21
6048.0
 31
0.0
  0
LINE
  5
333
330
17
100
AcDbEntity
  8
FW_SLAB_SECTION
 62
7
370
50
100
AcDbLine
 10
1005.5
 20
6072.0
 30
0.0
 11
1194.5
 21
6072.0
 31
0.0
  0
DIMENSION
  5
334
330
17
100
AcDbEntity
  8
FW_DIM
100
AcDbDimension
280
0
  2
*D26
  3
FW_DIM
 10
1209.5
 20
6048.0
 30
0.0
 11
1197.5
 21
6096.0
 31
0.0
 70
160
 71
5
  1
<>
100
AcDbAlignedDimension
 13
1194.5
 23
6048.0
 33
0.0
 14
1194.5
 24
6072.0
 34
0.0
 50
90.0
100
AcDbRotatedDimension
1001
ACAD
1000
DSTYLE
1002
{
1070
279
1070
2
1002
}
  0
HATCH
  5
343
330
17
100
AcDbEntity
  8
FW_SLAB_SECTION
 62
8
100
AcDbHatch
 10
0.0
 20
0.0
 30
0.0
210
0.0
220
0.0
230
1.0
  2
SOLID
 70
1
 71
0
 91
1
 92
3
 72
0
 73
1
 93
5
 10
1194.5
 20
6588.0
 10
1194.5
 20
6612.0
 10
1005.5
 20
6612.0
 10
1005.5
 20
6588.0
 10
1194.5
 20
6588.0
 97
0
 75
1
 76
1
 98
0
  0
LINE
  5
344
330
17
100
AcDbEntity
  8
FW_SLAB_SECTION
 62
7
370
50
100
AcDbLine
 10
1005.5
 20
6588.0
 30
0.0
 11
1194.5
 21
6588.0
 31
0.0
  0
LINE
  5
345
330
17
100
AcDbEntity
  8
FW_SLAB_SECTION
 62
7
370
50
100
AcDbLine
 10
1005.5
 20
6612.0
 30
0.0
 11
1194.5
 21
6612.0
 31
0.0
  0
DIMENSION
  5
346
330
17
100
AcDbEntity
  8
FW_DIM
100
AcDbDimension
280
0
  2
*D27
  3
FW_DIM
 10
1209.5
 20
6588.0
 30
0.0
 11
1197.5
 21
6636.0
 31
0.0
 70
160
 71
5
  1
<>
100
AcDbAlignedDimension
 13
1194.5
 23
6588.0
 33
0.0
 14
1194.5
 24
6612.0
 34
0.0
 50
90.0
100
AcDbRotatedDimension
1001
ACAD
1000
DSTYLE
1002
{
1070
279
1070
2
1002
}
  0
HATCH
  5
355
330
17
100
AcDbEntity
  8
FW_SLAB_SECTION
 62
8
100
AcDbHatch
 10
0.0
 20
0.0
 30
0.0
210
0.0
220
0.0
230
1.0
  2
SOLID
 70
1
 71
0
 91
1
 92
3
 72
0
 73
1
 93
5
 10
1734.5
 20
4428.0
 10
1734.5
 20
4452.0
 10
1545.5
 20
4452.0
 10
1545.5
 20
4428.0
 10
1734.5
 20
4428.0
 97
0
 75
1
 76
1
 98
0
  0
LINE
  5
356
330
17
100
AcDbEntity
  8
FW_SLAB_SECTION
 62
7
370
50
100
AcDbLine
 10
1545.5
 20
4428.0
 30
0.0
 11
1734.5
 21
4428.0
 31
0.0
  0
LINE
  5
357
330
17
100
AcDbEntity
  8
FW_SLAB_SECTION
 62
7
370
50
100
AcDbLine
 10
1545.5
 20
4452.0
 30
0.0
 11
1734.5
 21
4452.0
 31
0.0
  0
DIMENSION
  5
358
330
17
100
AcDbEntity
  8
FW_DIM
100
AcDbDimension
280
0
  2
*D28
  3
FW_DIM
 10
1749.5
 20
4428.0
 30
0.0
 11
1737.5
 21
4476.0
 31
0.0
 70
160
 71
5
  1
<>
100
AcDbAlignedDimension
 13
1734.5
 23
4428.0
 33
0.0
 14
1734.5
 24
4452.0
 34
0.0
 50
90.0
100
AcDbRotatedDimension
1001
ACAD
1000
DSTYLE
1002
{
1070
279
1070
2
1002
}
  0
HATCH
  5
367
330
17
100
AcDbEntity
  8
FW_SLAB_SECTION
 62
8
100
AcDbHatch
 10
0.0
 20
0.0
 30
0.0
210
0.0
220
0.0
230
1.0
  2
SOLID
 70
1
 71
0
 91
1
 92
3
 72
0
 73
1
 93
5
 10
1734.5
 20
4968.0
 10
1734.5
 20
4992.0
 10
1545.5
 20
4992.0
 10
1545.5
 20
4968.0
 10
1734.5
 20
4968.0
 97
0
 75
1
 76
1
 98
0
  0
LINE
  5
368
330
17
100
AcDbEntity
  8
FW_SLAB_SECTION
 62
7
370
50
100
AcDbLine
 10
1545.5
 20
4968.0
 30
0.0
 11
1734.5
 21
4968.0
 31
0.0
  0
LINE
  5
369
330
17
100
AcDbEntity
  8
FW_SLAB_SECTION
 62
7
370
50
100
AcDbLine
 10
1545.5
 20
4992.0
 30
0.0
 11
1734.5
 21
4992.0
 31
0.0
  0
DIMENSION
  5
36A
330
17
100
AcDbEntity
  8
FW_DIM
100
AcDbDimension
280
0
  2
*D29
  3
FW_DIM
 10
1749.5
 20
4968.0
 30
0.0
 11
1737.5
 21
5016.0
 31
0.0
 70
160
 71
5
  1
<>
100
AcDbAlignedDimension
 13
1734.5
 23
4968.0
 33
0.0
 14
1734.5
 24
4992.0
 34
0.0
 50
90.0
100
AcDbRotatedDimension
1001
ACAD
1000
DSTYLE
1002
{
1070
279
1070
2
1002
}
  0
HATCH
  5
379
330
17
100
AcDbEntity
  8
FW_SLAB_SECTION
 62
8
100
AcDbHatch
 10
0.0
 20
0.0
 30
0.0
210
0.0
220
0.0
230
1.0
  2
SOLID
 70
1
 71
0
 91
1
 92
3
 72
0
 73
1
 93
5
 10
1734.5
 20
6048.0
 10
1734.5
 20
6072.0
 10
1545.5
 20
6072.0
 10
1545.5
 20
6048.0
 10
1734.5
 20
6048.0
 97
0
 75
1
 76
1
 98
0
  0
LINE
  5
37A
330
17
100
AcDbEntity
  8
FW_SLAB_SECTION
 62
7
370
50
100
AcDbLine
 10
1545.5
 20
6048.0
 30
0.0
 11
1734.5
 21
6048.0
 31
0.0
  0
LINE
  5
37B
330
17
100
AcDbEntity
  8
FW_SLAB_SECTION
 62
7
370
50
100
AcDbLine
 10
1545.5
 20
6072.0
 30
0.0
 11
1734.5
 21
6072.0
 31
0.0
  0
DIMENSION
  5
37C
330
17
100
AcDbEntity
  8
FW_DIM
100
AcDbDimension
280
0
  2
*D30
  3
FW_DIM
 10
1749.5
 20
6048.0
 30
0.0
 11
1737.5
 21
6096.0
 31
0.0
 70
160
 71
5
  1
<>
100
AcDbAlignedDimension
 13
1734.5
 23
6048.0
 33
0.0
 14
1734.5
 24
6072.0
 34
0.0
 50
90.0
100
AcDbRotatedDimension
1001
ACAD
1000
DSTYLE
1002
{
1070
279
1070
2
1002
}
  0
HATCH
  5
38B
330
17
100
AcDbEntity
  8
FW_SLAB_SECTION
 62
8
100
AcDbHatch
 10
0.0
 20
0.0
 30
0.0
210
0.0
220
0.0
230
1.0
  2
SOLID
 70
1
 71
0
 91
1
 92
3
 72
0
 73
1
 93
5
 10
1734.5
 20
6588.0
 10
1734.5
 20
6612.0
 10
1545.5
 20
6612.0
 10
1545.5
 20
6588.0
 10
1734.5
 20
6588.0
 97
0
 75
1
 76
1
 98
0
  0
LINE
  5
38C
330
17
100
AcDbEntity
  8
FW_SLAB_SECTION
 62
7
370
50
100
AcDbLine
 10
1545.5
 20
6588.0
 30
0.0
 11
1734.5
 21
6588.0
 31
0.0
  0
LINE
  5
38D
330
17
100
AcDbEntity
  8
FW_SLAB_SECTION
 62
7
370
50
100
AcDbLine
 10
1545.5
 20
6612.0
 30
0.0
 11
1734.5
 21
6612.0
 31
0.0
  0
DIMENSION
  5
38E
330
17
100
AcDbEntity
  8
FW_DIM
100
AcDbDimension
280
0
  2
*D31
  3
FW_DIM
 10
1749.5
 20
6588.0
 30
0.0
 11
1737.5
 21
6636.0
 31
0.0
 70
160
 71
5
  1
<>
100
AcDbAlignedDimension
 13
1734.5
 23
6588.0
 33
0.0
 14
1734.5
 24
6612.0
 34
0.0
 50
90.0
100
AcDbRotatedDimension
1001
ACAD
1000
DSTYLE
1002
{
1070
279
1070
2
1002
}
  0
HATCH
  5
39D
330
17
100
AcDbEntity
  8
FW_SLAB_SECTION
 62
8
100
AcDbHatch
 10
0.0
 20
0.0
 30
0.0
210
0.0
220
0.0
230
1.0
  2
SOLID
 70
1
 71
0
 91
1
 92
3
 72
0
 73
1
 93
5
 10
2274.5
 20
4428.0
 10
2274.5
 20
4452.0
 10
2085.5
 20
4452.0
 10
2085.5
 20
4428.0
 10
2274.5
 20
4428.0
 97
0
 75
1
 76
1
 98
0
  0
LINE
  5
39E
330
17
100
AcDbEntity
  8
FW_SLAB_SECTION
 62
7
370
50
100
AcDbLine
 10
2085.5
 20
4428.0
 30
0.0
 11
2274.5
 21
4428.0
 31
0.0
  0
LINE
  5
39F
330
17
100
AcDbEntity
  8
FW_SLAB_SECTION
 62
7
370
50
100
AcDbLine
 10
2085.5
 20
4452.0
 30
0.0
 11
2274.5
 21
4452.0
 31
0.0
  0
DIMENSION
  5
3A0
330
17
100
AcDbEntity
  8
FW_DIM
100
AcDbDimension
280
0
  2
*D32
  3
FW_DIM
 10
2289.5
 20
4428.0
 30
0.0
 11
2277.5
 21
4476.0
 31
0.0
 70
160
 71
5
  1
<>
100
AcDbAlignedDimension
 13
2274.5
 23
4428.0
 33
0.0
 14
2274.5
 24
4452.0
 34
0.0
 50
90.0
100
AcDbRotatedDimension
1001
ACAD
1000
DSTYLE
1002
{
1070
279
1070
2
1002
}
  0
HATCH
  5
3AF
330
17
100
AcDbEntity
  8
FW_SLAB_SECTION
 62
8
100
AcDbHatch
 10
0.0
 20
0.0
 30
0.0
210
0.0
220
0.0
230
1.0
  2
SOLID
 70
1
 71
0
 91
1
 92
3
 72
0
 73
1
 93
5
 10
2274.5
 20
5508.0
 10
2274.5
 20
5532.0
 10
2085.5
 20
5532.0
 10
2085.5
 20
5508.0
 10
2274.5
 20
5508.0
 97
0
 75
1
 76
1
 98
0
  0
LINE
  5
3B0
330
17
100
AcDbEntity
  8
FW_SLAB_SECTION
 62
7
370
50
100
AcDbLine
 10
2085.5
 20
5508.0
 30
0.0
 11
2274.5
 21
5508.0
 31
0.0
  0
LINE
  5
3B1
330
17
100
AcDbEntity
  8
FW_SLAB_SECTION
 62
7
370
50
100
AcDbLine
 10
2085.5
 20
5532.0
 30
0.0
 11
2274.5
 21
5532.0
 31
0.0
  0
DIMENSION
  5
3B2
330
17
100
AcDbEntity
  8
FW_DIM
100
AcDbDimension
280
0
  2
*D33
  3
FW_DIM
 10
2289.5
 20
5508.0
 30
0.0
 11
2277.5
 21
5556.0
 31
0.0
 70
160
 71
5
  1
<>
100
AcDbAlignedDimension
 13
2274.5
 23
5508.0
 33
0.0
 14
2274.5
 24
5532.0
 34
0.0
 50
90.0
100
AcDbRotatedDimension
1001
ACAD
1000
DSTYLE
1002
{
1070
279
1070
2
1002
}
  0
HATCH
  5
3C1
330
17
100
AcDbEntity
  8
FW_SLAB_SECTION
 62
8
100
AcDbHatch
 10
0.0
 20
0.0
 30
0.0
210
0.0
220
0.0
230
1.0
  2
SOLID
 70
1
 71
0
 91
1
 92
3
 72
0
 73
1
 93
5
 10
2274.5
 20
6048.0
 10
2274.5
 20
6072.0
 10
2085.5
 20
6072.0
 10
2085.5
 20
6048.0
 10
2274.5
 20
6048.0
 97
0
 75
1
 76
1
 98
0
  0
LINE
  5
3C2
330
17
100
AcDbEntity
  8
FW_SLAB_SECTION
 62
7
370
50
100
AcDbLine
 10
2085.5
 20
6048.0
 30
0.0
 11
2274.5
 21
6048.0
 31
0.0
  0
LINE
  5
3C3
330
17
100
AcDbEntity
  8
FW_SLAB_SECTION
 62
7
370
50
100
AcDbLine
 10
2085.5
 20
6072.0
 30
0.0
 11
2274.5
 21
6072.0
 31
0.0
  0
DIMENSION
  5
3C4
330
17
100
AcDbEntity
  8
FW_DIM
100
AcDbDimension
280
0
  2
*D34
  3
FW_DIM
 10
2289.5
 20
6048.0
 30
0.0
 11
2277.5
 21
6096.0
 31
0.0
 70
160
 71
5
  1
<>
100
AcDbAlignedDimension
 13
2274.5
 23
6048.0
 33
0.0
 14
2274.5
 24
6072.0
 34
0.0
 50
90.0
100
AcDbRotatedDimension
1001
ACAD
1000
DSTYLE
1002
{
1070
279
1070
2
1002
}
  0
HATCH
  5
3D3
330
17
100
AcDbEntity
  8
FW_SLAB_SECTION
 62
8
100
AcDbHatch
 10
0.0
 20
0.0
 30
0.0
210
0.0
220
0.0
230
1.0
  2
SOLID
 70
1
 71
0
 91
1
 92
3
 72
0
 73
1
 93
5
 10
2274.5
 20
6588.0
 10
2274.5
 20
6612.0
 10
2085.5
 20
6612.0
 10
2085.5
 20
6588.0
 10
2274.5
 20
6588.0
 97
0
 75
1
 76
1
 98
0
  0
LINE
  5
3D4
330
17
100
AcDbEntity
  8
FW_SLAB_SECTION
 62
7
370
50
100
AcDbLine
 10
2085.5
 20
6588.0
 30
0.0
 11
2274.5
 21
6588.0
 31
0.0
  0
LINE
  5
3D5
330
17
100
AcDbEntity
  8
FW_SLAB_SECTION
 62
7
370
50
100
AcDbLine
 10
2085.5
 20
6612.0
 30
0.0
 11
2274.5
 21
6612.0
 31
0.0
  0
DIMENSION
  5
3D6
330
17
100
AcDbEntity
  8
FW_DIM
100
AcDbDimension
280
0
  2
*D35
  3
FW_DIM
 10
2289.5
 20
6588.0
 30
0.0
 11
2277.5
 21
6636.0
 31
0.0
 70
160
 71
5
  1
<>
100
AcDbAlignedDimension
 13
2274.5
 23
6588.0
 33
0.0
 14
2274.5
 24
6612.0
 34
0.0
 50
90.0
100
AcDbRotatedDimension
1001
ACAD
1000
DSTYLE
1002
{
1070
279
1070
2
1002
}
  0
DIMENSION
  5
3E5
330
17
100
AcDbEntity
  8
FW_DIM
100
AcDbDimension
280
0
  2
*D36
  3
FW_DIM
 10
0.0
 20
4170.0
 30
0.0
 11
20.0
 21
4183.5
 31
0.0
 70
32
 71
5
  1
<>
100
AcDbAlignedDimension
 13
0.0
 23
4170.0
 33
0.0
 14
40.0
 24
4170.0
 34
0.0
 50
0.0
100
AcDbRotatedDimension
  0
DIMENSION
  5
3F4
330
17
100
AcDbEntity
  8
FW_DIM
100
AcDbDimension
280
0
  2
*D37
  3
FW_DIM
 10
40.0
 20
4170.0
 30
0.0
 11
290.0
 21
4183.5
 31
0.0
 70
32
 71
5
  1
<>
100
AcDbAlignedDimension
 13
40.0
 23
4170.0
 33
0.0
 14
540.0
 24
4170.0
 34
0.0
 50
0.0
100
AcDbRotatedDimension
  0
DIMENSION
  5
403
330
17
100
AcDbEntity
  8
FW_DIM
100
AcDbDimension
280
0
  2
*D38
  3
FW_DIM
 10
540.0
 20
4170.0
 30
0.0
 11
560.0
 21
4183.5
 31
0.0
 70
32
 71
5
  1
<>
100
AcDbAlignedDimension
 13
540.0
 23
4170.0
 33
0.0
 14
580.0
 24
4170.0
 34
0.0
 50
0.0
100
AcDbRotatedDimension
  0
DIMENSION
  5
412
330
17
100
AcDbEntity
  8
FW_DIM
100
AcDbDimension
280
0
  2
*D39
  3
FW_DIM
 10
580.0
 20
4170.0
 30
0.0
 11
830.0
 21
4183.5
 31
0.0
 70
32
 71
5
  1
<>
100
AcDbAlignedDimension
 13
580.0
 23
4170.0
 33
0.0
 14
1080.0
 24
4170.0
 34
0.0
 50
0.0
100
AcDbRotatedDimension
  0
DIMENSION
  5
421
330
17
100
AcDbEntity
  8
FW_DIM
100
AcDbDimension
280
0
  2
*D40
  3
FW_DIM
 10
1080.0
 20
4170.0
 30
0.0
 11
1370.0
 21
4183.5
 31
0.0
 70
32
 71
5
  1
<>
100
AcDbAlignedDimension
 13
1080.0
 23
4170.0
 33
0.0
 14
1660.0
 24
4170.0
 34
0.0
 50
0.0
100
AcDbRotatedDimension
  0
DIMENSION
  5
430
330
17
100
AcDbEntity
  8
FW_DIM
100
AcDbDimension
280
0
  2
*D41
  3
FW_DIM
 10
1660.0
 20
4170.0
 30
0.0
 11
1910.0
 21
4183.5
 31
0.0
 70
32
 71
5
  1
<>
100
AcDbAlignedDimension
 13
1660.0
 23
4170.0
 33
0.0
 14
2160.0
 24
4170.0
 34
0.0
 50
0.0
100
AcDbRotatedDimension
  0
DIMENSION
  5
43F
330
17
100
AcDbEntity
  8
FW_DIM
100
AcDbDimension
280
0
  2
*D42
  3
FW_DIM
 10
2160.0
 20
4170.0
 30
0.0
 11
2180.0
 21
4183.5
 31
0.0
 70
32
 71
5
  1
<>
100
AcDbAlignedDimension
 13
2160.0
 23
4170.0
 33
0.0
 14
2200.0
 24
4170.0
 34
0.0
 50
0.0
100
AcDbRotatedDimension
  0
DIMENSION
  5
44E
330
17
100
AcDbEntity
  8
FW_DIM
100
AcDbDimension
280
0
  2
*D43
  3
FW_DIM
 10
2200.0
 20
4170.0
 30
0.0
 11
2450.0
 21
4183.5
 31
0.0
 70
32
 71
5
  1
<>
100
AcDbAlignedDimension
 13
2200.0
 23
4170.0
 33
0.0
 14
2700.0
 24
4170.0
 34
0.0
 50
0.0
100
AcDbRotatedDimension
  0
DIMENSION
  5
45D
330
17
100
AcDbEntity
  8
FW_DIM
100
AcDbDimension
280
0
  2
*D44
  3
FW_DIM
 10
2700.0
 20
4170.0
 30
0.0
 11
2720.0
 21
4183.5
 31
0.0
 70
32
 71
5
  1
<>
100
AcDbAlignedDimension
 13
2700.0
 23
4170.0
 33
0.0
 14
2740.0
 24
4170.0
 34
0.0
 50
0.0
100
AcDbRotatedDimension
  0
DIMENSION
  5
46C
330
17
100
AcDbEntity
  8
FW_DIM
100
AcDbDimension
280
0
  2
*D45
  3
FW_DIM
 10
0.0
 20
4710.0
 30
0.0
 11
20.0
 21
4723.5
 31
0.0
 70
32
 71
5
  1
<>
100
AcDbAlignedDimension
 13
0.0
 23
4710.0
 33
0.0
 14
40.0
 24
4710.0
 34
0.0
 50
0.0
100
AcDbRotatedDimension
  0
DIMENSION
  5
47B
330
17
100
AcDbEntity
  8
FW_DIM
100
AcDbDimension
280
0
  2
*D46
  3
FW_DIM
 10
40.0
 20
4710.0
 30
0.0
 11
328.25
 21
4723.5
 31
0.0
 70
160
 71
5
  1
<>
100
AcDbAlignedDimension
 13
40.0
 23
4710.0
 33
0.0
 14
540.0
 24
4710.0
 34
0.0
 50
0.0
100
AcDbRotatedDimension
1001
ACAD
1000
DSTYLE
1002
{
1070
279
1070
2
1002
}
  0
DIMENSION
  5
48A
330
17
100
AcDbEntity
  8
FW_DIM
100
AcDbDimension
280
0
  2
*D47
  3
FW_DIM
 10
540.0
 20
4710.0
 30
0.0
 11
560.0
 21
4723.5
 31
0.0
 70
32
 71
5
  1
<>
100
AcDbAlignedDimension
 13
540.0
 23
4710.0
 33
0.0
 14
580.0
 24
4710.0
 34
0.0
 50
0.0
100
AcDbRotatedDimension
  0
DIMENSION
  5
499
330
17
100
AcDbEntity
  8
FW_DIM
100
AcDbDimension
280
0
  2
*D48
  3
FW_DIM
 10
580.0
 20
4710.0
 30
0.0
 11
868.25
 21
4723.5
 31
0.0
 70
160
 71
5
  1
<>
100
AcDbAlignedDimension
 13
580.0
 23
4710.0
 33
0.0
 14
1080.0
 24
4710.0
 34
0.0
 50
0.0
100
AcDbRotatedDimension
1001
ACAD
1000
DSTYLE
1002
{
1070
279
1070
2
1002
}
  0
DIMENSION
  5
4A8
330
17
100
AcDbEntity
  8
FW_DIM
100
AcDbDimension
280
0
  2
*D49
  3
FW_DIM
 10
1080.0
 20
4710.0
 30
0.0
 11
1100.0
 21
4723.5
 31
0.0
 70
32
 71
5
  1
<>
100
AcDbAlignedDimension
 13
1080.0
 23
4710.0
 33
0.0
 14
1120.0
 24
4710.0
 34
0.0
 50
0.0
100
AcDbRotatedDimension
  0
DIMENSION
  5
4B7
330
17
100
AcDbEntity
  8
FW_DIM
100
AcDbDimension
280
0
  2
*D50
  3
FW_DIM
 10
1120.0
 20
4710.0
 30
0.0
 11
1408.25
 21
4723.5
 31
0.0
 70
160
 71
5
  1
<>
100
AcDbAlignedDimension
 13
1120.0
 23
4710.0
 33
0.0
 14
1620.0
 24
4710.0
 34
0.0
 50
0.0
100
AcDbRotatedDimension
1001
ACAD
1000
DSTYLE
1002
{
1070
279
1070
2
1002
}
  0
DIMENSION
  5
4C6
330
17
100
AcDbEntity
  8
FW_DIM
100
AcDbDimension
280
0
  2
*D51
  3
FW_DIM
 10
1620.0
 20
4710.0
 30
0.0
 11
1640.0
 21
4723.5
 31
0.0
 70
32
 71
5
  1
<>
100
AcDbAlignedDimension
 13
1620.0
 23
4710.0
 33
0.0
 14
1660.0
 24
4710.0
 34
0.0
 50
0.0
100
AcDbRotatedDimension
  0
DIMENSION
  5
4D5
330
17
100
AcDbEntity
  8
FW_DIM
100
AcDbDimension
280
0
  2
*D52
  3
FW_DIM
 10
1660.0
 20
4710.0
 30
0.0
 11
1948.25
 21
4723.5
 31
0.0
 70
160
 71
5
  1
<>
100
AcDbAlignedDimension
 13
1660.0
 23
4710.0
 33
0.0
 14
2160.0
 24
4710.0
 34
0.0
 50
0.0
100
AcDbRotatedDimension
1001
ACAD
1000
DSTYLE
1002
{
1070
279
1070
2
1002
}
  0
DIMENSION
  5
4E4
330
17
100
AcDbEntity
  8
FW_DIM
100
AcDbDimension
280
0
  2
*D53
  3
FW_DIM
 10
2160.0
 20
4710.0
 30
0.0
 11
2180.0
 21
4723.5
 31
0.0
 70
32
 71
5
  1
<>
100
AcDbAlignedDimension
 13
2160.0
 23
4710.0
 33
0.0
 14
2200.0
 24
4710.0
 34
0.0
 50
0.0
100
AcDbRotatedDimension
  0
DIMENSION
  5
4F3
330
17
100
AcDbEntity
  8
FW_DIM
100
AcDbDimension
280
0
  2
*D54
  3
FW_DIM
 10
2200.0
 20
4710.0
 30
0.0
 11
2488.25
 21
4723.5
 31
0.0
 70
160
 71
5
  1
<>
100
AcDbAlignedDimension
 13
2200.0
 23
4710.0
 33
0.0
 14
2700.0
 24
4710.0
 34
0.0
 50
0.0
100
AcDbRotatedDimension
1001
ACAD
1000
DSTYLE
1002
{
1070
279
1070
2
1002
}
  0
DIMENSION
  5
502
330
17
100
AcDbEntity
  8
FW_DIM
100
AcDbDimension
280
0
  2
*D55
  3
FW_DIM
 10
2700.0
 20
4710.0
 30
0.0
 11
2720.0
 21
4723.5
 31
0.0
 70
32
 71
5
  1
<>
100
AcDbAlignedDimension
 13
2700.0
 23
4710.0
 33
0.0
 14
2740.0
 24
4710.0
 34
0.0
 50
0.0
100
AcDbRotatedDimension
  0
DIMENSION
  5
511
330
17
100
AcDbEntity
  8
FW_DIM
100
AcDbDimension
280
0
  2
*D56
  3
FW_DIM
 10
0.0
 20
5250.0
 30
0.0
 11
20.0
 21
5263.5
 31
0.0
 70
32
 71
5
  1
<>
100
AcDbAlignedDimension
 13
0.0
 23
5250.0
 33
0.0
 14
40.0
 24
5250.0
 34
0.0
 50
0.0
100
AcDbRotatedDimension
  0
DIMENSION
  5
520
330
17
100
AcDbEntity
  8
FW_DIM
100
AcDbDimension
280
0
  2
*D57
  3
FW_DIM
 10
40.0
 20
5250.0
 30
0.0
 11
328.25
 21
5263.5
 31
0.0
 70
160
 71
5
  1
<>
100
AcDbAlignedDimension
 13
40.0
 23
5250.0
 33
0.0
 14
540.0
 24
5250.0
 34
0.0
 50
0.0
100
AcDbRotatedDimension
1001
ACAD
1000
DSTYLE
1002
{
1070
279
1070
2
1002
}
  0
DIMENSION
  5
52F
330
17
100
AcDbEntity
  8
FW_DIM
100
AcDbDimension
280
0
  2
*D58
  3
FW_DIM
 10
540.0
 20
5250.0
 30
0.0
 11
560.0
 21
5263.5
 31
0.0
 70
32
 71
5
  1
<>
100
AcDbAlignedDimension
 13
540.0
 23
5250.0
 33
0.0
 14
580.0
 24
5250.0
 34
0.0
 50
0.0
100
AcDbRotatedDimension
  0
DIMENSION
  5
53E
330
17
100
AcDbEntity
  8
FW_DIM
100
AcDbDimension
280
0
  2
*D59
  3
FW_DIM
 10
580.0
 20
5250.0
 30
0.0
 11
868.25
 21
5263.5
 31
0.0
 70
160
 71
5
  1
<>
100
AcDbAlignedDimension
 13
580.0
 23
5250.0
 33
0.0
 14
1087.5
 24
5250.0
 34
0.0
 50
0.0
100
AcDbRotatedDimension
1001
ACAD
1000
DSTYLE
1002
{
1070
279
1070
2
1002
}
  0
DIMENSION
  5
54D
330
17
100
AcDbEntity
  8
FW_DIM
100
AcDbDimension
280
0
  2
*D60
  3
FW_DIM
 10
1087.5
 20
5250.0
 30
0.0
 11
1370.0
 21
5263.5
 31
0.0
 70
32
 71
5
  1
<>
100
AcDbAlignedDimension
 13
1087.5
 23
5250.0
 33
0.0
 14
1652.5
 24
5250.0
 34
0.0
 50
0.0
100
AcDbRotatedDimension
  0
DIMENSION
  5
55C
330
17
100
AcDbEntity
  8
FW_DIM
100
AcDbDimension
280
0
  2
*D61
  3
FW_DIM
 10
1652.5
 20
5250.0
 30
0.0
 11
1948.25
 21
5263.5
 31
0.0
 70
160
 71
5
  1
<>
100
AcDbAlignedDimension
 13
1652.5
 23
5250.0
 33
0.0
 14
2157.5
 24
5250.0
 34
0.0
 50
0.0
100
AcDbRotatedDimension
1001
ACAD
1000
DSTYLE
1002
{
1070
279
1070
2
1002
}
  0
DIMENSION
  5
56B
330
17
100
AcDbEntity
  8
FW_DIM
100
AcDbDimension
280
0
  2
*D62
  3
FW_DIM
 10
2157.5
 20
5250.0
 30
0.0
 11
2180.0
 21
5263.5
 31
0.0
 70
32
 71
5
  1
<>
100
AcDbAlignedDimension
 13
2157.5
 23
5250.0
 33
0.0
 14
2202.5
 24
5250.0
 34
0.0
 50
0.0
100
AcDbRotatedDimension
  0
DIMENSION
  5
57A
330
17
100
AcDbEntity
  8
FW_DIM
100
AcDbDimension
280
0
  2
*D63
  3
FW_DIM
 10
2202.5
 20
5250.0
 30
0.0
 11
2488.25
 21
5263.5
 31
0.0
 70
160
 71
5
  1
<>
100
AcDbAlignedDimension
 13
2202.5
 23
5250.0
 33
0.0
 14
2700.0
 24
5250.0
 34
0.0
 50
0.0
100
AcDbRotatedDimension
1001
ACAD
1000
DSTYLE
1002
{
1070
279
1070
2
1002
}
  0
DIMENSION
  5
589
330
17
100
AcDbEntity
  8
FW_DIM
100
AcDbDimension
280
0
  2
*D64
  3
FW_DIM
 10
2700.0
 20
5250.0
 30
0.0
 11
2720.0
 21
5263.5
 31
0.0
 70
32
 71
5
  1
<>
100
AcDbAlignedDimension
 13
2700.0
 23
5250.0
 33
0.0
 14
2740.0
 24
5250.0
 34
0.0
 50
0.0
100
AcDbRotatedDimension
  0
DIMENSION
  5
598
330
17
100
AcDbEntity
  8
FW_DIM
100
AcDbDimension
280
0
  2
*D65
  3
FW_DIM
 10
0.0
 20
5790.0
 30
0.0
 11
20.0
 21
5803.5
 31
0.0
 70
32
 71
5
  1
<>
100
AcDbAlignedDimension
 13
0.0
 23
5790.0
 33
0.0
 14
40.0
 24
5790.0
 34
0.0
 50
0.0
100
AcDbRotatedDimension
  0
DIMENSION
  5
5A7
330
17
100
AcDbEntity
  8
FW_DIM
100
AcDbDimension
280
0
  2
*D66
  3
FW_DIM
 10
40.0
 20
5790.0
 30
0.0
 11
328.25
 21
5803.5
 31
0.0
 70
160
 71
5
  1
<>
100
AcDbAlignedDimension
 13
40.0
 23
5790.0
 33
0.0
 14
537.5
 24
5790.0
 34
0.0
 50
0.0
100
AcDbRotatedDimension
1001
ACAD
1000
DSTYLE
1002
{
1070
279
1070
2
1002
}
  0
DIMENSION
  5
5B6
330
17
100
AcDbEntity
  8
FW_DIM
100
AcDbDimension
280
0
  2
*D67
  3
FW_DIM
 10
537.5
 20
5790.0
 30
0.0
 11
560.0
 21
5803.5
 31
0.0
 70
32
 71
5
  1
<>
100
AcDbAlignedDimension
 13
537.5
 23
5790.0
 33
0.0
 14
582.5
 24
5790.0
 34
0.0
 50
0.0
100
AcDbRotatedDimension
  0
DIMENSION
  5
5C5
330
17
100
AcDbEntity
  8
FW_DIM
100
AcDbDimension
280
0
  2
*D68
  3
FW_DIM
 10
582.5
 20
5790.0
 30
0.0
 11
868.25
 21
5803.5
 31
0.0
 70
160
 71
5
  1
<>
100
AcDbAlignedDimension
 13
582.5
 23
5790.0
 33
0.0
 14
1087.5
 24
5790.0
 34
0.0
 50
0.0
100
AcDbRotatedDimension
1001
ACAD
1000
DSTYLE
1002
{
1070
279
1070
2
1002
}
  0
DIMENSION
  5
5D4
330
17
100
AcDbEntity
  8
FW_DIM
100
AcDbDimension
280
0
  2
*D69
  3
FW_DIM
 10
1087.5
 20
5790.0
 30
0.0
 11
1370.0
 21
5803.5
 31
0.0
 70
32
 71
5
  1
<>
100
AcDbAlignedDimension
 13
1087.5
 23
5790.0
 33
0.0
 14
1652.5
 24
5790.0
 34
0.0
 50
0.0
100
AcDbRotatedDimension
  0
DIMENSION
  5
5E3
330
17
100
AcDbEntity
  8
FW_DIM
100
AcDbDimension
280
0
  2
*D70
  3
FW_DIM
 10
1652.5
 20
5790.0
 30
0.0
 11
1948.25
 21
5803.5
 31
0.0
 70
160
 71
5
  1
<>
100
AcDbAlignedDimension
 13
1652.5
 23
5790.0
 33
0.0
 14
2160.0
 24
5790.0
 34
0.0
 50
0.0
100
AcDbRotatedDimension
1001
ACAD
1000
DSTYLE
1002
{
1070
279
1070
2
1002
}
  0
DIMENSION
  5
5F2
330
17
100
AcDbEntity
  8
FW_DIM
100
AcDbDimension
280
0
  2
*D71
  3
FW_DIM
 10
2160.0
 20
5790.0
 30
0.0
 11
2180.0
 21
5803.5
 31
0.0
 70
32
 71
5
  1
<>
100
AcDbAlignedDimension
 13
2160.0
 23
5790.0
 33
0.0
 14
2200.0
 24
5790.0
 34
0.0
 50
0.0
100
AcDbRotatedDimension
  0
DIMENSION
  5
601
330
17
100
AcDbEntity
  8
FW_DIM
100
AcDbDimension
280
0
  2
*D72
  3
FW_DIM
 10
2200.0
 20
5790.0
 30
0.0
 11
2488.25
 21
5803.5
 31
0.0
 70
160
 71
5
  1
<>
100
AcDbAlignedDimension
 13
2200.0
 23
5790.0
 33
0.0
 14
2700.0
 24
5790.0
 34
0.0
 50
0.0
100
AcDbRotatedDimension
1001
ACAD
1000
DSTYLE
1002
{
1070
279
1070
2
1002
}
  0
DIMENSION
  5
610
330
17
100
AcDbEntity
  8
FW_DIM
100
AcDbDimension
280
0
  2
*D73
  3
FW_DIM
 10
2700.0
 20
5790.0
 30
0.0
 11
2720.0
 21
5803.5
 31
0.0
 70
32
 71
5
  1
<>
100
AcDbAlignedDimension
 13
2700.0
 23
5790.0
 33
0.0
 14
2740.0
 24
5790.0
 34
0.0
 50
0.0
100
AcDbRotatedDimension
  0
DIMENSION
  5
61F
330
17
100
AcDbEntity
  8
FW_DIM
100
AcDbDimension
280
0
  2
*D74
  3
FW_DIM
 10
0.0
 20
6330.0
 30
0.0
 11
20.0
 21
6343.5
 31
0.0
 70
32
 71
5
  1
<>
100
AcDbAlignedDimension
 13
0.0
 23
6330.0
 33
0.0
 14
40.0
 24
6330.0
 34
0.0
 50
0.0
100
AcDbRotatedDimension
  0
DIMENSION
  5
62E
330
17
100
AcDbEntity
  8
FW_DIM
100
AcDbDimension
280
0
  2
*D75
  3
FW_DIM
 10
40.0
 20
6330.0
 30
0.0
 11
328.25
 21
6343.5
 31
0.0
 70
160
 71
5
  1
<>
100
AcDbAlignedDimension
 13
40.0
 23
6330.0
 33
0.0
 14
540.0
 24
6330.0
 34
0.0
 50
0.0
100
AcDbRotatedDimension
1001
ACAD
1000
DSTYLE
1002
{
1070
279
1070
2
1002
}
  0
DIMENSION
  5
63D
330
17
100
AcDbEntity
  8
FW_DIM
100
AcDbDimension
280
0
  2
*D76
  3
FW_DIM
 10
540.0
 20
6330.0
 30
0.0
 11
560.0
 21
6343.5
 31
0.0
 70
32
 71
5
  1
<>
100
AcDbAlignedDimension
 13
540.0
 23
6330.0
 33
0.0
 14
580.0
 24
6330.0
 34
0.0
 50
0.0
100
AcDbRotatedDimension
  0
DIMENSION
  5
64C
330
17
100
AcDbEntity
  8
FW_DIM
100
AcDbDimension
280
0
  2
*D77
  3
FW_DIM
 10
580.0
 20
6330.0
 30
0.0
 11
868.25
 21
6343.5
 31
0.0
 70
160
 71
5
  1
<>
100
AcDbAlignedDimension
 13
580.0
 23
6330.0
 33
0.0
 14
1080.0
 24
6330.0
 34
0.0
 50
0.0
100
AcDbRotatedDimension
1001
ACAD
1000
DSTYLE
1002
{
1070
279
1070
2
1002
}
  0
DIMENSION
  5
65B
330
17
100
AcDbEntity
  8
FW_DIM
100
AcDbDimension
280
0
  2
*D78
  3
FW_DIM
 10
1080.0
 20
6330.0
 30
0.0
 11
1100.0
 21
6343.5
 31
0.0
 70
32
 71
5
  1
<>
100
AcDbAlignedDimension
 13
1080.0
 23
6330.0
 33
0.0
 14
1120.0
 24
6330.0
 34
0.0
 50
0.0
100
AcDbRotatedDimension
  0
DIMENSION
  5
66A
330
17
100
AcDbEntity
  8
FW_DIM
100
AcDbDimension
280
0
  2
*D79
  3
FW_DIM
 10
1120.0
 20
6330.0
 30
0.0
 11
1408.25
 21
6343.5
 31
0.0
 70
160
 71
5
  1
<>
100
AcDbAlignedDimension
 13
1120.0
 23
6330.0
 33
0.0
 14
1620.0
 24
6330.0
 34
0.0
 50
0.0
100
AcDbRotatedDimension
1001
ACAD
1000
DSTYLE
1002
{
1070
279
1070
2
1002
}
  0
DIMENSION
  5
679
330
17
100
AcDbEntity
  8
FW_DIM
100
AcDbDimension
280
0
  2
*D80
  3
FW_DIM
 10
1620.0
 20
6330.0
 30
0.0
 11
1640.0
 21
6343.5
 31
0.0
 70
32
 71
5
  1
<>
100
AcDbAlignedDimension
 13
1620.0
 23
6330.0
 33
0.0
 14
1660.0
 24
6330.0
 34
0.0
 50
0.0
100
AcDbRotatedDimension
  0
DIMENSION
  5
688
330
17
100
AcDbEntity
  8
FW_DIM
100
AcDbDimension
280
0
  2
*D81
  3
FW_DIM
 10
1660.0
 20
6330.0
 30
0.0
 11
1948.25
 21
6343.5
 31
0.0
 70
160
 71
5
  1
<>
100
AcDbAlignedDimension
 13
1660.0
 23
6330.0
 33
0.0
 14
2160.0
 24
6330.0
 34
0.0
 50
0.0
100
AcDbRotatedDimension
1001
ACAD
1000
DSTYLE
1002
{
1070
279
1070
2
1002
}
  0
DIMENSION
  5
697
330
17
100
AcDbEntity
  8
FW_DIM
100
AcDbDimension
280
0
  2
*D82
  3
FW_DIM
 10
2160.0
 20
6330.0
 30
0.0
 11
2180.0
 21
6343.5
 31
0.0
 70
32
 71
5
  1
<>
100
AcDbAlignedDimension
 13
2160.0
 23
6330.0
 33
0.0
 14
2200.0
 24
6330.0
 34
0.0
 50
0.0
100
AcDbRotatedDimension
  0
DIMENSION
  5
6A6
330
17
100
AcDbEntity
  8
FW_DIM
100
AcDbDimension
280
0
  2
*D83
  3
FW_DIM
 10
2200.0
 20
6330.0
 30
0.0
 11
2488.25
 21
6343.5
 31
0.0
 70
160
 71
5
  1
<>
100
AcDbAlignedDimension
 13
2200.0
 23
6330.0
 33
0.0
 14
2700.0
 24
6330.0
 34
0.0
 50
0.0
100
AcDbRotatedDimension
1001
ACAD
1000
DSTYLE
1002
{
1070
279
1070
2
1002
}
  0
DIMENSION
  5
6B5
330
17
100
AcDbEntity
  8
FW_DIM
100
AcDbDimension
280
0
  2
*D84
  3
FW_DIM
 10
2700.0
 20
6330.0
 30
0.0
 11
2720.0
 21
6343.5
 31
0.0
 70
32
 71
5
  1
<>
100
AcDbAlignedDimension
 13
2700.0
 23
6330.0
 33
0.0
 14
2740.0
 24
6330.0
 34
0.0
 50
0.0
100
AcDbRotatedDimension
  0
DIMENSION
  5
6C4
330
17
100
AcDbEntity
  8
FW_DIM
100
AcDbDimension
280
0
  2
*D85
  3
FW_DIM
 10
0.0
 20
6870.0
 30
0.0
 11
20.0
 21
6883.5
 31
0.0
 70
32
 71
5
  1
<>
100
AcDbAlignedDimension
 13
0.0
 23
6870.0
 33
0.0
 14
40.0
 24
6870.0
 34
0.0
 50
0.0
100
AcDbRotatedDimension
  0
DIMENSION
  5
6D3
330
17
100
AcDbEntity
  8
FW_DIM
100
AcDbDimension
280
0
  2
*D86
  3
FW_DIM
 10
40.0
 20
6870.0
 30
0.0
 11
290.0
 21
6883.5
 31
0.0
 70
32
 71
5
  1
<>
100
AcDbAlignedDimension
 13
40.0
 23
6870.0
 33
0.0
 14
540.0
 24
6870.0
 34
0.0
 50
0.0
100
AcDbRotatedDimension
  0
DIMENSION
  5
6E2
330
17
100
AcDbEntity
  8
FW_DIM
100
AcDbDimension
280
0
  2
*D87
  3
FW_DIM
 10
540.0
 20
6870.0
 30
0.0
 11
560.0
 21
6883.5
 31
0.0
 70
32
 71
5
  1
<>
100
AcDbAlignedDimension
 13
540.0
 23
6870.0
 33
0.0
 14
580.0
 24
6870.0
 34
0.0
 50
0.0
100
AcDbRotatedDimension
  0
DIMENSION
  5
6F1
330
17
100
AcDbEntity
  8
FW_DIM
100
AcDbDimension
280
0
  2
*D88
  3
FW_DIM
 10
580.0
 20
6870.0
 30
0.0
 11
830.0
 21
6883.5
 31
0.0
 70
32
 71
5
  1
<>
100
AcDbAlignedDimension
 13
580.0
 23
6870.0
 33
0.0
 14
1080.0
 24
6870.0
 34
0.0
 50
0.0
100
AcDbRotatedDimension
  0
DIMENSION
  5
700
330
17
100
AcDbEntity
  8
FW_DIM
100
AcDbDimension
280
0
  2
*D89
  3
FW_DIM
 10
1080.0
 20
6870.0
 30
0.0
 11
1100.0
 21
6883.5
 31
0.0
 70
32
 71
5
  1
<>
100
AcDbAlignedDimension
 13
1080.0
 23
6870.0
 33
0.0
 14
1120.0
 24
6870.0
 34
0.0
 50
0.0
100
AcDbRotatedDimension
  0
DIMENSION
  5
70F
330
17
100
AcDbEntity
  8
FW_DIM
100
AcDbDimension
280
0
  2
*D90
  3
FW_DIM
 10
1120.0
 20
6870.0
 30
0.0
 11
1370.0
 21
6883.5
 31
0.0
 70
32
 71
5
  1
<>
100
AcDbAlignedDimension
 13
1120.0
 23
6870.0
 33
0.0
 14
1620.0
 24
6870.0
 34
0.0
 50
0.0
100
AcDbRotatedDimension
  0
DIMENSION
  5
71E
330
17
100
AcDbEntity
  8
FW_DIM
100
AcDbDimension
280
0
  2
*D91
  3
FW_DIM
 10
1620.0
 20
6870.0
 30
0.0
 11
1640.0
 21
6883.5
 31
0.0
 70
32
 71
5
  1
<>
100
AcDbAlignedDimension
 13
1620.0
 23
6870.0
 33
0.0
 14
1660.0
 24
6870.0
 34
0.0
 50
0.0
100
AcDbRotatedDimension
  0
DIMENSION
  5
72D
330
17
100
AcDbEntity
  8
FW_DIM
100
AcDbDimension
280
0
  2
*D92
  3
FW_DIM
 10
1660.0
 20
6870.0
 30
0.0
 11
1910.0
 21
6883.5
 31
0.0
 70
32
 71
5
  1
<>
100
AcDbAlignedDimension
 13
1660.0
 23
6870.0
 33
0.0
 14
2160.0
 24
6870.0
 34
0.0
 50
0.0
100
AcDbRotatedDimension
  0
DIMENSION
  5
73C
330
17
100
AcDbEntity
  8
FW_DIM
100
AcDbDimension
280
0
  2
*D93
  3
FW_DIM
 10
2160.0
 20
6870.0
 30
0.0
 11
2180.0
 21
6883.5
 31
0.0
 70
32
 71
5
  1
<>
100
AcDbAlignedDimension
 13
2160.0
 23
6870.0
 33
0.0
 14
2200.0
 24
6870.0
 34
0.0
 50
0.0
100
AcDbRotatedDimension
  0
DIMENSION
  5
74B
330
17
100
AcDbEntity
  8
FW_DIM
100
AcDbDimension
280
0
  2
*D94
  3
FW_DIM
 10
2200.0
 20
6870.0
 30
0.0
 11
2450.0
 21
6883.5
 31
0.0
 70
32
 71
5
  1
<>
100
AcDbAlignedDimension
 13
2200.0
 23
6870.0
 33
0.0
 14
2700.0
 24
6870.0
 34
0.0
 50
0.0
100
AcDbRotatedDimension
  0
DIMENSION
  5
75A
330
17
100
AcDbEntity
  8
FW_DIM
100
AcDbDimension
280
0
  2
*D95
  3
FW_DIM
 10
2700.0
 20
6870.0
 30
0.0
 11
2720.0
 21
6883.5
 31
0.0
 70
32
 71
5
  1
<>
100
AcDbAlignedDimension
 13
2700.0
 23
6870.0
 33
0.0
 14
2740.0
 24
6870.0
 34
0.0
 50
0.0
100
AcDbRotatedDimension
  0
DIMENSION
  5
769
330
17
100
AcDbEntity
  8
FW_DIM
100
AcDbDimension
280
0
  2
*D96
  3
FW_DIM
 10
20.0
 20
4150.0
 30
0.0
 11
6.5
 21
4170.0
 31
0.0
 70
32
 71
5
  1
<>
100
AcDbAlignedDimension
 13
20.0
 23
4150.0
 33
0.0
 14
20.0
 24
4190.0
 34
0.0
 50
90.0
100
AcDbRotatedDimension
  0
DIMENSION
  5
778
330
17
100
AcDbEntity
  8
FW_DIM
100
AcDbDimension
280
0
  2
*D97
  3
FW_DIM
 10
20.0
 20
4190.0
 30
0.0
 11
6.5
 21
4440.0
 31
0.0
 70
32
 71
5
  1
<>
100
AcDbAlignedDimension
 13
20.0
 23
4190.0
 33
0.0
 14
20.0
 24
4690.0
 34
0.0
 50
90.0
100
AcDbRotatedDimension
  0
DIMENSION
  5
787
330
17
100
AcDbEntity
  8
FW_DIM
100
AcDbDimension
280
0
  2
*D98
  3
FW_DIM
 10
20.0
 20
4690.0
 30
0.0
 11
6.5
 21
4710.0
 31
0.0
 70
32
 71
5
  1
<>
100
AcDbAlignedDimension
 13
20.0
 23
4690.0
 33
0.0
 14
20.0
 24
4730.0
 34
0.0
 50
90.0
100
AcDbRotatedDimension
  0
DIMENSION
  5
796
330
17
100
AcDbEntity
  8
FW_DIM
100
AcDbDimension
280
0
  2
*D99
  3
FW_DIM
 10
20.0
 20
4730.0
 30
0.0
 11
6.5
 21
4980.0
 31
0.0
 70
32
 71
5
  1
<>
100
AcDbAlignedDimension
 13
20.0
 23
4730.0
 33
0.0
 14
20.0
 24
5230.0
 34
0.0
 50
90.0
100
AcDbRotatedDimension
  0
DIMENSION
  5
7A5
330
17
100
AcDbEntity
  8
FW_DIM
100
AcDbDimension
280
0
  2
*D100
  3
FW_DIM
 10
20.0
 20
5230.0
 30
0.0
 11
6.5
 21
5520.0
 31
0.0
 70
32
 71
5
  1
<>
100
AcDbAlignedDimension
 13
20.0
 23
5230.0
 33
0.0
 14
20.0
 24
5810.0
 34
0.0
 50
90.0
100
AcDbRotatedDimension
  0
DIMENSION
  5
7B4
330
17
100
AcDbEntity
  8
FW_DIM
100
AcDbDimension
280
0
  2
*D101
  3
FW_DIM
 10
20.0
 20
5810.0
 30
0.0
 11
6.5
 21
6060.0
 31
0.0
 70
32
 71
5
  1
<>
100
AcDbAlignedDimension
 13
20.0
 23
5810.0
 33
0.0
 14
20.0
 24
6310.0
 34
0.0
 50
90.0
100
AcDbRotatedDimension
  0
DIMENSION
  5
7C3
330
17
100
AcDbEntity
  8
FW_DIM
100
AcDbDimension
280
0
  2
*D102
  3
FW_DIM
 10
20.0
 20
6310.0
 30
0.0
 11
6.5
 21
6330.0
 31
0.0
 70
32
 71
5
  1
<>
100
AcDbAlignedDimension
 13
20.0
 23
6310.0
 33
0.0
 14
20.0
 24
6350.0
 34
0.0
 50
90.0
100
AcDbRotatedDimension
  0
DIMENSION
  5
7D2
330
17
100
AcDbEntity
  8
FW_DIM
100
AcDbDimension
280
0
  2
*D103
  3
FW_DIM
 10
20.0
 20
6350.0
 30
0.0
 11
6.5
 21
6600.0
 31
0.0
 70
32
 71
5
  1
<>
100
AcDbAlignedDimension
 13
20.0
 23
6350.0
 33
0.0
 14
20.0
 24
6850.0
 34
0.0
 50
90.0
100
AcDbRotatedDimension
  0
DIMENSION
  5
7E1
330
17
100
AcDbEntity
  8
FW_DIM
100
AcDbDimension
280
0
  2
*D104
  3
FW_DIM
 10
20.0
 20
6850.0
 30
0.0
 11
6.5
 21
6870.0
 31
0.0
 70
32
 71
5
  1
<>
100
AcDbAlignedDimension
 13
20.0
 23
6850.0
 33
0.0
 14
20.0
 24
6890.0
 34
0.0
 50
90.0
100
AcDbRotatedDimension
  0
DIMENSION
  5
7F0
330
17
100
AcDbEntity
  8
FW_DIM
100
AcDbDimension
280
0
  2
*D105
  3
FW_DIM
 10
560.0
 20
4150.0
 30
0.0
 11
546.5
 21
4170.0
 31
0.0
 70
32
 71
5
  1
<>
100
AcDbAlignedDimension
 13
560.0
 23
4150.0
 33
0.0
 14
560.0
 24
4190.0
 34
0.0
 50
90.0
100
AcDbRotatedDimension
  0
DIMENSION
  5
7FF
330
17
100
AcDbEntity
  8
FW_DIM
100
AcDbDimension
280
0
  2
*D106
  3
FW_DIM
 10
560.0
 20
4190.0
 30
0.0
 11
546.5
 21
4478.25
 31
0.0
 70
160
 71
5
  1
<>
100
AcDbAlignedDimension
 13
560.0
 23
4190.0
 33
0.0
 14
560.0
 24
4690.0
 34
0.0
 50
90.0
100
AcDbRotatedDimension
1001
ACAD
1000
DSTYLE
1002
{
1070
279
1070
2
1002
}
  0
DIMENSION
  5
80E
330
17
100
AcDbEntity
  8
FW_DIM
100
AcDbDimension
280
0
  2
*D107
  3
FW_DIM
 10
560.0
 20
4690.0
 30
0.0
 11
546.5
 21
4710.0
 31
0.0
 70
32
 71
5
  1
<>
100
AcDbAlignedDimension
 13
560.0
 23
4690.0
 33
0.0
 14
560.0
 24
4730.0
 34
0.0
 50
90.0
100
AcDbRotatedDimension
  0
DIMENSION
  5
81D
330
17
100
AcDbEntity
  8
FW_DIM
100
AcDbDimension
280
0
  2
*D108
  3
FW_DIM
 10
560.0
 20
4730.0
 30
0.0
 11
546.5
 21
5018.25
 31
0.0
 70
160
 71
5
  1
<>
100
AcDbAlignedDimension
 13
560.0
 23
4730.0
 33
0.0
 14
560.0
 24
5230.0
 34
0.0
 50
90.0
100
AcDbRotatedDimension
1001
ACAD
1000
DSTYLE
1002
{
1070
279
1070
2
1002
}
  0
DIMENSION
  5
82C
330
17
100
AcDbEntity
  8
FW_DIM
100
AcDbDimension
280
0
  2
*D109
  3
FW_DIM
 10
560.0
 20
5230.0
 30
0.0
 11
546.5
 21
5250.0
 31
0.0
 70
32
 71
5
  1
<>
100
AcDbAlignedDimension
 13
560.0
 23
5230.0
 33
0.0
 14
560.0
 24
5270.0
 34
0.0
 50
90.0
100
AcDbRotatedDimension
  0
DIMENSION
  5
83B
330
17
100
AcDbEntity
  8
FW_DIM
100
AcDbDimension
280
0
  2
*D110
  3
FW_DIM
 10
560.0
 20
5270.0
 30
0.0
 11
546.5
 21
5558.25
 31
0.0
 70
160
 71
5
  1
<>
100
AcDbAlignedDimension
 13
560.0
 23
5270.0
 33
0.0
 14
560.0
 24
5767.5
 34
0.0
 50
90.0
100
AcDbRotatedDimension
1001
ACAD
1000
DSTYLE
1002
{
1070
279
1070
2
1002
}
  0
DIMENSION
  5
84A
330
17
100
AcDbEntity
  8
FW_DIM
100
AcDbDimension
280
0
  2
*D111
  3
FW_DIM
 10
560.0
 20
5767.5
 30
0.0
 11
546.5
 21
5790.0
 31
0.0
 70
32
 71
5
  1
<>
100
AcDbAlignedDimension
 13
560.0
 23
5767.5
 33
0.0
 14
560.0
 24
5812.5
 34
0.0
 50
90.0
100
AcDbRotatedDimension
  0
DIMENSION
  5
859
330
17
100
AcDbEntity
  8
FW_DIM
100
AcDbDimension
280
0
  2
*D112
  3
FW_DIM
 10
560.0
 20
5812.5
 30
0.0
 11
546.5
 21
6098.25
 31
0.0
 70
160
 71
5
  1
<>
100
AcDbAlignedDimension
 13
560.0
 23
5812.5
 33
0.0
 14
560.0
 24
6310.0
 34
0.0
 50
90.0
100
AcDbRotatedDimension
1001
ACAD
1000
DSTYLE
1002
{
1070
279
1070
2
1002
}
  0
DIMENSION
  5
868
330
17
100
AcDbEntity
  8
FW_DIM
100
AcDbDimension
280
0
  2
*D113
  3
FW_DIM
 10
560.0
 20
6310.0
 30
0.0
 11
546.5
 21
6330.0
 31
0.0
 70
32
 71
5
  1
<>
100
AcDbAlignedDimension
 13
560.0
 23
6310.0
 33
0.0
 14
560.0
 24
6350.0
 34
0.0
 50
90.0
100
AcDbRotatedDimension
  0
DIMENSION
  5
877
330
17
100
AcDbEntity
  8
FW_DIM
100
AcDbDimension
280
0
  2
*D114
  3
FW_DIM
 10
560.0
 20
6350.0
 30
0.0
 11
546.5
 21
6638.25
 31
0.0
 70
160
 71
5
  1
<>
100
AcDbAlignedDimension
 13
560.0
 23
6350.0
 33
0.0
 14
560.0
 24
6850.0
 34
0.0
 50
90.0
100
AcDbRotatedDimension
1001
ACAD
1000
DSTYLE
1002
{
1070
279
1070
2
1002
}
  0
DIMENSION
  5
886
330
17
100
AcDbEntity
  8
FW_DIM
100
AcDbDimension
280
0
  2
*D115
  3
FW_DIM
 10
560.0
 20
6850.0
 30
0.0
 11
546.5
 21
6870.0
 31
0.0
 70
32
 71
5
  1
<>
100
AcDbAlignedDimension
 13
560.0
 23
6850.0
 33
0.0
 14
560.0
 24
6890.0
 34
0.0
 50
90.0
100
AcDbRotatedDimension
  0
DIMENSION
  5
895
330
17
100
AcDbEntity
  8
FW_DIM
100
AcDbDimension
280
0
  2
*D116
  3
FW_DIM
 10
1100.0
 20
4150.0
 30
0.0
 11
1086.5
 21
4170.0
 31
0.0
 70
32
 71
5
  1
<>
100
AcDbAlignedDimension
 13
1100.0
 23
4150.0
 33
0.0
 14
1100.0
 24
4190.0
 34
0.0
 50
90.0
100
AcDbRotatedDimension
  0
DIMENSION
  5
8A4
330
17
100
AcDbEntity
  8
FW_DIM
100
AcDbDimension
280
0
  2
*D117
  3
FW_DIM
 10
1100.0
 20
4190.0
 30
0.0
 11
1086.5
 21
4478.25
 31
0.0
 70
160
 71
5
  1
<>
100
AcDbAlignedDimension
 13
1100.0
 23
4190.0
 33
0.0
 14
1100.0
 24
4690.0
 34
0.0
 50
90.0
100
AcDbRotatedDimension
1001
ACAD
1000
DSTYLE
1002
{
1070
279
1070
2
1002
}
  0
DIMENSION
  5
8B3
330
17
100
AcDbEntity
  8
FW_DIM
100
AcDbDimension
280
0
  2
*D118
  3
FW_DIM
 10
1100.0
 20
4690.0
 30
0.0
 11
1086.5
 21
4710.0
 31
0.0
 70
32
 71
5
  1
<>
100
AcDbAlignedDimension
 13
1100.0
 23
4690.0
 33
0.0
 14
1100.0
 24
4730.0
 34
0.0
 50
90.0
100
AcDbRotatedDimension
  0
DIMENSION
  5
8C2
330
17
100
AcDbEntity
  8
FW_DIM
100
AcDbDimension
280
0
  2
*D119
  3
FW_DIM
 10
1100.0
 20
4730.0
 30
0.0
 11
1086.5
 21
5018.25
 31
0.0
 70
160
 71
5
  1
<>
100
AcDbAlignedDimension
 13
1100.0
 23
4730.0
 33
0.0
 14
1100.0
 24
5237.5
 34
0.0
 50
90.0
100
AcDbRotatedDimension
1001
ACAD
1000
DSTYLE
1002
{
1070
279
1070
2
1002
}
  0
DIMENSION
  5
8D1
330
17
100
AcDbEntity
  8
FW_DIM
100
AcDbDimension
280
0
  2
*D120
  3
FW_DIM
 10
1100.0
 20
5237.5
 30
0.0
 11
1086.5
 21
5520.0
 31
0.0
 70
32
 71
5
  1
<>
100
AcDbAlignedDimension
 13
1100.0
 23
5237.5
 33
0.0
 14
1100.0
 24
5802.5
 34
0.0
 50
90.0
100
AcDbRotatedDimension
  0
DIMENSION
  5
8E0
330
17
100
AcDbEntity
  8
FW_DIM
100
AcDbDimension
280
0
  2
*D121
  3
FW_DIM
 10
1100.0
 20
5802.5
 30
0.0
 11
1086.5
 21
6098.25
 31
0.0
 70
160
 71
5
  1
<>
100
AcDbAlignedDimension
 13
1100.0
 23
5802.5
 33
0.0
 14
1100.0
 24
6310.0
 34
0.0
 50
90.0
100
AcDbRotatedDimension
1001
ACAD
1000
DSTYLE
1002
{
1070
279
1070
2
1002
}
  0
DIMENSION
  5
8EF
330
17
100
AcDbEntity
  8
FW_DIM
100
AcDbDimension
280
0
  2
*D122
  3
FW_DIM
 10
1100.0
 20
6310.0
 30
0.0
 11
1086.5
 21
6330.0
 31
0.0
 70
32
 71
5
  1
<>
100
AcDbAlignedDimension
 13
1100.0
 23
6310.0
 33
0.0
 14
1100.0
 24
6350.0
 34
0.0
 50
90.0
100
AcDbRotatedDimension
  0
DIMENSION
  5
8FE
330
17
100
AcDbEntity
  8
FW_DIM
100
AcDbDimension
280
0
  2
*D123
  3
FW_DIM
 10
1100.0
 20
6350.0
 30
0.0
 11
1086.5
 21
6638.25
 31
0.0
 70
160
 71
5
  1
<>
100
AcDbAlignedDimension
 13
1100.0
 23
6350.0
 33
0.0
 14
1100.0
 24
6850.0
 34
0.0
 50
90.0
100
AcDbRotatedDimension
1001
ACAD
1000
DSTYLE
1002
{
1070
279
1070
2
1002
}
  0
DIMENSION
  5
90D
330
17
100
AcDbEntity
  8
FW_DIM
100
AcDbDimension
280
0
  2
*D124
  3
FW_DIM
 10
1100.0
 20
6850.0
 30
0.0
 11
1086.5
 21
6870.0
 31
0.0
 70
32
 71
5
  1
<>
100
AcDbAlignedDimension
 13
1100.0
 23
6850.0
 33
0.0
 14
1100.0
 24
6890.0
 34
0.0
 50
90.0
100
AcDbRotatedDimension
  0
DIMENSION
  5
91C
330
17
100
AcDbEntity
  8
FW_DIM
100
AcDbDimension
280
0
  2
*D125
  3
FW_DIM
 10
1640.0
 20
4150.0
 30
0.0
 11
1626.5
 21
4170.0
 31
0.0
 70
32
 71
5
  1
<>
100
AcDbAlignedDimension
 13
1640.0
 23
4150.0
 33
0.0
 14
1640.0
 24
4190.0
 34
0.0
 50
90.0
100
AcDbRotatedDimension
  0
DIMENSION
  5
92B
330
17
100
AcDbEntity
  8
FW_DIM
100
AcDbDimension
280
0
  2
*D126
  3
FW_DIM
 10
1640.0
 20
4190.0
 30
0.0
 11
1626.5
 21
4478.25
 31
0.0
 70
160
 71
5
  1
<>
100
AcDbAlignedDimension
 13
1640.0
 23
4190.0
 33
0.0
 14
1640.0
 24
4690.0
 34
0.0
 50
90.0
100
AcDbRotatedDimension
1001
ACAD
1000
DSTYLE
1002
{
1070
279
1070
2
1002
}
  0
DIMENSION
  5
93A
330
17
100
AcDbEntity
  8
FW_DIM
100
AcDbDimension
280
0
  2
*D127
  3
FW_DIM
 10
1640.0
 20
4690.0
 30
0.0
 11
1626.5
 21
4710.0
 31
0.0
 70
32
 71
5
  1
<>
100
AcDbAlignedDimension
 13
1640.0
 23
4690.0
 33
0.0
 14
1640.0
 24
4730.0
 34
0.0
 50
90.0
100
AcDbRotatedDimension
  0
DIMENSION
  5
949
330
17
100
AcDbEntity
  8
FW_DIM
100
AcDbDimension
280
0
  2
*D128
  3
FW_DIM
 10
1640.0
 20
4730.0
 30
0.0
 11
1626.5
 21
5018.25
 31
0.0
 70
160
 71
5
  1
<>
100
AcDbAlignedDimension
 13
1640.0
 23
4730.0
 33
0.0
 14
1640.0
 24
5237.5
 34
0.0
 50
90.0
100
AcDbRotatedDimension
1001
ACAD
1000
DSTYLE
1002
{
1070
279
1070
2
1002
}
  0
DIMENSION
  5
958
330
17
100
AcDbEntity
  8
FW_DIM
100
AcDbDimension
280
0
  2
*D129
  3
FW_DIM
 10
1640.0
 20
5237.5
 30
0.0
 11
1626.5
 21
5520.0
 31
0.0
 70
32
 71
5
  1
<>
100
AcDbAlignedDimension
 13
1640.0
 23
5237.5
 33
0.0
 14
1640.0
 24
5802.5
 34
0.0
 50
90.0
100
AcDbRotatedDimension
  0
DIMENSION
  5
967
330
17
100
AcDbEntity
  8
FW_DIM
100
AcDbDimension
280
0
  2
*D130
  3
FW_DIM
 10
1640.0
 20
5802.5
 30
0.0
 11
1626.5
 21
6098.25
 31
0.0
 70
160
 71
5
  1
<>
100
AcDbAlignedDimension
 13
1640.0
 23
5802.5
 33
0.0
 14
1640.0
 24
6310.0
 34
0.0
 50
90.0
100
AcDbRotatedDimension
1001
ACAD
1000
DSTYLE
1002
{
1070
279
1070
2
1002
}
  0
DIMENSION
  5
976
330
17
100
AcDbEntity
  8
FW_DIM
100
AcDbDimension
280
0
  2
*D131
  3
FW_DIM
 10
1640.0
 20
6310.0
 30
0.0
 11
1626.5
 21
6330.0
 31
0.0
 70
32
 71
5
  1
<>
100
AcDbAlignedDimension
 13
1640.0
 23
6310.0
 33
0.0
 14
1640.0
 24
6350.0
 34
0.0
 50
90.0
100
AcDbRotatedDimension
  0
DIMENSION
  5
985
330
17
100
AcDbEntity
  8
FW_DIM
100
AcDbDimension
280
0
  2
*D132
  3
FW_DIM
 10
1640.0
 20
6350.0
 30
0.0
 11
1626.5
 21
6638.25
 31
0.0
 70
160
 71
5
  1
<>
100
AcDbAlignedDimension
 13
1640.0
 23
6350.0
 33
0.0
 14
1640.0
 24
6850.0
 34
0.0
 50
90.0
100
AcDbRotatedDimension
1001
ACAD
1000
DSTYLE
1002
{
1070
279
1070
2
1002
}
  0
DIMENSION
  5
994
330
17
100
AcDbEntity
  8
FW_DIM
100
AcDbDimension
280
0
  2
*D133
  3
FW_DIM
 10
1640.0
 20
6850.0
 30
0.0
 11
1626.5
 21
6870.0
 31
0.0
 70
32
 71
5
  1
<>
100
AcDbAlignedDimension
 13
1640.0
 23
6850.0
 33
0.0
 14
1640.0
 24
6890.0
 34
0.0
 50
90.0
100
AcDbRotatedDimension
  0
DIMENSION
  5
9A3
330
17
100
AcDbEntity
  8
FW_DIM
100
AcDbDimension
280
0
  2
*D134
  3
FW_DIM
 10
2180.0
 20
4150.0
 30
0.0
 11
2166.5
 21
4170.0
 31
0.0
 70
32
 71
5
  1
<>
100
AcDbAlignedDimension
 13
2180.0
 23
4150.0
 33
0.0
 14
2180.0
 24
4190.0
 34
0.0
 50
90.0
100
AcDbRotatedDimension
  0
DIMENSION
  5
9B2
330
17
100
AcDbEntity
  8
FW_DIM
100
AcDbDimension
280
0
  2
*D135
  3
FW_DIM
 10
2180.0
 20
4190.0
 30
0.0
 11
2166.5
 21
4478.25
 31
0.0
 70
160
 71
5
  1
<>
100
AcDbAlignedDimension
 13
2180.0
 23
4190.0
 33
0.0
 14
2180.0
 24
4690.0
 34
0.0
 50
90.0
100
AcDbRotatedDimension
1001
ACAD
1000
DSTYLE
1002
{
1070
279
1070
2
1002
}
  0
DIMENSION
  5
9C1
330
17
100
AcDbEntity
  8
FW_DIM
100
AcDbDimension
280
0
  2
*D136
  3
FW_DIM
 10
2180.0
 20
4690.0
 30
0.0
 11
2166.5
 21
4710.0
 31
0.0
 70
32
 71
5
  1
<>
100
AcDbAlignedDimension
 13
2180.0
 23
4690.0
 33
0.0
 14
2180.0
 24
4730.0
 34
0.0
 50
90.0
100
AcDbRotatedDimension
  0
DIMENSION
  5
9D0
330
17
100
AcDbEntity
  8
FW_DIM
100
AcDbDimension
280
0
  2
*D137
  3
FW_DIM
 10
2180.0
 20
4730.0
 30
0.0
 11
2166.5
 21
4780.0
 31
0.0
 70
32
 71
5
  1
<>
100
AcDbAlignedDimension
 13
2180.0
 23
4730.0
 33
0.0
 14
2180.0
 24
4830.0
 34
0.0
 50
90.0
100
AcDbRotatedDimension
  0
DIMENSION
  5
9DF
330
17
100
AcDbEntity
  8
FW_DIM
100
AcDbDimension
280
0
  2
*D138
  3
FW_DIM
 10
2180.0
 20
4830.0
 30
0.0
 11
2166.5
 21
4955.0
 31
0.0
 70
32
 71
5
  1
<>
100
AcDbAlignedDimension
 13
2180.0
 23
4830.0
 33
0.0
 14
2180.0
 24
5080.0
 34
0.0
 50
90.0
100
AcDbRotatedDimension
  0
DIMENSION
  5
9EE
330
17
100
AcDbEntity
  8
FW_DIM
100
AcDbDimension
280
0
  2
*D139
  3
FW_DIM
 10
2180.0
 20
5080.0
 30
0.0
 11
2166.5
 21
5153.75
 31
0.0
 70
32
 71
5
  1
<>
100
AcDbAlignedDimension
 13
2180.0
 23
5080.0
 33
0.0
 14
2180.0
 24
5227.5
 34
0.0
 50
90.0
100
AcDbRotatedDimension
  0
DIMENSION
  5
9FD
330
17
100
AcDbEntity
  8
FW_DIM
100
AcDbDimension
280
0
  2
*D140
  3
FW_DIM
 10
2180.0
 20
5227.5
 30
0.0
 11
2166.5
 21
5250.0
 31
0.0
 70
32
 71
5
  1
<>
100
AcDbAlignedDimension
 13
2180.0
 23
5227.5
 33
0.0
 14
2180.0
 24
5272.5
 34
0.0
 50
90.0
100
AcDbRotatedDimension
  0
DIMENSION
  5
A0C
330
17
100
AcDbEntity
  8
FW_DIM
100
AcDbDimension
280
0
  2
*D141
  3
FW_DIM
 10
2180.0
 20
5272.5
 30
0.0
 11
2166.5
 21
5558.25
 31
0.0
 70
160
 71
5
  1
<>
100
AcDbAlignedDimension
 13
2180.0
 23
5272.5
 33
0.0
 14
2180.0
 24
5770.0
 34
0.0
 50
90.0
100
AcDbRotatedDimension
1001
ACAD
1000
DSTYLE
1002
{
1070
279
1070
2
1002
}
  0
DIMENSION
  5
A1B
330
17
100
AcDbEntity
  8
FW_DIM
100
AcDbDimension
280
0
  2
*D142
  3
FW_DIM
 10
2180.0
 20
5770.0
 30
0.0
 11
2166.5
 21
5790.0
 31
0.0
 70
32
 71
5
  1
<>
100
AcDbAlignedDimension
 13
2180.0
 23
5770.0
 33
0.0
 14
2180.0
 24
5810.0
 34
0.0
 50
90.0
100
AcDbRotatedDimension
  0
DIMENSION
  5
A2A
330
17
100
AcDbEntity
  8
FW_DIM
100
AcDbDimension
280
0
  2
*D143
  3
FW_DIM
 10
2180.0
 20
5810.0
 30
0.0
 11
2166.5
 21
6098.25
 31
0.0
 70
160
 71
5
  1
<>
100
AcDbAlignedDimension
 13
2180.0
 23
5810.0
 33
0.0
 14
2180.0
 24
6310.0
 34
0.0
 50
90.0
100
AcDbRotatedDimension
1001
ACAD
1000
DSTYLE
1002
{
1070
279
1070
2
1002
}
  0
DIMENSION
  5
A39
330
17
100
AcDbEntity
  8
FW_DIM
100
AcDbDimension
280
0
  2
*D144
  3
FW_DIM
 10
2180.0
 20
6310.0
 30
0.0
 11
2166.5
 21
6330.0
 31
0.0
 70
32
 71
5
  1
<>
100
AcDbAlignedDimension
 13
2180.0
 23
6310.0
 33
0.0
 14
2180.0
 24
6350.0
 34
0.0
 50
90.0
100
AcDbRotatedDimension
  0
DIMENSION
  5
A48
330
17
100
AcDbEntity
  8
FW_DIM
100
AcDbDimension
280
0
  2
*D145
  3
FW_DIM
 10
2180.0
 20
6350.0
 30
0.0
 11
2166.5
 21
6638.25
 31
0.0
 70
160
 71
5
  1
<>
100
AcDbAlignedDimension
 13
2180.0
 23
6350.0
 33
0.0
 14
2180.0
 24
6850.0
 34
0.0
 50
90.0
100
AcDbRotatedDimension
1001
ACAD
1000
DSTYLE
1002
{
1070
279
1070
2
1002
}
  0
DIMENSION
  5
A57
330
17
100
AcDbEntity
  8
FW_DIM
100
AcDbDimension
280
0
  2
*D146
  3
FW_DIM
 10
2180.0
 20
6850.0
 30
0.0
 11
2166.5
 21
6870.0
 31
0.0
 70
32
 71
5
  1
<>
100
AcDbAlignedDimension
 13
2180.0
 23
6850.0
 33
0.0
 14
2180.0
 24
6890.0
 34
0.0
 50
90.0
100
AcDbRotatedDimension
  0
DIMENSION
  5
A66
330
17
100
AcDbEntity
  8
FW_DIM
100
AcDbDimension
280
0
  2
*D147
  3
FW_DIM
 10
2720.0
 20
4150.0
 30
0.0
 11
2706.5
 21
4170.0
 31
0.0
 70
32
 71
5
  1
<>
100
AcDbAlignedDimension
 13
2720.0
 23
4150.0
 33
0.0
 14
2720.0
 24
4190.0
 34
0.0
 50
90.0
100
AcDbRotatedDimension
  0
DIMENSION
  5
A75
330
17
100
AcDbEntity
  8
FW_DIM
100
AcDbDimension
280
0
  2
*D148
  3
FW_DIM
 10
2720.0
 20
4190.0
 30
0.0
 11
2706.5
 21
4440.0
 31
0.0
 70
32
 71
5
  1
<>
100
AcDbAlignedDimension
 13
2720.0
 23
4190.0
 33
0.0
 14
2720.0
 24
4690.0
 34
0.0
 50
90.0
100
AcDbRotatedDimension
  0
DIMENSION
  5
A84
330
17
100
AcDbEntity
  8
FW_DIM
100
AcDbDimension
280
0
  2
*D149
  3
FW_DIM
 10
2720.0
 20
4690.0
 30
0.0
 11
2706.5
 21
4710.0
 31
0.0
 70
32
 71
5
  1
<>
100
AcDbAlignedDimension
 13
2720.0
 23
4690.0
 33
0.0
 14
2720.0
 24
4730.0
 34
0.0
 50
90.0
100
AcDbRotatedDimension
  0
DIMENSION
  5
A93
330
17
100
AcDbEntity
  8
FW_DIM
100
AcDbDimension
280
0
  2
*D150
  3
FW_DIM
 10
2720.0
 20
4730.0
 30
0.0
 11
2706.5
 21
4980.0
 31
0.0
 70
32
 71
5
  1
<>
100
AcDbAlignedDimension
 13
2720.0
 23
4730.0
 33
0.0
 14
2720.0
 24
5230.0
 34
0.0
 50
90.0
100
AcDbRotatedDimension
  0
DIMENSION
  5
AA2
330
17
100
AcDbEntity
  8
FW_DIM
100
AcDbDimension
280
0
  2
*D151
  3
FW_DIM
 10
2720.0
 20
5230.0
 30
0.0
 11
2706.5
 21
5250.0
 31
0.0
 70
32
 71
5
  1
<>
100
AcDbAlignedDimension
 13
2720.0
 23
5230.0
 33
0.0
 14
2720.0
 24
5270.0
 34
0.0
 50
90.0
100
AcDbRotatedDimension
  0
DIMENSION
  5
AB1
330
17
100
AcDbEntity
  8
FW_DIM
100
AcDbDimension
280
0
  2
*D152
  3
FW_DIM
 10
2720.0
 20
5270.0
 30
0.0
 11
2706.5
 21
5520.0
 31
0.0
 70
32
 71
5
  1
<>
100
AcDbAlignedDimension
 13
2720.0
 23
5270.0
 33
0.0
 14
2720.0
 24
5770.0
 34
0.0
 50
90.0
100
AcDbRotatedDimension
  0
DIMENSION
  5
AC0
330
17
100
AcDbEntity
  8
FW_DIM
100
AcDbDimension
280
0
  2
*D153
  3
FW_DIM
 10
2720.0
 20
5770.0
 30
0.0
 11
2706.5
 21
5790.0
 31
0.0
 70
32
 71
5
  1
<>
100
AcDbAlignedDimension
 13
2720.0
 23
5770.0
 33
0.0
 14
2720.0
 24
5810.0
 34
0.0
 50
90.0
100
AcDbRotatedDimension
  0
DIMENSION
  5
ACF
330
17
100
AcDbEntity
  8
FW_DIM
100
AcDbDimension
280
0
  2
*D154
  3
FW_DIM
 10
2720.0
 20
5810.0
 30
0.0
 11
2706.5
 21
6060.0
 31
0.0
 70
32
 71
5
  1
<>
100
AcDbAlignedDimension
 13
2720.0
 23
5810.0
 33
0.0
 14
2720.0
 24
6310.0
 34
0.0
 50
90.0
100
AcDbRotatedDimension
  0
DIMENSION
  5
ADE
330
17
100
AcDbEntity
  8
FW_DIM
100
AcDbDimension
280
0
  2
*D155
  3
FW_DIM
 10
2720.0
 20
6310.0
 30
0.0
 11
2706.5
 21
6330.0
 31
0.0
 70
32
 71
5
  1
<>
100
AcDbAlignedDimension
 13
2720.0
 23
6310.0
 33
0.0
 14
2720.0
 24
6350.0
 34
0.0
 50
90.0
100
AcDbRotatedDimension
  0
DIMENSION
  5
AED
330
17
100
AcDbEntity
  8
FW_DIM
100
AcDbDimension
280
0
  2
*D156
  3
FW_DIM
 10
2720.0
 20
6350.0
 30
0.0
 11
2706.5
 21
6600.0
 31
0.0
 70
32
 71
5
  1
<>
100
AcDbAlignedDimension
 13
2720.0
 23
6350.0
 33
0.0
 14
2720.0
 24
6850.0
 34
0.0
 50
90.0
100
AcDbRotatedDimension
  0
DIMENSION
  5
AFC
330
17
100
AcDbEntity
  8
FW_DIM
100
AcDbDimension
280
0
  2
*D157
  3
FW_DIM
 10
2720.0
 20
6850.0
 30
0.0
 11
2706.5
 21
6870.0
 31
0.0
 70
32
 71
5
  1
<>
100
AcDbAlignedDimension
 13
2720.0
 23
6850.0
 33
0.0
 14
2720.0
 24
6890.0
 34
0.0
 50
90.0
100
AcDbRotatedDimension
  0
DIMENSION
  5
B0B
330
17
100
AcDbEntity
  8
FW_DIM
100
AcDbDimension
280
0
  2
*D158
  3
FW_DIM
 10
0.0
 20
6950.0
 30
0.0
 11
10.0
 21
6971.0
 31
0.0
 70
32
 71
5
  1
<>
100
AcDbAlignedDimension
 13
0.0
 23
6890.0
 33
0.0
 14
20.0
 24
6890.0
 34
0.0
 50
0.0
100
AcDbRotatedDimension
  0
DIMENSION
  5
B1A
330
17
100
AcDbEntity
  8
FW_DIM
100
AcDbDimension
280
0
  2
*D159
  3
FW_DIM
 10
20.0
 20
6950.0
 30
0.0
 11
290.0
 21
6963.5
 31
0.0
 70
32
 71
5
  1
<>
100
AcDbAlignedDimension
 13
20.0
 23
6890.0
 33
0.0
 14
560.0
 24
6890.0
 34
0.0
 50
0.0
100
AcDbRotatedDimension
  0
DIMENSION
  5
B29
330
17
100
AcDbEntity
  8
FW_DIM
100
AcDbDimension
280
0
  2
*D160
  3
FW_DIM
 10
560.0
 20
6950.0
 30
0.0
 11
830.0
 21
6963.5
 31
0.0
 70
32
 71
5
  1
<>
100
AcDbAlignedDimension
 13
560.0
 23
6890.0
 33
0.0
 14
1100.0
 24
6890.0
 34
0.0
 50
0.0
100
AcDbRotatedDimension
  0
DIMENSION
  5
B38
330
17
100
AcDbEntity
  8
FW_DIM
100
AcDbDimension
280
0
  2
*D161
  3
FW_DIM
 10
1100.0
 20
6950.0
 30
0.0
 11
1370.0
 21
6963.5
 31
0.0
 70
32
 71
5
  1
<>
100
AcDbAlignedDimension
 13
1100.0
 23
6890.0
 33
0.0
 14
1640.0
 24
6890.0
 34
0.0
 50
0.0
100
AcDbRotatedDimension
  0
DIMENSION
  5
B47
330
17
100
AcDbEntity
  8
FW_DIM
100
AcDbDimension
280
0
  2
*D162
  3
FW_DIM
 10
1640.0
 20
6950.0
 30
0.0
 11
1910.0
 21
6963.5
 31
0.0
 70
32
 71
5
  1
<>
100
AcDbAlignedDimension
 13
1640.0
 23
6890.0
 33
0.0
 14
2180.0
 24
6890.0
 34
0.0
 50
0.0
100
AcDbRotatedDimension
  0
DIMENSION
  5
B56
330
17
100
AcDbEntity
  8
FW_DIM
100
AcDbDimension
280
0
  2
*D163
  3
FW_DIM
 10
2180.0
 20
6950.0
 30
0.0
 11
2450.0
 21
6963.5
 31
0.0
 70
32
 71
5
  1
<>
100
AcDbAlignedDimension
 13
2180.0
 23
6890.0
 33
0.0
 14
2720.0
 24
6890.0
 34
0.0
 50
0.0
100
AcDbRotatedDimension
  0
DIMENSION
  5
B65
330
17
100
AcDbEntity
  8
FW_DIM
100
AcDbDimension
280
0
  2
*D164
  3
FW_DIM
 10
2720.0
 20
6950.0
 30
0.0
 11
2730.0
 21
6971.0
 31
0.0
 70
32
 71
5
  1
<>
100
AcDbAlignedDimension
 13
2720.0
 23
6890.0
 33
0.0
 14
2740.0
 24
6890.0
 34
0.0
 50
0.0
100
AcDbRotatedDimension
  0
DIMENSION
  5
B74
330
17
100
AcDbEntity
  8
FW_DIM
100
AcDbDimension
280
0
  2
*D165
  3
FW_DIM
 10
0.0
 20
4090.0
 30
0.0
 11
10.0
 21
4111.0
 31
0.0
 70
32
 71
5
  1
<>
100
AcDbAlignedDimension
 13
0.0
 23
4150.0
 33
0.0
 14
20.0
 24
4150.0
 34
0.0
 50
0.0
100
AcDbRotatedDimension
  0
DIMENSION
  5
B83
330
17
100
AcDbEntity
  8
FW_DIM
100
AcDbDimension
280
0
  2
*D166
  3
FW_DIM
 10
20.0
 20
4090.0
 30
0.0
 11
290.0
 21
4103.5
 31
0.0
 70
32
 71
5
  1
<>
100
AcDbAlignedDimension
 13
20.0
 23
4150.0
 33
0.0
 14
560.0
 24
4150.0
 34
0.0
 50
0.0
100
AcDbRotatedDimension
  0
DIMENSION
  5
B92
330
17
100
AcDbEntity
  8
FW_DIM
100
AcDbDimension
280
0
  2
*D167
  3
FW_DIM
 10
560.0
 20
4090.0
 30
0.0
 11
830.0
 21
4103.5
 31
0.0
 70
32
 71
5
  1
<>
100
AcDbAlignedDimension
 13
560.0
 23
4150.0
 33
0.0
 14
1100.0
 24
4150.0
 34
0.0
 50
0.0
100
AcDbRotatedDimension
  0
DIMENSION
  5
BA1
330
17
100
AcDbEntity
  8
FW_DIM
100
AcDbDimension
280
0
  2
*D168
  3
FW_DIM
 10
1100.0
 20
4090.0
 30
0.0
 11
1370.0
 21
4103.5
 31
0.0
 70
32
 71
5
  1
<>
100
AcDbAlignedDimension
 13
1100.0
 23
4150.0
 33
0.0
 14
1640.0
 24
4150.0
 34
0.0
 50
0.0
100
AcDbRotatedDimension
  0
DIMENSION
  5
BB0
330
17
100
AcDbEntity
  8
FW_DIM
100
AcDbDimension
280
0
  2
*D169
  3
FW_DIM
 10
1640.0
 20
4090.0
 30
0.0
 11
1910.0
 21
4103.5
 31
0.0
 70
32
 71
5
  1
<>
100
AcDbAlignedDimension
 13
1640.0
 23
4150.0
 33
0.0
 14
2180.0
 24
4150.0
 34
0.0
 50
0.0
100
AcDbRotatedDimension
  0
DIMENSION
  5
BBF
330
17
100
AcDbEntity
  8
FW_DIM
100
AcDbDimension
280
0
  2
*D170
  3
FW_DIM
 10
2180.0
 20
4090.0
 30
0.0
 11
2450.0
 21
4103.5
 31
0.0
 70
32
 71
5
  1
<>
100
AcDbAlignedDimension
 13
2180.0
 23
4150.0
 33
0.0
 14
2720.0
 24
4150.0
 34
0.0
 50
0.0
100
AcDbRotatedDimension
  0
DIMENSION
  5
BCE
330
17
100
AcDbEntity
  8
FW_DIM
100
AcDbDimension
280
0
  2
*D171
  3
FW_DIM
 10
2720.0
 20
4090.0
 30
0.0
 11
2730.0
 21
4111.0
 31
0.0
 70
32
 71
5
  1
<>
100
AcDbAlignedDimension
 13
2720.0
 23
4150.0
 33
0.0
 14
2740.0
 24
4150.0
 34
0.0
 50
0.0
100
AcDbRotatedDimension
  0
DIMENSION
  5
BDD
330
17
100
AcDbEntity
  8
FW_DIM
100
AcDbDimension
280
0
  2
*D172
  3
FW_DIM
 10
0.0
 20
7010.0
 30
0.0
 11
1370.0
 21
7023.5
 31
0.0
 70
32
 71
5
  1
<>
100
AcDbAlignedDimension
 13
0.0
 23
6890.0
 33
0.0
 14
2740.0
 24
6890.0
 34
0.0
 50
0.0
100
AcDbRotatedDimension
  0
DIMENSION
  5
BEC
330
17
100
AcDbEntity
  8
FW_DIM
100
AcDbDimension
280
0
  2
*D173
  3
FW_DIM
 10
-60.0
 20
4150.0
 30
0.0
 11
-81.0
 21
4160.0
 31
0.0
 70
32
 71
5
  1
<>
100
AcDbAlignedDimension
 13
0.0
 23
4150.0
 33
0.0
 14
0.0
 24
4170.0
 34
0.0
 50
90.0
100
AcDbRotatedDimension
  0
DIMENSION
  5
BFB
330
17
100
AcDbEntity
  8
FW_DIM
100
AcDbDimension
280
0
  2
*D174
  3
FW_DIM
 10
-60.0
 20
4170.0
 30
0.0
 11
-73.5
 21
4440.0
 31
0.0
 70
32
 71
5
  1
<>
100
AcDbAlignedDimension
 13
0.0
 23
4170.0
 33
0.0
 14
0.0
 24
4710.0
 34
0.0
 50
90.0
100
AcDbRotatedDimension
  0
DIMENSION
  5
C0A
330
17
100
AcDbEntity
  8
FW_DIM
100
AcDbDimension
280
0
  2
*D175
  3
FW_DIM
 10
-60.0
 20
4710.0
 30
0.0
 11
-73.5
 21
4980.0
 31
0.0
 70
32
 71
5
  1
<>
100
AcDbAlignedDimension
 13
0.0
 23
4710.0
 33
0.0
 14
0.0
 24
5250.0
 34
0.0
 50
90.0
100
AcDbRotatedDimension
  0
DIMENSION
  5
C19
330
17
100
AcDbEntity
  8
FW_DIM
100
AcDbDimension
280
0
  2
*D176
  3
FW_DIM
 10
-60.0
 20
5250.0
 30
0.0
 11
-73.5
 21
5520.0
 31
0.0
 70
32
 71
5
  1
<>
100
AcDbAlignedDimension
 13
0.0
 23
5250.0
 33
0.0
 14
0.0
 24
5790.0
 34
0.0
 50
90.0
100
AcDbRotatedDimension
  0
DIMENSION
  5
C28
330
17
100
AcDbEntity
  8
FW_DIM
100
AcDbDimension
280
0
  2
*D177
  3
FW_DIM
 10
-60.0
 20
5790.0
 30
0.0
 11
-73.5
 21
6060.0
 31
0.0
 70
32
 71
5
  1
<>
100
AcDbAlignedDimension
 13
0.0
 23
5790.0
 33
0.0
 14
0.0
 24
6330.0
 34
0.0
 50
90.0
100
AcDbRotatedDimension
  0
DIMENSION
  5
C37
330
17
100
AcDbEntity
  8
FW_DIM
100
AcDbDimension
280
0
  2
*D178
  3
FW_DIM
 10
-60.0
 20
6330.0
 30
0.0
 11
-73.5
 21
6600.0
 31
0.0
 70
32
 71
5
  1
<>
100
AcDbAlignedDimension
 13
0.0
 23
6330.0
 33
0.0
 14
0.0
 24
6870.0
 34
0.0
 50
90.0
100
AcDbRotatedDimension
  0
DIMENSION
  5
C46
330
17
100
AcDbEntity
  8
FW_DIM
100
AcDbDimension
280
0
  2
*D179
  3
FW_DIM
 10
-60.0
 20
6870.0
 30
0.0
 11
-81.0
 21
6880.0
 31
0.0
 70
32
 71
5
  1
<>
100
AcDbAlignedDimension
 13
0.0
 23
6870.0
 33
0.0
 14
0.0
 24
6890.0
 34
0.0
 50
90.0
100
AcDbRotatedDimension
  0
DIMENSION
  5
C55
330
17
100
AcDbEntity
  8
FW_DIM
100
AcDbDimension
280
0
  2
*D180
  3
FW_DIM
 10
2800.0
 20
4150.0
 30
0.0
 11
2779.0
 21
4160.0
 31
0.0
 70
32
 71
5
  1
<>
100
AcDbAlignedDimension
 13
2740.0
 23
4150.0
 33
0.0
 14
2740.0
 24
4170.0
 34
0.0
 50
90.0
100
AcDbRotatedDimension
  0
DIMENSION
  5
C64
330
17
100
AcDbEntity
  8
FW_DIM
100
AcDbDimension
280
0
  2
*D181
  3
FW_DIM
 10
2800.0
 20
4170.0
 30
0.0
 11
2786.5
 21
4440.0
 31
0.0
 70
32
 71
5
  1
<>
100
AcDbAlignedDimension
 13
2740.0
 23
4170.0
 33
0.0
 14
2740.0
 24
4710.0
 34
0.0
 50
90.0
100
AcDbRotatedDimension
  0
DIMENSION
  5
C73
330
17
100
AcDbEntity
  8
FW_DIM
100
AcDbDimension
280
0
  2
*D182
  3
FW_DIM
 10
2800.0
 20
4710.0
 30
0.0
 11
2786.5
 21
4980.0
 31
0.0
 70
32
 71
5
  1
<>
100
AcDbAlignedDimension
 13
2740.0
 23
4710.0
 33
0.0
 14
2740.0
 24
5250.0
 34
0.0
 50
90.0
100
AcDbRotatedDimension
  0
DIMENSION
  5
C82
330
17
100
AcDbEntity
  8
FW_DIM
100
AcDbDimension
280
0
  2
*D183
  3
FW_DIM
 10
2800.0
 20
5250.0
 30
0.0
 11
2786.5
 21
5520.0
 31
0.0
 70
32
 71
5
  1
<>
100
AcDbAlignedDimension
 13
2740.0
 23
5250.0
 33
0.0
 14
2740.0
 24
5790.0
 34
0.0
 50
90.0
100
AcDbRotatedDimension
  0
DIMENSION
  5
C91
330
17
100
AcDbEntity
  8
FW_DIM
100
AcDbDimension
280
0
  2
*D184
  3
FW_DIM
 10
2800.0
 20
5790.0
 30
0.0
 11
2786.5
 21
6060.0
 31
0.0
 70
32
 71
5
  1
<>
100
AcDbAlignedDimension
 13
2740.0
 23
5790.0
 33
0.0
 14
2740.0
 24
6330.0
 34
0.0
 50
90.0
100
AcDbRotatedDimension
  0
DIMENSION
  5
CA0
330
17
100
AcDbEntity
  8
FW_DIM
100
AcDbDimension
280
0
  2
*D185
  3
FW_DIM
 10
2800.0
 20
6330.0
 30
0.0
 11
2786.5
 21
6600.0
 31
0.0
 70
32
 71
5
  1
<>
100
AcDbAlignedDimension
 13
2740.0
 23
6330.0
 33
0.0
 14
2740.0
 24
6870.0
 34
0.0
 50
90.0
100
AcDbRotatedDimension
  0
DIMENSION
  5
CAF
330
17
100
AcDbEntity
  8
FW_DIM
100
AcDbDimension
280
0
  2
*D186
  3
FW_DIM
 10
2800.0
 20
6870.0
 30
0.0
 11
2779.0
 21
6880.0
 31
0.0
 70
32
 71
5
  1
<>
100
AcDbAlignedDimension
 13
2740.0
 23
6870.0
 33
0.0
 14
2740.0
 24
6890.0
 34
0.0
 50
90.0
100
AcDbRotatedDimension
  0
DIMENSION
  5
CBE
330
17
100
AcDbEntity
  8
FW_DIM
100
AcDbDimension
280
0
  2
*D187
  3
FW_DIM
 10
-120.0
 20
4150.0
 30
0.0
 11
-133.5
 21
5520.0
 31
0.0
 70
32
 71
5
  1
<>
100
AcDbAlignedDimension
 13
0.0
 23
4150.0
 33
0.0
 14
0.0
 24
6890.0
 34
0.0
 50
90.0
100
AcDbRotatedDimension
  0
LINE
  5
CCD
330
17
100
AcDbEntity
  8
FW_AXIS
  6
DASHDOT
100
AcDbLine
 10
20.0
 20
7040.0
 30
0.0
 11
20.0
 21
7055.0
 31
0.0
  0
CIRCLE
  5
CCE
330
17
100
AcDbEntity
  8
FW_AXIS
100
AcDbCircle
 10
20.0
 20
7088.0
 30
0.0
 40
33.0
  0
TEXT
  5
CCF
330
17
100
AcDbEntity
  8
FW_AXIS
 62
7
100
AcDbText
 10
20.0
 20
7088.0
 30
0.0
 40
24.0
  1
1
  7
REBAR_TXT
 72
1
 11
20.0
 21
7088.0
 31
0.0
100
AcDbText
 73
2
  0
LINE
  5
CD0
330
17
100
AcDbEntity
  8
FW_AXIS
  6
DASHDOT
100
AcDbLine
 10
20.0
 20
4000.0
 30
0.0
 11
20.0
 21
3985.0
 31
0.0
  0
CIRCLE
  5
CD1
330
17
100
AcDbEntity
  8
FW_AXIS
100
AcDbCircle
 10
20.0
 20
3952.0
 30
0.0
 40
33.0
  0
TEXT
  5
CD2
330
17
100
AcDbEntity
  8
FW_AXIS
 62
7
100
AcDbText
 10
20.0
 20
3952.0
 30
0.0
 40
24.0
  1
1
  7
REBAR_TXT
 72
1
 11
20.0
 21
3952.0
 31
0.0
100
AcDbText
 73
2
  0
LINE
  5
CD3
330
17
100
AcDbEntity
  8
FW_AXIS
  6
DASHDOT
100
AcDbLine
 10
560.0
 20
7040.0
 30
0.0
 11
560.0
 21
7055.0
 31
0.0
  0
CIRCLE
  5
CD4
330
17
100
AcDbEntity
  8
FW_AXIS
100
AcDbCircle
 10
560.0
 20
7088.0
 30
0.0
 40
33.0
  0
TEXT
  5
CD5
330
17
100
AcDbEntity
  8
FW_AXIS
 62
7
100
AcDbText
 10
560.0
 20
7088.0
 30
0.0
 40
24.0
  1
2
  7
REBAR_TXT
 72
1
 11
560.0
 21
7088.0
 31
0.0
100
AcDbText
 73
2
  0
LINE
  5
CD6
330
17
100
AcDbEntity
  8
FW_AXIS
  6
DASHDOT
100
AcDbLine
 10
560.0
 20
4000.0
 30
0.0
 11
560.0
 21
3985.0
 31
0.0
  0
CIRCLE
  5
CD7
330
17
100
AcDbEntity
  8
FW_AXIS
100
AcDbCircle
 10
560.0
 20
3952.0
 30
0.0
 40
33.0
  0
TEXT
  5
CD8
330
17
100
AcDbEntity
  8
FW_AXIS
 62
7
100
AcDbText
 10
560.0
 20
3952.0
 30
0.0
 40
24.0
  1
2
  7
REBAR_TXT
 72
1
 11
560.0
 21
3952.0
 31
0.0
100
AcDbText
 73
2
  0
LINE
  5
CD9
330
17
100
AcDbEntity
  8
FW_AXIS
  6
DASHDOT
100
AcDbLine
 10
1100.0
 20
7040.0
 30
0.0
 11
1100.0
 21
7055.0
 31
0.0
  0
CIRCLE
  5
CDA
330
17
100
AcDbEntity
  8
FW_AXIS
100
AcDbCircle
 10
1100.0
 20
7088.0
 30
0.0
 40
33.0
  0
TEXT
  5
CDB
330
17
100
AcDbEntity
  8
FW_AXIS
 62
7
100
AcDbText
 10
1100.0
 20
7088.0
 30
0.0
 40
24.0
  1
3
  7
REBAR_TXT
 72
1
 11
1100.0
 21
7088.0
 31
0.0
100
AcDbText
 73
2
  0
LINE
  5
CDC
330
17
100
AcDbEntity
  8
FW_AXIS
  6
DASHDOT
100
AcDbLine
 10
1100.0
 20
4000.0
 30
0.0
 11
1100.0
 21
3985.0
 31
0.0
  0
CIRCLE
  5
CDD
330
17
100
AcDbEntity
  8
FW_AXIS
100
AcDbCircle
 10
1100.0
 20
3952.0
 30
0.0
 40
33.0
  0
TEXT
  5
CDE
330
17
100
AcDbEntity
  8
FW_AXIS
 62
7
100
AcDbText
 10
1100.0
 20
3952.0
 30
0.0
 40
24.0
  1
3
  7
REBAR_TXT
 72
1
 11
1100.0
 21
3952.0
 31
0.0
100
AcDbText
 73
2
  0
LINE
  5
CDF
330
17
100
AcDbEntity
  8
FW_AXIS
  6
DASHDOT
100
AcDbLine
 10
1640.0
 20
7040.0
 30
0.0
 11
1640.0
 21
7055.0
 31
0.0
  0
CIRCLE
  5
CE0
330
17
100
AcDbEntity
  8
FW_AXIS
100
AcDbCircle
 10
1640.0
 20
7088.0
 30
0.0
 40
33.0
  0
TEXT
  5
CE1
330
17
100
AcDbEntity
  8
FW_AXIS
 62
7
100
AcDbText
 10
1640.0
 20
7088.0
 30
0.0
 40
24.0
  1
4
  7
REBAR_TXT
 72
1
 11
1640.0
 21
7088.0
 31
0.0
100
AcDbText
 73
2
  0
LINE
  5
CE2
330
17
100
AcDbEntity
  8
FW_AXIS
  6
DASHDOT
100
AcDbLine
 10
1640.0
 20
4000.0
 30
0.0
 11
1640.0
 21
3985.0
 31
0.0
  0
CIRCLE
  5
CE3
330
17
100
AcDbEntity
  8
FW_AXIS
100
AcDbCircle
 10
1640.0
 20
3952.0
 30
0.0
 40
33.0
  0
TEXT
  5
CE4
330
17
100
AcDbEntity
  8
FW_AXIS
 62
7
100
AcDbText
 10
1640.0
 20
3952.0
 30
0.0
 40
24.0
  1
4
  7
REBAR_TXT
 72
1
 11
1640.0
 21
3952.0
 31
0.0
100
AcDbText
 73
2
  0
LINE
  5
CE5
330
17
100
AcDbEntity
  8
FW_AXIS
  6
DASHDOT
100
AcDbLine
 10
2180.0
 20
7040.0
 30
0.0
 11
2180.0
 21
7055.0
 31
0.0
  0
CIRCLE
  5
CE6
330
17
100
AcDbEntity
  8
FW_AXIS
100
AcDbCircle
 10
2180.0
 20
7088.0
 30
0.0
 40
33.0
  0
TEXT
  5
CE7
330
17
100
AcDbEntity
  8
FW_AXIS
 62
7
100
AcDbText
 10
2180.0
 20
7088.0
 30
0.0
 40
24.0
  1
5
  7
REBAR_TXT
 72
1
 11
2180.0
 21
7088.0
 31
0.0
100
AcDbText
 73
2
  0
LINE
  5
CE8
330
17
100
AcDbEntity
  8
FW_AXIS
  6
DASHDOT
100
AcDbLine
 10
2180.0
 20
4000.0
 30
0.0
 11
2180.0
 21
3985.0
 31
0.0
  0
CIRCLE
  5
CE9
330
17
100
AcDbEntity
  8
FW_AXIS
100
AcDbCircle
 10
2180.0
 20
3952.0
 30
0.0
 40
33.0
  0
TEXT
  5
CEA
330
17
100
AcDbEntity
  8
FW_AXIS
 62
7
100
AcDbText
 10
2180.0
 20
3952.0
 30
0.0
 40
24.0
  1
5
  7
REBAR_TXT
 72
1
 11
2180.0
 21
3952.0
 31
0.0
100
AcDbText
 73
2
  0
LINE
  5
CEB
330
17
100
AcDbEntity
  8
FW_AXIS
  6
DASHDOT
100
AcDbLine
 10
2720.0
 20
7040.0
 30
0.0
 11
2720.0
 21
7055.0
 31
0.0
  0
CIRCLE
  5
CEC
330
17
100
AcDbEntity
  8
FW_AXIS
100
AcDbCircle
 10
2720.0
 20
7088.0
 30
0.0
 40
33.0
  0
TEXT
  5
CED
330
17
100
AcDbEntity
  8
FW_AXIS
 62
7
100
AcDbText
 10
2720.0
 20
7088.0
 30
0.0
 40
24.0
  1
6
  7
REBAR_TXT
 72
1
 11
2720.0
 21
7088.0
 31
0.0
100
AcDbText
 73
2
  0
LINE
  5
CEE
330
17
100
AcDbEntity
  8
FW_AXIS
  6
DASHDOT
100
AcDbLine
 10
2720.0
 20
4000.0
 30
0.0
 11
2720.0
 21
3985.0
 31
0.0
  0
CIRCLE
  5
CEF
330
17
100
AcDbEntity
  8
FW_AXIS
100
AcDbCircle
 10
2720.0
 20
3952.0
 30
0.0
 40
33.0
  0
TEXT
  5
CF0
330
17
100
AcDbEntity
  8
FW_AXIS
 62
7
100
AcDbText
 10
2720.0
 20
3952.0
 30
0.0
 40
24.0
  1
6
  7
REBAR_TXT
 72
1
 11
2720.0
 21
3952.0
 31
0.0
100
AcDbText
 73
2
  0
LINE
  5
CF1
330
17
100
AcDbEntity
  8
FW_AXIS
  6
DASHDOT
100
AcDbLine
 10
-150.0
 20
4170.0
 30
0.0
 11
-165.0
 21
4170.0
 31
0.0
  0
CIRCLE
  5
CF2
330
17
100
AcDbEntity
  8
FW_AXIS
100
AcDbCircle
 10
-198.0
 20
4170.0
 30
0.0
 40
33.0
  0
TEXT
  5
CF3
330
17
100
AcDbEntity
  8
FW_AXIS
 62
7
100
AcDbText
 10
-198.0
 20
4170.0
 30
0.0
 40
24.0
  1
A
  7
REBAR_TXT
 72
1
 11
-198.0
 21
4170.0
 31
0.0
100
AcDbText
 73
2
  0
LINE
  5
CF4
330
17
100
AcDbEntity
  8
FW_AXIS
  6
DASHDOT
100
AcDbLine
 10
2890.0
 20
4170.0
 30
0.0
 11
2905.0
 21
4170.0
 31
0.0
  0
CIRCLE
  5
CF5
330
17
100
AcDbEntity
  8
FW_AXIS
100
AcDbCircle
 10
2938.0
 20
4170.0
 30
0.0
 40
33.0
  0
TEXT
  5
CF6
330
17
100
AcDbEntity
  8
FW_AXIS
 62
7
100
AcDbText
 10
2938.0
 20
4170.0
 30
0.0
 40
24.0
  1
A
  7
REBAR_TXT
 72
1
 11
2938.0
 21
4170.0
 31
0.0
100
AcDbText
 73
2
  0
LINE
  5
CF7
330
17
100
AcDbEntity
  8
FW_AXIS
  6
DASHDOT
100
AcDbLine
 10
-150.0
 20
4710.0
 30
0.0
 11
-165.0
 21
4710.0
 31
0.0
  0
CIRCLE
  5
CF8
330
17
100
AcDbEntity
  8
FW_AXIS
100
AcDbCircle
 10
-198.0
 20
4710.0
 30
0.0
 40
33.0
  0
TEXT
  5
CF9
330
17
100
AcDbEntity
  8
FW_AXIS
 62
7
100
AcDbText
 10
-198.0
 20
4710.0
 30
0.0
 40
24.0
  1
B
  7
REBAR_TXT
 72
1
 11
-198.0
 21
4710.0
 31
0.0
100
AcDbText
 73
2
  0
LINE
  5
CFA
330
17
100
AcDbEntity
  8
FW_AXIS
  6
DASHDOT
100
AcDbLine
 10
2890.0
 20
4710.0
 30
0.0
 11
2905.0
 21
4710.0
 31
0.0
  0
CIRCLE
  5
CFB
330
17
100
AcDbEntity
  8
FW_AXIS
100
AcDbCircle
 10
2938.0
 20
4710.0
 30
0.0
 40
33.0
  0
TEXT
  5
CFC
330
17
100
AcDbEntity
  8
FW_AXIS
 62
7
100
AcDbText
 10
2938.0
 20
4710.0
 30
0.0
 40
24.0
  1
B
  7
REBAR_TXT
 72
1
 11
2938.0
 21
4710.0
 31
0.0
100
AcDbText
 73
2
  0
LINE
  5
CFD
330
17
100
AcDbEntity
  8
FW_AXIS
  6
DASHDOT
100
AcDbLine
 10
-150.0
 20
5250.0
 30
0.0
 11
-165.0
 21
5250.0
 31
0.0
  0
CIRCLE
  5
CFE
330
17
100
AcDbEntity
  8
FW_AXIS
100
AcDbCircle
 10
-198.0
 20
5250.0
 30
0.0
 40
33.0
  0
TEXT
  5
CFF
330
17
100
AcDbEntity
  8
FW_AXIS
 62
7
100
AcDbText
 10
-198.0
 20
5250.0
 30
0.0
 40
24.0
  1
C
  7
REBAR_TXT
 72
1
 11
-198.0
 21
5250.0
 31
0.0
100
AcDbText
 73
2
  0
LINE
  5
D00
330
17
100
AcDbEntity
  8
FW_AXIS
  6
DASHDOT
100
AcDbLine
 10
2890.0
 20
5250.0
 30
0.0
 11
2905.0
 21
5250.0
 31
0.0
  0
CIRCLE
  5
D01
330
17
100
AcDbEntity
  8
FW_AXIS
100
AcDbCircle
 10
2938.0
 20
5250.0
 30
0.0
 40
33.0
  0
TEXT
  5
D02
330
17
100
AcDbEntity
  8
FW_AXIS
 62
7
100
AcDbText
 10
2938.0
 20
5250.0
 30
0.0
 40
24.0
  1
C
  7
REBAR_TXT
 72
1
 11
2938.0
 21
5250.0
 31
0.0
100
AcDbText
 73
2
  0
LINE
  5
D03
330
17
100
AcDbEntity
  8
FW_AXIS
  6
DASHDOT
100
AcDbLine
 10
-150.0
 20
5790.0
 30
0.0
 11
-165.0
 21
5790.0
 31
0.0
  0
CIRCLE
  5
D04
330
17
100
AcDbEntity
  8
FW_AXIS
100
AcDbCircle
 10
-198.0
 20
5790.0
 30
0.0
 40
33.0
  0
TEXT
  5
D05
330
17
100
AcDbEntity
  8
FW_AXIS
 62
7
100
AcDbText
 10
-198.0
 20
5790.0
 30
0.0
 40
24.0
  1
D
  7
REBAR_TXT
 72
1
 11
-198.0
 21
5790.0
 31
0.0
100
AcDbText
 73
2
  0
LINE
  5
D06
330
17
100
AcDbEntity
  8
FW_AXIS
  6
DASHDOT
100
AcDbLine
 10
2890.0
 20
5790.0
 30
0.0
 11
2905.0
 21
5790.0
 31
0.0
  0
CIRCLE
  5
D07
330
17
100
AcDbEntity
  8
FW_AXIS
100
AcDbCircle
 10
2938.0
 20
5790.0
 30
0.0
 40
33.0
  0
TEXT
  5
D08
330
17
100
AcDbEntity
  8
FW_AXIS
 62
7
100
AcDbText
 10
2938.0
 20
5790.0
 30
0.0
 40
24.0
  1
D
  7
REBAR_TXT
 72
1
 11
2938.0
 21
5790.0
 31
0.0
100
AcDbText
 73
2
  0
LINE
  5
D09
330
17
100
AcDbEntity
  8
FW_AXIS
  6
DASHDOT
100
AcDbLine
 10
-150.0
 20
6330.0
 30
0.0
 11
-165.0
 21
6330.0
 31
0.0
  0
CIRCLE
  5
D0A
330
17
100
AcDbEntity
  8
FW_AXIS
100
AcDbCircle
 10
-198.0
 20
6330.0
 30
0.0
 40
33.0
  0
TEXT
  5
D0B
330
17
100
AcDbEntity
  8
FW_AXIS
 62
7
100
AcDbText
 10
-198.0
 20
6330.0
 30
0.0
 40
24.0
  1
E
  7
REBAR_TXT
 72
1
 11
-198.0
 21
6330.0
 31
0.0
100
AcDbText
 73
2
  0
LINE
  5
D0C
330
17
100
AcDbEntity
  8
FW_AXIS
  6
DASHDOT
100
AcDbLine
 10
2890.0
 20
6330.0
 30
0.0
 11
2905.0
 21
6330.0
 31
0.0
  0
CIRCLE
  5
D0D
330
17
100
AcDbEntity
  8
FW_AXIS
100
AcDbCircle
 10
2938.0
 20
6330.0
 30
0.0
 40
33.0
  0
TEXT
  5
D0E
330
17
100
AcDbEntity
  8
FW_AXIS
 62
7
100
AcDbText
 10
2938.0
 20
6330.0
 30
0.0
 40
24.0
  1
E
  7
REBAR_TXT
 72
1
 11
2938.0
 21
6330.0
 31
0.0
100
AcDbText
 73
2
  0
LINE
  5
D0F
330
17
100
AcDbEntity
  8
FW_AXIS
  6
DASHDOT
100
AcDbLine
 10
-150.0
 20
6870.0
 30
0.0
 11
-165.0
 21
6870.0
 31
0.0
  0
CIRCLE
  5
D10
330
17
100
AcDbEntity
  8
FW_AXIS
100
AcDbCircle
 10
-198.0
 20
6870.0
 30
0.0
 40
33.0
  0
TEXT
  5
D11
330
17
100
AcDbEntity
  8
FW_AXIS
 62
7
100
AcDbText
 10
-198.0
 20
6870.0
 30
0.0
 40
24.0
  1
F
  7
REBAR_TXT
 72
1
 11
-198.0
 21
6870.0
 31
0.0
100
AcDbText
 73
2
  0
LINE
  5
D12
330
17
100
AcDbEntity
  8
FW_AXIS
  6
DASHDOT
100
AcDbLine
 10
2890.0
 20
6870.0
 30
0.0
 11
2905.0
 21
6870.0
 31
0.0
  0
CIRCLE
  5
D13
330
17
100
AcDbEntity
  8
FW_AXIS
100
AcDbCircle
 10
2938.0
 20
6870.0
 30
0.0
 40
33.0
  0
TEXT
  5
D14
330
17
100
AcDbEntity
  8
FW_AXIS
 62
7
100
AcDbText
 10
2938.0
 20
6870.0
 30
0.0
 40
24.0
  1
F
  7
REBAR_TXT
 72
1
 11
2938.0
 21
6870.0
 31
0.0
100
AcDbText
 73
2
  0
TEXT
  5
D15
330
17
100
AcDbEntity
  8
FW_TEXT
 62
7
100
AcDbText
 10
1370.0
 20
7196.0
 30
0.0
 40
37.5
  1
FORMWORK PLAN +7.20
  7
REBAR_TXT
 72
1
 11
1370.0
 21
7196.0
 31
0.0
100
AcDbText
 73
2
  0
TEXT
  5
D16
330
17
100
AcDbEntity
  8
FW_TEXT
 62
7
100
AcDbText
 10
1370.0
 20
7158.5
 30
0.0
 40
15.0
  1
M 1:50
  7
REBAR_TXT
 72
1
 11
1370.0
 21
7158.5
 31
0.0
100
AcDbText
 73
2
  0
TEXT
  5
D17
330
17
100
AcDbEntity
  8
FW_TEXT
 62
7
100
AcDbText
 10
3031.0
 20
6890.0
 30
0.0
 40
21.0
  1
LEGEND
  7
REBAR_TXT
 11
3031.0
 21
6890.0
 31
0.0
100
AcDbText
 73
2
  0
HATCH
  5
D18
330
17
100
AcDbEntity
  8
FW_WALL_HATCH
 62
7
100
AcDbHatch
 10
0.0
 20
0.0
 30
0.0
210
0.0
220
0.0
230
1.0
  2
ANSI37
 70
0
 71
0
 91
1
 92
3
 72
0
 73
1
 93
5
 10
3106.0
 20
6836.0
 10
3106.0
 20
6854.0
 10
3031.0
 20
6854.0
 10
3031.0
 20
6836.0
 10
3106.0
 20
6836.0
 97
0
 75
1
 76
1
 52
0.0
 41
3.2
 77
0
 78
2
 53
45.0
 43
0.0
 44
0.0
 45
-7.184204897
 46
7.184204897
 79
0
 53
135.0
 43
0.0
 44
0.0
 45
-7.184204897
 46
-7.184204897
 79
0
 98
0
  0
LWPOLYLINE
  5
D19
330
17
100
AcDbEntity
  8
FW_TEXT
100
AcDbPolyline
 90
5
 70
1
 10
3106.0
 20
6836.0
 10
3106.0
 20
6854.0
 10
3031.0
 20
6854.0
 10
3031.0
 20
6836.0
 10
3106.0
 20
6836.0
  0
TEXT
  5
D1A
330
17
100
AcDbEntity
  8
FW_TEXT
 62
7
100
AcDbText
 10
3121.0
 20
6845.0
 30
0.0
 40
15.0
  1
Shear wall
  7
REBAR_TXT
 11
3121.0
 21
6845.0
 31
0.0
100
AcDbText
 73
2
  0
HATCH
  5
D1B
330
17
100
AcDbEntity
  8
FW_COLUMN_HATCH
 62
7
100
AcDbHatch
 10
0.0
 20
0.0
 30
0.0
210
0.0
220
0.0
230
1.0
  2
ANSI37
 70
0
 71
0
 91
1
 92
3
 72
0
 73
1
 93
5
 10
3106.0
 20
6798.5
 10
3106.0
 20
6816.5
 10
3031.0
 20
6816.5
 10
3031.0
 20
6798.5
 10
3106.0
 20
6798.5
 97
0
 75
1
 76
1
 52
0.0
 41
1.6
 77
0
 78
2
 53
45.0
 43
0.0
 44
0.0
 45
-3.5921024485
 46
3.5921024485
 79
0
 53
135.0
 43
0.0
 44
0.0
 45
-3.5921024485
 46
-3.5921024485
 79
0
 98
0
  0
LWPOLYLINE
  5
D1C
330
17
100
AcDbEntity
  8
FW_TEXT
100
AcDbPolyline
 90
5
 70
1
 10
3106.0
 20
6798.5
 10
3106.0
 20
6816.5
 10
3031.0
 20
6816.5
 10
3031.0
 20
6798.5
 10
3106.0
 20
6798.5
  0
TEXT
  5
D1D
330
17
100
AcDbEntity
  8
FW_TEXT
 62
7
100
AcDbText
 10
3121.0
 20
6807.5
 30
0.0
 40
15.0
  1
Column
  7
REBAR_TXT
 11
3121.0
 21
6807.5
 31
0.0
100
AcDbText
 73
2
  0
HATCH
  5
D1E
330
17
100
AcDbEntity
  8
FW_SLAB_SECTION
 62
8
100
AcDbHatch
 10
0.0
 20
0.0
 30
0.0
210
0.0
220
0.0
230
1.0
  2
SOLID
 70
1
 71
0
 91
1
 92
3
 72
0
 73
1
 93
5
 10
3106.0
 20
6761.0
 10
3106.0
 20
6779.0
 10
3031.0
 20
6779.0
 10
3031.0
 20
6761.0
 10
3106.0
 20
6761.0
 97
0
 75
1
 76
1
 98
0
  0
LWPOLYLINE
  5
D1F
330
17
100
AcDbEntity
  8
FW_TEXT
100
AcDbPolyline
 90
5
 70
1
 10
3106.0
 20
6761.0
 10
3106.0
 20
6779.0
 10
3031.0
 20
6779.0
 10
3031.0
 20
6761.0
 10
3106.0
 20
6761.0
  0
TEXT
  5
D20
330
17
100
AcDbEntity
  8
FW_TEXT
 62
7
100
AcDbText
 10
3121.0
 20
6770.0
 30
0.0
 40
15.0
  1
R.C. slab section (h = 24 cm)
  7
REBAR_TXT
 11
3121.0
 21
6770.0
 31
0.0
100
AcDbText
 73
2
  0
TEXT
  5
D21
330
17
100
AcDbEntity
  8
FW_TEXT
 62
7
100
AcDbText
 10
3031.0
 20
6710.0
 30
0.0
 40
18.0
  1
NOTES:
  7
REBAR_TXT
 11
3031.0
 21
6710.0
 31
0.0
100
AcDbText
 73
2
  0
TEXT
  5
D22
330
17
100
AcDbEntity
  8
FW_TEXT
 62
7
100
AcDbText
 10
3031.0
 20
6683.0
 30
0.0
 40
15.0
  1
Slab thickness h = 24 cm (everywhere)
  7
REBAR_TXT
 11
3031.0
 21
6683.0
 31
0.0
100
AcDbText
 73
2
  0
TEXT
  5
D23
330
17
100
AcDbEntity
  8
FW_TEXT
 62
7
100
AcDbText
 10
3031.0
 20
6656.0
 30
0.0
 40
15.0
  1
Concrete C25/30
  7
REBAR_TXT
 11
3031.0
 21
6656.0
 31
0.0
100
AcDbText
 73
2
  0
TEXT
  5
D24
330
17
100
AcDbEntity
  8
FW_TEXT
 62
7
100
AcDbText
 10
3031.0
 20
6629.0
 30
0.0
 40
15.0
  1
Steel B500B
  7
REBAR_TXT
 11
3031.0
 21
6629.0
 31
0.0
100
AcDbText
 73
2
  0
TEXT
  5
D25
330
17
100
AcDbEntity
  8
FW_TEXT
 62
7
100
AcDbText
 10
3031.0
 20
6602.0
 30
0.0
 40
15.0
  1
Cover: bottom 2 cm, top 3 cm
  7
REBAR_TXT
 11
3031.0
 21
6602.0
 31
0.0
100
AcDbText
 73
2
  0
DIMENSION
  5
D2D
330
17
100
AcDbEntity
  8
REB_BOT_MESH_X
100
AcDbDimension
280
0
  2
*D188
  3
REBAR M-200
 10
5.0
 20
1905.0
 30
0.0
 11
304.75
 21
1922.5
 31
0.0
 70
32
 71
5
  1
<>
100
AcDbAlignedDimension
 13
5.0
 23
1905.0
 33
0.0
 14
604.5
 24
1905.0
 34
0.0
 50
0.0
100
AcDbRotatedDimension
  0
DIMENSION
  5
D3A
330
17
100
AcDbEntity
  8
REB_BOT_MESH_X
100
AcDbDimension
280
0
  2
*D189
  3
REBAR M-200
 10
529.5
 20
1911.75
 30
0.0
 11
829.5
 21
1929.25
 31
0.0
 70
32
 71
5
  1
<>
100
AcDbAlignedDimension
 13
529.5
 23
1911.75
 33
0.0
 14
1129.5
 24
1911.75
 34
0.0
 50
0.0
100
AcDbRotatedDimension
  0
DIMENSION
  5
D47
330
17
100
AcDbEntity
  8
REB_BOT_MESH_X
100
AcDbDimension
280
0
  2
*D190
  3
REBAR M-200
 10
1054.5
 20
1905.0
 30
0.0
 11
1354.5
 21
1922.5
 31
0.0
 70
32
 71
5
  1
<>
100
AcDbAlignedDimension
 13
1054.5
 23
1905.0
 33
0.0
 14
1654.5
 24
1905.0
 34
0.0
 50
0.0
100
AcDbRotatedDimension
  0
DIMENSION
  5
D54
330
17
100
AcDbEntity
  8
REB_BOT_MESH_X
100
AcDbDimension
280
0
  2
*D191
  3
REBAR M-200
 10
1579.5
 20
1911.75
 30
0.0
 11
1879.5
 21
1929.25
 31
0.0
 70
32
 71
5
  1
<>
100
AcDbAlignedDimension
 13
1579.5
 23
1911.75
 33
0.0
 14
2179.5
 24
1911.75
 34
0.0
 50
0.0
100
AcDbRotatedDimension
  0
DIMENSION
  5
D61
330
17
100
AcDbEntity
  8
REB_BOT_MESH_X
100
AcDbDimension
280
0
  2
*D192
  3
REBAR M-200
 10
2104.5
 20
1905.0
 30
0.0
 11
2404.5
 21
1922.5
 31
0.0
 70
32
 71
5
  1
<>
100
AcDbAlignedDimension
 13
2104.5
 23
1905.0
 33
0.0
 14
2704.5
 24
1905.0
 34
0.0
 50
0.0
100
AcDbRotatedDimension
  0
DIMENSION
  5
D6E
330
17
100
AcDbEntity
  8
REB_BOT_MESH_X
100
AcDbDimension
280
0
  2
*D193
  3
REBAR M-200
 10
2629.5
 20
1911.75
 30
0.0
 11
2682.25
 21
1929.25
 31
0.0
 70
32
 71
5
  1
<>
100
AcDbAlignedDimension
 13
2629.5
 23
1911.75
 33
0.0
 14
2735.0
 24
1911.75
 34
0.0
 50
0.0
100
AcDbRotatedDimension
  0
DIMENSION
  5
D7B
330
17
100
AcDbEntity
  8
REB_BOT_MESH_X
100
AcDbDimension
280
0
  2
*D194
  3
REBAR M-200
 10
5.0
 20
285.0
 30
0.0
 11
304.75
 21
302.5
 31
0.0
 70
32
 71
5
  1
<>
100
AcDbAlignedDimension
 13
5.0
 23
285.0
 33
0.0
 14
604.5
 24
285.0
 34
0.0
 50
0.0
100
AcDbRotatedDimension
  0
DIMENSION
  5
D88
330
17
100
AcDbEntity
  8
REB_BOT_MESH_X
100
AcDbDimension
280
0
  2
*D195
  3
REBAR M-200
 10
529.5
 20
291.75
 30
0.0
 11
829.5
 21
309.25
 31
0.0
 70
32
 71
5
  1
<>
100
AcDbAlignedDimension
 13
529.5
 23
291.75
 33
0.0
 14
1129.5
 24
291.75
 34
0.0
 50
0.0
100
AcDbRotatedDimension
  0
DIMENSION
  5
D95
330
17
100
AcDbEntity
  8
REB_BOT_MESH_X
100
AcDbDimension
280
0
  2
*D196
  3
REBAR M-200
 10
1054.5
 20
285.0
 30
0.0
 11
1354.5
 21
302.5
 31
0.0
 70
32
 71
5
  1
<>
100
AcDbAlignedDimension
 13
1054.5
 23
285.0
 33
0.0
 14
1654.5
 24
285.0
 34
0.0
 50
0.0
100
AcDbRotatedDimension
  0
DIMENSION
  5
DA2
330
17
100
AcDbEntity
  8
REB_BOT_MESH_X
100
AcDbDimension
280
0
  2
*D197
  3
REBAR M-200
 10
1579.5
 20
291.75
 30
0.0
 11
1879.5
 21
309.25
 31
0.0
 70
32
 71
5
  1
<>
100
AcDbAlignedDimension
 13
1579.5
 23
291.75
 33
0.0
 14
2179.5
 24
291.75
 34
0.0
 50
0.0
100
AcDbRotatedDimension
  0
DIMENSION
  5
DAF
330
17
100
AcDbEntity
  8
REB_BOT_MESH_X
100
AcDbDimension
280
0
  2
*D198
  3
REBAR M-200
 10
2104.5
 20
285.0
 30
0.0
 11
2404.5
 21
302.5
 31
0.0
 70
32
 71
5
  1
<>
100
AcDbAlignedDimension
 13
2104.5
 23
285.0
 33
0.0
 14
2704.5
 24
285.0
 34
0.0
 50
0.0
100
AcDbRotatedDimension
  0
DIMENSION
  5
DBC
330
17
100
AcDbEntity
  8
REB_BOT_MESH_X
100
AcDbDimension
280
0
  2
*D199
  3
REBAR M-200
 10
2629.5
 20
291.75
 30
0.0
 11
2682.25
 21
309.25
 31
0.0
 70
32
 71
5
  1
<>
100
AcDbAlignedDimension
 13
2629.5
 23
291.75
 33
0.0
 14
2735.0
 24
291.75
 34
0.0
 50
0.0
100
AcDbRotatedDimension
  0
DIMENSION
  5
DC9
330
17
100
AcDbEntity
  8
REB_BOT_MESH_X
100
AcDbDimension
280
0
  2
*D200
  3
REBAR M-200
 10
5.0
 20
1365.0
 30
0.0
 11
304.75
 21
1382.5
 31
0.0
 70
32
 71
5
  1
<>
100
AcDbAlignedDimension
 13
5.0
 23
1365.0
 33
0.0
 14
604.5
 24
1365.0
 34
0.0
 50
0.0
100
AcDbRotatedDimension
  0
DIMENSION
  5
DD6
330
17
100
AcDbEntity
  8
REB_BOT_MESH_X
100
AcDbDimension
280
0
  2
*D201
  3
REBAR M-200
 10
529.5
 20
1371.75
 30
0.0
 11
827.25
 21
1389.25
 31
0.0
 70
32
 71
5
  1
<>
100
AcDbAlignedDimension
 13
529.5
 23
1371.75
 33
0.0
 14
1125.0
 24
1371.75
 34
0.0
 50
0.0
100
AcDbRotatedDimension
  0
DIMENSION
  5
DE3
330
17
100
AcDbEntity
  8
REB_BOT_MESH_X
100
AcDbDimension
280
0
  2
*D202
  3
REBAR M-200
 10
1405.0
 20
1365.0
 30
0.0
 11
1576.25
 21
1382.5
 31
0.0
 70
32
 71
5
  1
<>
100
AcDbAlignedDimension
 13
1405.0
 23
1365.0
 33
0.0
 14
1747.5
 24
1365.0
 34
0.0
 50
0.0
100
AcDbRotatedDimension
  0
DIMENSION
  5
DF0
330
17
100
AcDbEntity
  8
REB_BOT_MESH_X
100
AcDbDimension
280
0
  2
*D203
  3
REBAR M-200
 10
1672.5
 20
1371.75
 30
0.0
 11
1972.5
 21
1389.25
 31
0.0
 70
32
 71
5
  1
<>
100
AcDbAlignedDimension
 13
1672.5
 23
1371.75
 33
0.0
 14
2272.5
 24
1371.75
 34
0.0
 50
0.0
100
AcDbRotatedDimension
  0
DIMENSION
  5
DFD
330
17
100
AcDbEntity
  8
REB_BOT_MESH_X
100
AcDbDimension
280
0
  2
*D204
  3
REBAR M-200
 10
2197.5
 20
1365.0
 30
0.0
 11
2466.25
 21
1382.5
 31
0.0
 70
32
 71
5
  1
<>
100
AcDbAlignedDimension
 13
2197.5
 23
1365.0
 33
0.0
 14
2735.0
 24
1365.0
 34
0.0
 50
0.0
100
AcDbRotatedDimension
  0
DIMENSION
  5
E0A
330
17
100
AcDbEntity
  8
REB_BOT_MESH_X
100
AcDbDimension
280
0
  2
*D205
  3
REBAR M-200
 10
5.0
 20
825.0
 30
0.0
 11
304.75
 21
842.5
 31
0.0
 70
32
 71
5
  1
<>
100
AcDbAlignedDimension
 13
5.0
 23
825.0
 33
0.0
 14
604.5
 24
825.0
 34
0.0
 50
0.0
100
AcDbRotatedDimension
  0
DIMENSION
  5
E17
330
17
100
AcDbEntity
  8
REB_BOT_MESH_X
100
AcDbDimension
280
0
  2
*D206
  3
REBAR M-200
 10
529.5
 20
831.75
 30
0.0
 11
829.5
 21
849.25
 31
0.0
 70
32
 71
5
  1
<>
100
AcDbAlignedDimension
 13
529.5
 23
831.75
 33
0.0
 14
1129.5
 24
831.75
 34
0.0
 50
0.0
100
AcDbRotatedDimension
  0
DIMENSION
  5
E24
330
17
100
AcDbEntity
  8
REB_BOT_MESH_X
100
AcDbDimension
280
0
  2
*D207
  3
REBAR M-200
 10
1054.5
 20
825.0
 30
0.0
 11
1354.5
 21
842.5
 31
0.0
 70
32
 71
5
  1
<>
100
AcDbAlignedDimension
 13
1054.5
 23
825.0
 33
0.0
 14
1654.5
 24
825.0
 34
0.0
 50
0.0
100
AcDbRotatedDimension
  0
DIMENSION
  5
E31
330
17
100
AcDbEntity
  8
REB_BOT_MESH_X
100
AcDbDimension
280
0
  2
*D208
  3
REBAR M-200
 10
1579.5
 20
831.75
 30
0.0
 11
1879.5
 21
849.25
 31
0.0
 70
32
 71
5
  1
<>
100
AcDbAlignedDimension
 13
1579.5
 23
831.75
 33
0.0
 14
2179.5
 24
831.75
 34
0.0
 50
0.0
100
AcDbRotatedDimension
  0
DIMENSION
  5
E3E
330
17
100
AcDbEntity
  8
REB_BOT_MESH_X
100
AcDbDimension
280
0
  2
*D209
  3
REBAR M-200
 10
2104.5
 20
825.0
 30
0.0
 11
2404.5
 21
842.5
 31
0.0
 70
32
 71
5
  1
<>
100
AcDbAlignedDimension
 13
2104.5
 23
825.0
 33
0.0
 14
2704.5
 24
825.0
 34
0.0
 50
0.0
100
AcDbRotatedDimension
  0
DIMENSION
  5
E4B
330
17
100
AcDbEntity
  8
REB_BOT_MESH_X
100
AcDbDimension
280
0
  2
*D210
  3
REBAR M-200
 10
2629.5
 20
831.75
 30
0.0
 11
2682.25
 21
849.25
 31
0.0
 70
32
 71
5
  1
<>
100
AcDbAlignedDimension
 13
2629.5
 23
831.75
 33
0.0
 14
2735.0
 24
831.75
 34
0.0
 50
0.0
100
AcDbRotatedDimension
  0
DIMENSION
  5
E58
330
17
100
AcDbEntity
  8
REB_BOT_MESH_X
100
AcDbDimension
280
0
  2
*D211
  3
REBAR M-200
 10
5.0
 20
725.0
 30
0.0
 11
304.75
 21
742.5
 31
0.0
 70
32
 71
5
  1
<>
100
AcDbAlignedDimension
 13
5.0
 23
725.0
 33
0.0
 14
604.5
 24
725.0
 34
0.0
 50
0.0
100
AcDbRotatedDimension
  0
DIMENSION
  5
E65
330
17
100
AcDbEntity
  8
REB_BOT_MESH_X
100
AcDbDimension
280
0
  2
*D212
  3
REBAR M-200
 10
529.5
 20
731.75
 30
0.0
 11
829.5
 21
749.25
 31
0.0
 70
32
 71
5
  1
<>
100
AcDbAlignedDimension
 13
529.5
 23
731.75
 33
0.0
 14
1129.5
 24
731.75
 34
0.0
 50
0.0
100
AcDbRotatedDimension
  0
DIMENSION
  5
E72
330
17
100
AcDbEntity
  8
REB_BOT_MESH_X
100
AcDbDimension
280
0
  2
*D213
  3
REBAR M-200
 10
1054.5
 20
725.0
 30
0.0
 11
1354.5
 21
742.5
 31
0.0
 70
32
 71
5
  1
<>
100
AcDbAlignedDimension
 13
1054.5
 23
725.0
 33
0.0
 14
1654.5
 24
725.0
 34
0.0
 50
0.0
100
AcDbRotatedDimension
  0
DIMENSION
  5
E7F
330
17
100
AcDbEntity
  8
REB_BOT_MESH_X
100
AcDbDimension
280
0
  2
*D214
  3
REBAR M-200
 10
1579.5
 20
731.75
 30
0.0
 11
1879.5
 21
749.25
 31
0.0
 70
32
 71
5
  1
<>
100
AcDbAlignedDimension
 13
1579.5
 23
731.75
 33
0.0
 14
2179.5
 24
731.75
 34
0.0
 50
0.0
100
AcDbRotatedDimension
  0
DIMENSION
  5
E8C
330
17
100
AcDbEntity
  8
REB_BOT_MESH_X
100
AcDbDimension
280
0
  2
*D215
  3
REBAR M-200
 10
2104.5
 20
725.0
 30
0.0
 11
2164.75
 21
742.5
 31
0.0
 70
32
 71
5
  1
<>
100
AcDbAlignedDimension
 13
2104.5
 23
725.0
 33
0.0
 14
2225.0
 24
725.0
 34
0.0
 50
0.0
100
AcDbRotatedDimension
  0
DIMENSION
  5
E99
330
17
100
AcDbEntity
  8
REB_BOT_MESH_X
100
AcDbDimension
280
0
  2
*D216
  3
REBAR M-200
 10
2335.0
 20
685.0
 30
0.0
 11
2535.0
 21
702.5
 31
0.0
 70
32
 71
5
  1
<>
100
AcDbAlignedDimension
 13
2335.0
 23
685.0
 33
0.0
 14
2735.0
 24
685.0
 34
0.0
 50
0.0
100
AcDbRotatedDimension
  0
TEXT
  5
EA7
330
17
100
AcDbEntity
  8
REB_NOTES
 62
7
100
AcDbText
 10
1370.0
 20
-180.0
 30
0.0
 40
37.5
  1
BOTTOM REINFORCEMENT - DIRECTION X
  7
REBAR_TXT
 72
1
 11
1370.0
 21
-180.0
 31
0.0
100
AcDbText
 73
3
  0
LWPOLYLINE
  5
EA8
330
17
100
AcDbEntity
  8
SLAB
100
AcDbPolyline
 90
4
 70
1
 10
4460.0
 20
0.0
 10
7200.0
 20
0.0
 10
7200.0
 20
2740.0
 10
4460.0
 20
2740.0
  0
LINE
  5
EA9
330
17
100
AcDbEntity
  8
AXIS
100
AcDbLine
 10
4480.0
 20
-150.0
 30
0.0
 11
4480.0
 21
2890.0
 31
0.0
  0
LINE
  5
EAA
330
17
100
AcDbEntity
  8
AXIS
100
AcDbLine
 10
4310.0
 20
20.0
 30
0.0
 11
7350.0
 21
20.0
 31
0.0
  0
TEXT
  5
EAB
330
17
100
AcDbEntity
  8
AXIS
100
AcDbText
 10
4480.0
 20
2910.0
 30
0.0
 40
40.0
  1
1
 11
4480.0
 21
2910.0
 31
0.0
100
AcDbText
  0
TEXT
  5
EAC
330
17
100
AcDbEntity
  8
AXIS
100
AcDbText
 10
4240.0
 20
20.0
 30
0.0
 40
40.0
  1
A
 11
4240.0
 21
20.0
 31
0.0
100
AcDbText
  0
LINE
  5
EAD
330
17
100
AcDbEntity
  8
AXIS
100
AcDbLine
 10
5020.0
 20
-150.0
 30
0.0
 11
5020.0
 21
2890.0
 31
0.0
  0
LINE
  5
EAE
330
17
100
AcDbEntity
  8
AXIS
100
AcDbLine
 10
4310.0
 20
560.0
 30
0.0
 11
7350.0
 21
560.0
 31
0.0
  0
TEXT
  5
EAF
330
17
100
AcDbEntity
  8
AXIS
100
AcDbText
 10
5020.0
 20
2910.0
 30
0.0
 40
40.0
  1
2
 11
5020.0
 21
2910.0
 31
0.0
100
AcDbText
  0
TEXT
  5
EB0
330
17
100
AcDbEntity
  8
AXIS
100
AcDbText
 10
4240.0
 20
560.0
 30
0.0
 40
40.0
  1
B
 11
4240.0
 21
560.0
 31
0.0
100
AcDbText
  0
LINE
  5
EB1
330
17
100
AcDbEntity
  8
AXIS
100
AcDbLine
 10
5560.0
 20
-150.0
 30
0.0
 11
5560.0
 21
2890.0
 31
0.0
  0
LINE
  5
EB2
330
17
100
AcDbEntity
  8
AXIS
100
AcDbLine
 10
4310.0
 20
1100.0
 30
0.0
 11
7350.0
 21
1100.0
 31
0.0
  0
TEXT
  5
EB3
330
17
100
AcDbEntity
  8
AXIS
100
AcDbText
 10
5560.0
 20
2910.0
 30
0.0
 40
40.0
  1
3
 11
5560.0
 21
2910.0
 31
0.0
100
AcDbText
  0
TEXT
  5
EB4
330
17
100
AcDbEntity
  8
AXIS
100
AcDbText
 10
4240.0
 20
1100.0
 30
0.0
 40
40.0
  1
C
 11
4240.0
 21
1100.0
 31
0.0
100
AcDbText
  0
LINE
  5
EB5
330
17
100
AcDbEntity
  8
AXIS
100
AcDbLine
 10
6100.0
 20
-150.0
 30
0.0
 11
6100.0
 21
2890.0
 31
0.0
  0
LINE
  5
EB6
330
17
100
AcDbEntity
  8
AXIS
100
AcDbLine
 10
4310.0
 20
1640.0
 30
0.0
 11
7350.0
 21
1640.0
 31
0.0
  0
TEXT
  5
EB7
330
17
100
AcDbEntity
  8
AXIS
100
AcDbText
 10
6100.0
 20
2910.0
 30
0.0
 40
40.0
  1
4
 11
6100.0
 21
2910.0
 31
0.0
100
AcDbText
  0
TEXT
  5
EB8
330
17
100
AcDbEntity
  8
AXIS
100
AcDbText
 10
4240.0
 20
1640.0
 30
0.0
 40
40.0
  1
D
 11
4240.0
 21
1640.0
 31
0.0
100
AcDbText
  0
LINE
  5
EB9
330
17
100
AcDbEntity
  8
AXIS
100
AcDbLine
 10
6640.0
 20
-150.0
 30
0.0
 11
6640.0
 21
2890.0
 31
0.0
  0
LINE
  5
EBA
330
17
100
AcDbEntity
  8
AXIS
100
AcDbLine
 10
4310.0
 20
2180.0
 30
0.0
 11
7350.0
 21
2180.0
 31
0.0
  0
TEXT
  5
EBB
330
17
100
AcDbEntity
  8
AXIS
100
AcDbText
 10
6640.0
 20
2910.0
 30
0.0
 40
40.0
  1
5
 11
6640.0
 21
2910.0
 31
0.0
100
AcDbText
  0
TEXT
  5
EBC
330
17
100
AcDbEntity
  8
AXIS
100
AcDbText
 10
4240.0
 20
2180.0
 30
0.0
 40
40.0
  1
E
 11
4240.0
 21
2180.0
 31
0.0
100
AcDbText
  0
LINE
  5
EBD
330
17
100
AcDbEntity
  8
AXIS
100
AcDbLine
 10
7180.0
 20
-150.0
 30
0.0
 11
7180.0
 21
2890.0
 31
0.0
  0
LINE
  5
EBE
330
17
100
AcDbEntity
  8
AXIS
100
AcDbLine
 10
4310.0
 20
2720.0
 30
0.0
 11
7350.0
 21
2720.0
 31
0.0
  0
TEXT
  5
EBF
330
17
100
AcDbEntity
  8
AXIS
100
AcDbText
 10
7180.0
 20
2910.0
 30
0.0
 40
40.0
  1
6
 11
7180.0
 21
2910.0
 31
0.0
100
AcDbText
  0
TEXT
  5
EC0
330
17
100
AcDbEntity
  8
AXIS
100
AcDbText
 10
4240.0
 20
2720.0
 30
0.0
 40
40.0
  1
F
 11
4240.0
 21
2720.0
 31
0.0
100
AcDbText
  0
LWPOLYLINE
  5
EC1
330
17
100
AcDbEntity
  8
WALL
100
AcDbPolyline
 90
4
 70
1
 10
5547.5
 20
1087.5
 10
6112.5
 20
1087.5
 10
6112.5
 20
1652.5
 10
5547.5
 20
1652.5
  0
LWPOLYLINE
  5
EC2
330
17
100
AcDbEntity
  8
WALL
100
AcDbPolyline
 90
4
 70
1
 10
5572.5
 20
1112.5
 10
6087.5
 20
1112.5
 10
6087.5
 20
1627.5
 10
5572.5
 20
1627.5
  0
LWPOLYLINE
  5
EC3
330
17
100
AcDbEntity
  8
OPENING
100
AcDbPolyline
 90
4
 70
1
 10
5590.0
 20
1130.0
 10
5860.0
 20
1130.0
 10
5860.0
 20
1610.0
 10
5590.0
 20
1610.0
  0
LWPOLYLINE
  5
EC4
330
17
100
AcDbEntity
  8
WALL
100
AcDbPolyline
 90
4
 70
1
 10
4460.0
 20
1100.0
 10
4495.0
 20
1100.0
 10
4495.0
 20
1640.0
 10
4460.0
 20
1640.0
  0
LWPOLYLINE
  5
EC5
330
17
100
AcDbEntity
  8
WALL
100
AcDbPolyline
 90
4
 70
1
 10
5560.0
 20
0.0
 10
6100.0
 20
0.0
 10
6100.0
 20
35.0
 10
5560.0
 20
35.0
  0
LWPOLYLINE
  5
EC6
330
17
100
AcDbEntity
  8
WALL
100
AcDbPolyline
 90
4
 70
1
 10
6622.5
 20
680.0
 10
6657.5
 20
680.0
 10
6657.5
 20
930.0
 10
6622.5
 20
930.0
  0
LWPOLYLINE
  5
EC7
330
17
100
AcDbEntity
  8
OPENING
100
AcDbPolyline
 90
4
 70
1
 10
6690.0
 20
610.0
 10
6790.0
 20
610.0
 10
6790.0
 20
730.0
 10
6690.0
 20
730.0
  0
LWPOLYLINE
  5
EC8
330
17
100
AcDbEntity
  8
COLUMN
100
AcDbPolyline
 90
4
 70
1
 10
4460.0
 20
0.0
 10
4500.0
 20
0.0
 10
4500.0
 20
40.0
 10
4460.0
 20
40.0
  0
LWPOLYLINE
  5
EC9
330
17
100
AcDbEntity
  8
COLUMN
100
AcDbPolyline
 90
4
 70
1
 10
4460.0
 20
540.0
 10
4500.0
 20
540.0
 10
4500.0
 20
580.0
 10
4460.0
 20
580.0
  0
LWPOLYLINE
  5
ECA
330
17
100
AcDbEntity
  8
COLUMN
100
AcDbPolyline
 90
4
 70
1
 10
4460.0
 20
1080.0
 10
4500.0
 20
1080.0
 10
4500.0
 20
1120.0
 10
4460.0
 20
1120.0
  0
LWPOLYLINE
  5
ECB
330
17
100
AcDbEntity
  8
COLUMN
100
AcDbPolyline
 90
4
 70
1
 10
4460.0
 20
1620.0
 10
4500.0
 20
1620.0
 10
4500.0
 20
1660.0
 10
4460.0
 20
1660.0
  0
LWPOLYLINE
  5
ECC
330
17
100
AcDbEntity
  8
COLUMN
100
AcDbPolyline
 90
4
 70
1
 10
4460.0
 20
2160.0
 10
4500.0
 20
2160.0
 10
4500.0
 20
2200.0
 10
4460.0
 20
2200.0
  0
LWPOLYLINE
  5
ECD
330
17
100
AcDbEntity
  8
COLUMN
100
AcDbPolyline
 90
4
 70
1
 10
4460.0
 20
2700.0
 10
4500.0
 20
2700.0
 10
4500.0
 20
2740.0
 10
4460.0
 20
2740.0
  0
LWPOLYLINE
  5
ECE
330
17
100
AcDbEntity
  8
COLUMN
100
AcDbPolyline
 90
4
 70
1
 10
5000.0
 20
0.0
 10
5040.0
 20
0.0
 10
5040.0
 20
40.0
 10
5000.0
 20
40.0
  0
LWPOLYLINE
  5
ECF
330
17
100
AcDbEntity
  8
COLUMN
100
AcDbPolyline
 90
4
 70
1
 10
5000.0
 20
540.0
 10
5040.0
 20
540.0
 10
5040.0
 20
580.0
 10
5000.0
 20
580.0
  0
LWPOLYLINE
  5
ED0
330
17
100
AcDbEntity
  8
COLUMN
100
AcDbPolyline
 90
4
 70
1
 10
5000.0
 20
1080.0
 10
5040.0
 20
1080.0
 10
5040.0
 20
1120.0
 10
5000.0
 20
1120.0
  0
CIRCLE
  5
ED1
330
17
100
AcDbEntity
  8
COLUMN
100
AcDbCircle
 10
5020.0
 20
1640.0
 30
0.0
 40
22.5
  0
LWPOLYLINE
  5
ED2
330
17
100
AcDbEntity
  8
COLUMN
100
AcDbPolyline
 90
4
 70
1
 10
5000.0
 20
2160.0
 10
5040.0
 20
2160.0
 10
5040.0
 20
2200.0
 10
5000.0
 20
2200.0
  0
LWPOLYLINE
  5
ED3
330
17
100
AcDbEntity
  8
COLUMN
100
AcDbPolyline
 90
4
 70
1
 10
5000.0
 20
2700.0
 10
5040.0
 20
2700.0
 10
5040.0
 20
2740.0
 10
5000.0
 20
2740.0
  0
LWPOLYLINE
  5
ED4
330
17
100
AcDbEntity
  8
COLUMN
100
AcDbPolyline
 90
4
 70
1
 10
5540.0
 20
0.0
 10
5580.0
 20
0.0
 10
5580.0
 20
40.0
 10
5540.0
 20
40.0
  0
LWPOLYLINE
  5
ED5
330
17
100
AcDbEntity
  8
COLUMN
100
AcDbPolyline
 90
4
 70
1
 10
5540.0
 20
540.0
 10
5580.0
 20
540.0
 10
5580.0
 20
580.0
 10
5540.0
 20
580.0
  0
LWPOLYLINE
  5
ED6
330
17
100
AcDbEntity
  8
COLUMN
100
AcDbPolyline
 90
4
 70
1
 10
5540.0
 20
2160.0
 10
5580.0
 20
2160.0
 10
5580.0
 20
2200.0
 10
5540.0
 20
2200.0
  0
LWPOLYLINE
  5
ED7
330
17
100
AcDbEntity
  8
COLUMN
100
AcDbPolyline
 90
4
 70
1
 10
5540.0
 20
2700.0
 10
5580.0
 20
2700.0
 10
5580.0
 20
2740.0
 10
5540.0
 20
2740.0
  0
LWPOLYLINE
  5
ED8
330
17
100
AcDbEntity
  8
COLUMN
100
AcDbPolyline
 90
4
 70
1
 10
6080.0
 20
0.0
 10
6120.0
 20
0.0
 10
6120.0
 20
40.0
 10
6080.0
 20
40.0
  0
LWPOLYLINE
  5
ED9
330
17
100
AcDbEntity
  8
COLUMN
100
AcDbPolyline
 90
4
 70
1
 10
6080.0
 20
540.0
 10
6120.0
 20
540.0
 10
6120.0
 20
580.0
 10
6080.0
 20
580.0
  0
LWPOLYLINE
  5
EDA
330
17
100
AcDbEntity
  8
COLUMN
100
AcDbPolyline
 90
4
 70
1
 10
6080.0
 20
2160.0
 10
6120.0
 20
2160.0
 10
6120.0
 20
2200.0
 10
6080.0
 20
2200.0
  0
LWPOLYLINE
  5
EDB
330
17
100
AcDbEntity
  8
COLUMN
100
AcDbPolyline
 90
4
 70
1
 10
6080.0
 20
2700.0
 10
6120.0
 20
2700.0
 10
6120.0
 20
2740.0
 10
6080.0
 20
2740.0
  0
LWPOLYLINE
  5
EDC
330
17
100
AcDbEntity
  8
COLUMN
100
AcDbPolyline
 90
4
 70
1
 10
6620.0
 20
0.0
 10
6660.0
 20
0.0
 10
6660.0
 20
40.0
 10
6620.0
 20
40.0
  0
LWPOLYLINE
  5
EDD
330
17
100
AcDbEntity
  8
COLUMN
100
AcDbPolyline
 90
4
 70
1
 10
6620.0
 20
540.0
 10
6660.0
 20
540.0
 10
6660.0
 20
580.0
 10
6620.0
 20
580.0
  0
CIRCLE
  5
EDE
330
17
100
AcDbEntity
  8
COLUMN
100
AcDbCircle
 10
6640.0
 20
1100.0
 30
0.0
 40
22.5
  0
LWPOLYLINE
  5
EDF
330
17
100
AcDbEntity
  8
COLUMN
100
AcDbPolyline
 90
4
 70
1
 10
6620.0
 20
1620.0
 10
6660.0
 20
1620.0
 10
6660.0
 20
1660.0
 10
6620.0
 20
1660.0
  0
LWPOLYLINE
  5
EE0
330
17
100
AcDbEntity
  8
COLUMN
100
AcDbPolyline
 90
4
 70
1
 10
6620.0
 20
2160.0
 10
6660.0
 20
2160.0
 10
6660.0
 20
2200.0
 10
6620.0
 20
2200.0
  0
LWPOLYLINE
  5
EE1
330
17
100
AcDbEntity
  8
COLUMN
100
AcDbPolyline
 90
4
 70
1
 10
6620.0
 20
2700.0
 10
6660.0
 20
2700.0
 10
6660.0
 20
2740.0
 10
6620.0
 20
2740.0
  0
LWPOLYLINE
  5
EE2
330
17
100
AcDbEntity
  8
COLUMN
100
AcDbPolyline
 90
4
 70
1
 10
7160.0
 20
0.0
 10
7200.0
 20
0.0
 10
7200.0
 20
40.0
 10
7160.0
 20
40.0
  0
LWPOLYLINE
  5
EE3
330
17
100
AcDbEntity
  8
COLUMN
100
AcDbPolyline
 90
4
 70
1
 10
7160.0
 20
540.0
 10
7200.0
 20
540.0
 10
7200.0
 20
580.0
 10
7160.0
 20
580.0
  0
LWPOLYLINE
  5
EE4
330
17
100
AcDbEntity
  8
COLUMN
100
AcDbPolyline
 90
4
 70
1
 10
7160.0
 20
1080.0
 10
7200.0
 20
1080.0
 10
7200.0
 20
1120.0
 10
7160.0
 20
1120.0
  0
LWPOLYLINE
  5
EE5
330
17
100
AcDbEntity
  8
COLUMN
100
AcDbPolyline
 90
4
 70
1
 10
7160.0
 20
1620.0
 10
7200.0
 20
1620.0
 10
7200.0
 20
1660.0
 10
7160.0
 20
1660.0
  0
LWPOLYLINE
  5
EE6
330
17
100
AcDbEntity
  8
COLUMN
100
AcDbPolyline
 90
4
 70
1
 10
7160.0
 20
2160.0
 10
7200.0
 20
2160.0
 10
7200.0
 20
2200.0
 10
7160.0
 20
2200.0
  0
LWPOLYLINE
  5
EE7
330
17
100
AcDbEntity
  8
COLUMN
100
AcDbPolyline
 90
4
 70
1
 10
7160.0
 20
2700.0
 10
7200.0
 20
2700.0
 10
7200.0
 20
2740.0
 10
7160.0
 20
2740.0
  0
DIMENSION
  5
EE9
330
17
100
AcDbEntity
  8
REB_BOT_MESH_Y
100
AcDbDimension
280
0
  2
*D217
  3
REBAR M-200
 10
4745.0
 20
5.0
 30
0.0
 11
4727.5
 21
304.75
 31
0.0
 70
32
 71
5
  1
<>
100
AcDbAlignedDimension
 13
4745.0
 23
5.0
 33
0.0
 14
4745.0
 24
604.5
 34
0.0
 50
90.0
100
AcDbRotatedDimension
  0
DIMENSION
  5
EF6
330
17
100
AcDbEntity
  8
REB_BOT_MESH_Y
100
AcDbDimension
280
0
  2
*D218
  3
REBAR M-200
 10
4751.75
 20
529.5
 30
0.0
 11
4734.25
 21
829.5
 31
0.0
 70
32
 71
5
  1
<>
100
AcDbAlignedDimension
 13
4751.75
 23
529.5
 33
0.0
 14
4751.75
 24
1129.5
 34
0.0
 50
90.0
100
AcDbRotatedDimension
  0
DIMENSION
  5
F03
330
17
100
AcDbEntity
  8
REB_BOT_MESH_Y
100
AcDbDimension
280
0
  2
*D219
  3
REBAR M-200
 10
4745.0
 20
1054.5
 30
0.0
 11
4727.5
 21
1354.5
 31
0.0
 70
32
 71
5
  1
<>
100
AcDbAlignedDimension
 13
4745.0
 23
1054.5
 33
0.0
 14
4745.0
 24
1654.5
 34
0.0
 50
90.0
100
AcDbRotatedDimension
  0
DIMENSION
  5
F10
330
17
100
AcDbEntity
  8
REB_BOT_MESH_Y
100
AcDbDimension
280
0
  2
*D220
  3
REBAR M-200
 10
4751.75
 20
1579.5
 30
0.0
 11
4734.25
 21
1879.5
 31
0.0
 70
32
 71
5
  1
<>
100
AcDbAlignedDimension
 13
4751.75
 23
1579.5
 33
0.0
 14
4751.75
 24
2179.5
 34
0.0
 50
90.0
100
AcDbRotatedDimension
  0
DIMENSION
  5
F1D
330
17
100
AcDbEntity
  8
REB_BOT_MESH_Y
100
AcDbDimension
280
0
  2
*D221
  3
REBAR M-200
 10
4745.0
 20
2104.5
 30
0.0
 11
4727.5
 21
2404.5
 31
0.0
 70
32
 71
5
  1
<>
100
AcDbAlignedDimension
 13
4745.0
 23
2104.5
 33
0.0
 14
4745.0
 24
2704.5
 34
0.0
 50
90.0
100
AcDbRotatedDimension
  0
DIMENSION
  5
F2A
330
17
100
AcDbEntity
  8
REB_BOT_MESH_Y
100
AcDbDimension
280
0
  2
*D222
  3
REBAR M-200
 10
4751.75
 20
2629.5
 30
0.0
 11
4734.25
 21
2682.25
 31
0.0
 70
32
 71
5
  1
<>
100
AcDbAlignedDimension
 13
4751.75
 23
2629.5
 33
0.0
 14
4751.75
 24
2735.0
 34
0.0
 50
90.0
100
AcDbRotatedDimension
  0
DIMENSION
  5
F37
330
17
100
AcDbEntity
  8
REB_BOT_MESH_Y
100
AcDbDimension
280
0
  2
*D223
  3
REBAR M-200
 10
6365.0
 20
5.0
 30
0.0
 11
6347.5
 21
304.75
 31
0.0
 70
32
 71
5
  1
<>
100
AcDbAlignedDimension
 13
6365.0
 23
5.0
 33
0.0
 14
6365.0
 24
604.5
 34
0.0
 50
90.0
100
AcDbRotatedDimension
  0
DIMENSION
  5
F44
330
17
100
AcDbEntity
  8
REB_BOT_MESH_Y
100
AcDbDimension
280
0
  2
*D224
  3
REBAR M-200
 10
6371.75
 20
529.5
 30
0.0
 11
6354.25
 21
829.5
 31
0.0
 70
32
 71
5
  1
<>
100
AcDbAlignedDimension
 13
6371.75
 23
529.5
 33
0.0
 14
6371.75
 24
1129.5
 34
0.0
 50
90.0
100
AcDbRotatedDimension
  0
DIMENSION
  5
F51
330
17
100
AcDbEntity
  8
REB_BOT_MESH_Y
100
AcDbDimension
280
0
  2
*D225
  3
REBAR M-200
 10
6365.0
 20
1054.5
 30
0.0
 11
6347.5
 21
1354.5
 31
0.0
 70
32
 71
5
  1
<>
100
AcDbAlignedDimension
 13
6365.0
 23
1054.5
 33
0.0
 14
6365.0
 24
1654.5
 34
0.0
 50
90.0
100
AcDbRotatedDimension
  0
DIMENSION
  5
F5E
330
17
100
AcDbEntity
  8
REB_BOT_MESH_Y
100
AcDbDimension
280
0
  2
*D226
  3
REBAR M-200
 10
6371.75
 20
1579.5
 30
0.0
 11
6354.25
 21
1879.5
 31
0.0
 70
32
 71
5
  1
<>
100
AcDbAlignedDimension
 13
6371.75
 23
1579.5
 33
0.0
 14
6371.75
 24
2179.5
 34
0.0
 50
90.0
100
AcDbRotatedDimension
  0
DIMENSION
  5
F6B
330
17
100
AcDbEntity
  8
REB_BOT_MESH_Y
100
AcDbDimension
280
0
  2
*D227
  3
REBAR M-200
 10
6365.0
 20
2104.5
 30
0.0
 11
6347.5
 21
2404.5
 31
0.0
 70
32
 71
5
  1
<>
100
AcDbAlignedDimension
 13
6365.0
 23
2104.5
 33
0.0
 14
6365.0
 24
2704.5
 34
0.0
 50
90.0
100
AcDbRotatedDimension
  0
DIMENSION
  5
F78
330
17
100
AcDbEntity
  8
REB_BOT_MESH_Y
100
AcDbDimension
280
0
  2
*D228
  3
REBAR M-200
 10
6371.75
 20
2629.5
 30
0.0
 11
6354.25
 21
2682.25
 31
0.0
 70
32
 71
5
  1
<>
100
AcDbAlignedDimension
 13
6371.75
 23
2629.5
 33
0.0
 14
6371.75
 24
2735.0
 34
0.0
 50
90.0
100
AcDbRotatedDimension
  0
DIMENSION
  5
F85
330
17
100
AcDbEntity
  8
REB_BOT_MESH_Y
100
AcDbDimension
280
0
  2
*D229
  3
REBAR M-200
 10
6905.0
 20
5.0
 30
0.0
 11
6887.5
 21
304.75
 31
0.0
 70
32
 71
5
  1
<>
100
AcDbAlignedDimension
 13
6905.0
 23
5.0
 33
0.0
 14
6905.0
 24
604.5
 34
0.0
 50
90.0
100
AcDbRotatedDimension
  0
DIMENSION
  5
F92
330
17
100
AcDbEntity
  8
REB_BOT_MESH_Y
100
AcDbDimension
280
0
  2
*D230
  3
REBAR M-200
 10
6911.75
 20
529.5
 30
0.0
 11
6894.25
 21
829.5
 31
0.0
 70
32
 71
5
  1
<>
100
AcDbAlignedDimension
 13
6911.75
 23
529.5
 33
0.0
 14
6911.75
 24
1129.5
 34
0.0
 50
90.0
100
AcDbRotatedDimension
  0
DIMENSION
  5
F9F
330
17
100
AcDbEntity
  8
REB_BOT_MESH_Y
100
AcDbDimension
280
0
  2
*D231
  3
REBAR M-200
 10
6905.0
 20
1054.5
 30
0.0
 11
6887.5
 21
1354.5
 31
0.0
 70
32
 71
5
  1
<>
100
AcDbAlignedDimension
 13
6905.0
 23
1054.5
 33
0.0
 14
6905.0
 24
1654.5
 34
0.0
 50
90.0
100
AcDbRotatedDimension
  0
DIMENSION
  5
FAC
330
17
100
AcDbEntity
  8
REB_BOT_MESH_Y
100
AcDbDimension
280
0
  2
*D232
  3
REBAR M-200
 10
6911.75
 20
1579.5
 30
0.0
 11
6894.25
 21
1879.5
 31
0.0
 70
32
 71
5
  1
<>
100
AcDbAlignedDimension
 13
6911.75
 23
1579.5
 33
0.0
 14
6911.75
 24
2179.5
 34
0.0
 50
90.0
100
AcDbRotatedDimension
  0
DIMENSION
  5
FB9
330
17
100
AcDbEntity
  8
REB_BOT_MESH_Y
100
AcDbDimension
280
0
  2
*D233
  3
REBAR M-200
 10
6905.0
 20
2104.5
 30
0.0
 11
6887.5
 21
2404.5
 31
0.0
 70
32
 71
5
  1
<>
100
AcDbAlignedDimension
 13
6905.0
 23
2104.5
 33
0.0
 14
6905.0
 24
2704.5
 34
0.0
 50
90.0
100
AcDbRotatedDimension
  0
DIMENSION
  5
FC6
330
17
100
AcDbEntity
  8
REB_BOT_MESH_Y
100
AcDbDimension
280
0
  2
*D234
  3
REBAR M-200
 10
6911.75
 20
2629.5
 30
0.0
 11
6894.25
 21
2682.25
 31
0.0
 70
32
 71
5
  1
<>
100
AcDbAlignedDimension
 13
6911.75
 23
2629.5
 33
0.0
 14
6911.75
 24
2735.0
 34
0.0
 50
90.0
100
AcDbRotatedDimension
  0
DIMENSION
  5
FD3
330
17
100
AcDbEntity
  8
REB_BOT_MESH_Y
100
AcDbDimension
280
0
  2
*D235
  3
REBAR M-200
 10
5825.0
 20
5.0
 30
0.0
 11
5807.5
 21
304.75
 31
0.0
 70
32
 71
5
  1
<>
100
AcDbAlignedDimension
 13
5825.0
 23
5.0
 33
0.0
 14
5825.0
 24
604.5
 34
0.0
 50
90.0
100
AcDbRotatedDimension
  0
DIMENSION
  5
FE0
330
17
100
AcDbEntity
  8
REB_BOT_MESH_Y
100
AcDbDimension
280
0
  2
*D236
  3
REBAR M-200
 10
5831.75
 20
529.5
 30
0.0
 11
5814.25
 21
827.25
 31
0.0
 70
32
 71
5
  1
<>
100
AcDbAlignedDimension
 13
5831.75
 23
529.5
 33
0.0
 14
5831.75
 24
1125.0
 34
0.0
 50
90.0
100
AcDbRotatedDimension
  0
DIMENSION
  5
FED
330
17
100
AcDbEntity
  8
REB_BOT_MESH_Y
100
AcDbDimension
280
0
  2
*D237
  3
REBAR M-200
 10
5825.0
 20
1615.0
 30
0.0
 11
5807.5
 21
1914.75
 31
0.0
 70
32
 71
5
  1
<>
100
AcDbAlignedDimension
 13
5825.0
 23
1615.0
 33
0.0
 14
5825.0
 24
2214.5
 34
0.0
 50
90.0
100
AcDbRotatedDimension
  0
DIMENSION
  5
FFA
330
17
100
AcDbEntity
  8
REB_BOT_MESH_Y
100
AcDbDimension
280
0
  2
*D238
  3
REBAR M-200
 10
5831.75
 20
2139.5
 30
0.0
 11
5814.25
 21
2437.25
 31
0.0
 70
32
 71
5
  1
<>
100
AcDbAlignedDimension
 13
5831.75
 23
2139.5
 33
0.0
 14
5831.75
 24
2735.0
 34
0.0
 50
90.0
100
AcDbRotatedDimension
  0
DIMENSION
  5
1007
330
17
100
AcDbEntity
  8
REB_BOT_MESH_Y
100
AcDbDimension
280
0
  2
*D239
  3
REBAR M-200
 10
6785.0
 20
735.0
 30
0.0
 11
6767.5
 21
971.25
 31
0.0
 70
32
 71
5
  1
<>
100
AcDbAlignedDimension
 13
6785.0
 23
735.0
 33
0.0
 14
6785.0
 24
1207.5
 34
0.0
 50
90.0
100
AcDbRotatedDimension
  0
DIMENSION
  5
1014
330
17
100
AcDbEntity
  8
REB_BOT_MESH_Y
100
AcDbDimension
280
0
  2
*D240
  3
REBAR M-200
 10
6791.75
 20
1132.5
 30
0.0
 11
6774.25
 21
1432.5
 31
0.0
 70
32
 71
5
  1
<>
100
AcDbAlignedDimension
 13
6791.75
 23
1132.5
 33
0.0
 14
6791.75
 24
1732.5
 34
0.0
 50
90.0
100
AcDbRotatedDimension
  0
DIMENSION
  5
1021
330
17
100
AcDbEntity
  8
REB_BOT_MESH_Y
100
AcDbDimension
280
0
  2
*D241
  3
REBAR M-200
 10
6785.0
 20
1657.5
 30
0.0
 11
6767.5
 21
1957.5
 31
0.0
 70
32
 71
5
  1
<>
100
AcDbAlignedDimension
 13
6785.0
 23
1657.5
 33
0.0
 14
6785.0
 24
2257.5
 34
0.0
 50
90.0
100
AcDbRotatedDimension
  0
DIMENSION
  5
102E
330
17
100
AcDbEntity
  8
REB_BOT_MESH_Y
100
AcDbDimension
280
0
  2
*D242
  3
REBAR M-200
 10
6791.75
 20
2182.5
 30
0.0
 11
6774.25
 21
2458.75
 31
0.0
 70
32
 71
5
  1
<>
100
AcDbAlignedDimension
 13
6791.75
 23
2182.5
 33
0.0
 14
6791.75
 24
2735.0
 34
0.0
 50
90.0
100
AcDbRotatedDimension
  0
DIMENSION
  5
103B
330
17
100
AcDbEntity
  8
REB_BOT_MESH_Y
100
AcDbDimension
280
0
  2
*D243
  3
REBAR M-200
 10
6745.0
 20
5.0
 30
0.0
 11
6727.5
 21
305.0
 31
0.0
 70
32
 71
5
  1
<>
100
AcDbAlignedDimension
 13
6745.0
 23
5.0
 33
0.0
 14
6745.0
 24
605.0
 34
0.0
 50
90.0
100
AcDbRotatedDimension
  0
TEXT
  5
1048
330
17
100
AcDbEntity
  8
REB_NOTES
 62
7
100
AcDbText
 10
5830.0
 20
-180.0
 30
0.0
 40
37.5
  1
BOTTOM REINFORCEMENT - DIRECTION Y
  7
REBAR_TXT
 72
1
 11
5830.0
 21
-180.0
 31
0.0
100
AcDbText
 73
3
  0
LWPOLYLINE
  5
1049
330
17
100
AcDbEntity
  8
SLAB
100
AcDbPolyline
 90
4
 70
1
 10
0.0
 20
-4150.0
 10
2740.0
 20
-4150.0
 10
2740.0
 20
-1410.0
 10
0.0
 20
-1410.0
  0
LINE
  5
104A
330
17
100
AcDbEntity
  8
AXIS
100
AcDbLine
 10
20.0
 20
-4300.0
 30
0.0
 11
20.0
 21
-1260.0
 31
0.0
  0
LINE
  5
104B
330
17
100
AcDbEntity
  8
AXIS
100
AcDbLine
 10
-150.0
 20
-4130.0
 30
0.0
 11
2890.0
 21
-4130.0
 31
0.0
  0
TEXT
  5
104C
330
17
100
AcDbEntity
  8
AXIS
100
AcDbText
 10
20.0
 20
-1240.0
 30
0.0
 40
40.0
  1
1
 11
20.0
 21
-1240.0
 31
0.0
100
AcDbText
  0
TEXT
  5
104D
330
17
100
AcDbEntity
  8
AXIS
100
AcDbText
 10
-220.0
 20
-4130.0
 30
0.0
 40
40.0
  1
A
 11
-220.0
 21
-4130.0
 31
0.0
100
AcDbText
  0
LINE
  5
104E
330
17
100
AcDbEntity
  8
AXIS
100
AcDbLine
 10
560.0
 20
-4300.0
 30
0.0
 11
560.0
 21
-1260.0
 31
0.0
  0
LINE
  5
104F
330
17
100
AcDbEntity
  8
AXIS
100
AcDbLine
 10
-150.0
 20
-3590.0
 30
0.0
 11
2890.0
 21
-3590.0
 31
0.0
  0
TEXT
  5
1050
330
17
100
AcDbEntity
  8
AXIS
100
AcDbText
 10
560.0
 20
-1240.0
 30
0.0
 40
40.0
  1
2
 11
560.0
 21
-1240.0
 31
0.0
100
AcDbText
  0
TEXT
  5
1051
330
17
100
AcDbEntity
  8
AXIS
100
AcDbText
 10
-220.0
 20
-3590.0
 30
0.0
 40
40.0
  1
B
 11
-220.0
 21
-3590.0
 31
0.0
100
AcDbText
  0
LINE
  5
1052
330
17
100
AcDbEntity
  8
AXIS
100
AcDbLine
 10
1100.0
 20
-4300.0
 30
0.0
 11
1100.0
 21
-1260.0
 31
0.0
  0
LINE
  5
1053
330
17
100
AcDbEntity
  8
AXIS
100
AcDbLine
 10
-150.0
 20
-3050.0
 30
0.0
 11
2890.0
 21
-3050.0
 31
0.0
  0
TEXT
  5
1054
330
17
100
AcDbEntity
  8
AXIS
100
AcDbText
 10
1100.0
 20
-1240.0
 30
0.0
 40
40.0
  1
3
 11
1100.0
 21
-1240.0
 31
0.0
100
AcDbText
  0
TEXT
  5
1055
330
17
100
AcDbEntity
  8
AXIS
100
AcDbText
 10
-220.0
 20
-3050.0
 30
0.0
 40
40.0
  1
C
 11
-220.0
 21
-3050.0
 31
0.0
100
AcDbText
  0
LINE
  5
1056
330
17
100
AcDbEntity
  8
AXIS
100
AcDbLine
 10
1640.0
 20
-4300.0
 30
0.0
 11
1640.0
 21
-1260.0
 31
0.0
  0
LINE
  5
1057
330
17
100
AcDbEntity
  8
AXIS
100
AcDbLine
 10
-150.0
 20
-2510.0
 30
0.0
 11
2890.0
 21
-2510.0
 31
0.0
  0
TEXT
  5
1058
330
17
100
AcDbEntity
  8
AXIS
100
AcDbText
 10
1640.0
 20
-1240.0
 30
0.0
 40
40.0
  1
4
 11
1640.0
 21
-1240.0
 31
0.0
100
AcDbText
  0
TEXT
  5
1059
330
17
100
AcDbEntity
  8
AXIS
100
AcDbText
 10
-220.0
 20
-2510.0
 30
0.0
 40
40.0
  1
D
 11
-220.0
 21
-2510.0
 31
0.0
100
AcDbText
  0
LINE
  5
105A
330
17
100
AcDbEntity
  8
AXIS
100
AcDbLine
 10
2180.0
 20
-4300.0
 30
0.0
 11
2180.0
 21
-1260.0
 31
0.0
  0
LINE
  5
105B
330
17
100
AcDbEntity
  8
AXIS
100
AcDbLine
 10
-150.0
 20
-1970.0
 30
0.0
 11
2890.0
 21
-1970.0
 31
0.0
  0
TEXT
  5
105C
330
17
100
AcDbEntity
  8
AXIS
100
AcDbText
 10
2180.0
 20
-1240.0
 30
0.0
 40
40.0
  1
5
 11
2180.0
 21
-1240.0
 31
0.0
100
AcDbText
  0
TEXT
  5
105D
330
17
100
AcDbEntity
  8
AXIS
100
AcDbText
 10
-220.0
 20
-1970.0
 30
0.0
 40
40.0
  1
E
 11
-220.0
 21
-1970.0
 31
0.0
100
AcDbText
  0
LINE
  5
105E
330
17
100
AcDbEntity
  8
AXIS
100
AcDbLine
 10
2720.0
 20
-4300.0
 30
0.0
 11
2720.0
 21
-1260.0
 31
0.0
  0
LINE
  5
105F
330
17
100
AcDbEntity
  8
AXIS
100
AcDbLine
 10
-150.0
 20
-1430.0
 30
0.0
 11
2890.0
 21
-1430.0
 31
0.0
  0
TEXT
  5
1060
330
17
100
AcDbEntity
  8
AXIS
100
AcDbText
 10
2720.0
 20
-1240.0
 30
0.0
 40
40.0
  1
6
 11
2720.0
 21
-1240.0
 31
0.0
100
AcDbText
  0
TEXT
  5
1061
330
17
100
AcDbEntity
  8
AXIS
100
AcDbText
 10
-220.0
 20
-1430.0
 30
0.0
 40
40.0
  1
F
 11
-220.0
 21
-1430.0
 31
0.0
100
AcDbText
  0
LWPOLYLINE
  5
1062
330
17
100
AcDbEntity
  8
WALL
100
AcDbPolyline
 90
4
 70
1
 10
1087.5
 20
-3062.5
 10
1652.5
 20
-3062.5
 10
1652.5
 20
-2497.5
 10
1087.5
 20
-2497.5
  0
LWPOLYLINE
  5
1063
330
17
100
AcDbEntity
  8
WALL
100
AcDbPolyline
 90
4
 70
1
 10
1112.5
 20
-3037.5
 10
1627.5
 20
-3037.5
 10
1627.5
 20
-2522.5
 10
1112.5
 20
-2522.5
  0
LWPOLYLINE
  5
1064
330
17
100
AcDbEntity
  8
OPENING
100
AcDbPolyline
 90
4
 70
1
 10
1130.0
 20
-3020.0
 10
1400.0
 20
-3020.0
 10
1400.0
 20
-2540.0
 10
1130.0
 20
-2540.0
  0
LWPOLYLINE
  5
1065
330
17
100
AcDbEntity
  8
WALL
100
AcDbPolyline
 90
4
 70
1
 10
0.0
 20
-3050.0
 10
35.0
 20
-3050.0
 10
35.0
 20
-2510.0
 10
0.0
 20
-2510.0
  0
LWPOLYLINE
  5
1066
330
17
100
AcDbEntity
  8
WALL
100
AcDbPolyline
 90
4
 70
1
 10
1100.0
 20
-4150.0
 10
1640.0
 20
-4150.0
 10
1640.0
 20
-4115.0
 10
1100.0
 20
-4115.0
  0
LWPOLYLINE
  5
1067
330
17
100
AcDbEntity
  8
WALL
100
AcDbPolyline
 90
4
 70
1
 10
2162.5
 20
-3470.0
 10
2197.5
 20
-3470.0
 10
2197.5
 20
-3220.0
 10
2162.5
 20
-3220.0
  0
LWPOLYLINE
  5
1068
330
17
100
AcDbEntity
  8
OPENING
100
AcDbPolyline
 90
4
 70
1
 10
2230.0
 20
-3540.0
 10
2330.0
 20
-3540.0
 10
2330.0
 20
-3420.0
 10
2230.0
 20
-3420.0
  0
LWPOLYLINE
  5
1069
330
17
100
AcDbEntity
  8
COLUMN
100
AcDbPolyline
 90
4
 70
1
 10
0.0
 20
-4150.0
 10
40.0
 20
-4150.0
 10
40.0
 20
-4110.0
 10
0.0
 20
-4110.0
  0
LWPOLYLINE
  5
106A
330
17
100
AcDbEntity
  8
COLUMN
100
AcDbPolyline
 90
4
 70
1
 10
0.0
 20
-3610.0
 10
40.0
 20
-3610.0
 10
40.0
 20
-3570.0
 10
0.0
 20
-3570.0
  0
LWPOLYLINE
  5
106B
330
17
100
AcDbEntity
  8
COLUMN
100
AcDbPolyline
 90
4
 70
1
 10
0.0
 20
-3070.0
 10
40.0
 20
-3070.0
 10
40.0
 20
-3030.0
 10
0.0
 20
-3030.0
  0
LWPOLYLINE
  5
106C
330
17
100
AcDbEntity
  8
COLUMN
100
AcDbPolyline
 90
4
 70
1
 10
0.0
 20
-2530.0
 10
40.0
 20
-2530.0
 10
40.0
 20
-2490.0
 10
0.0
 20
-2490.0
  0
LWPOLYLINE
  5
106D
330
17
100
AcDbEntity
  8
COLUMN
100
AcDbPolyline
 90
4
 70
1
 10
0.0
 20
-1990.0
 10
40.0
 20
-1990.0
 10
40.0
 20
-1950.0
 10
0.0
 20
-1950.0
  0
LWPOLYLINE
  5
106E
330
17
100
AcDbEntity
  8
COLUMN
100
AcDbPolyline
 90
4
 70
1
 10
0.0
 20
-1450.0
 10
40.0
 20
-1450.0
 10
40.0
 20
-1410.0
 10
0.0
 20
-1410.0
  0
LWPOLYLINE
  5
106F
330
17
100
AcDbEntity
  8
COLUMN
100
AcDbPolyline
 90
4
 70
1
 10
540.0
 20
-4150.0
 10
580.0
 20
-4150.0
 10
580.0
 20
-4110.0
 10
540.0
 20
-4110.0
  0
LWPOLYLINE
  5
1070
330
17
100
AcDbEntity
  8
COLUMN
100
AcDbPolyline
 90
4
 70
1
 10
540.0
 20
-3610.0
 10
580.0
 20
-3610.0
 10
580.0
 20
-3570.0
 10
540.0
 20
-3570.0
  0
LWPOLYLINE
  5
1071
330
17
100
AcDbEntity
  8
COLUMN
100
AcDbPolyline
 90
4
 70
1
 10
540.0
 20
-3070.0
 10
580.0
 20
-3070.0
 10
580.0
 20
-3030.0
 10
540.0
 20
-3030.0
  0
CIRCLE
  5
1072
330
17
100
AcDbEntity
  8
COLUMN
100
AcDbCircle
 10
560.0
 20
-2510.0
 30
0.0
 40
22.5
  0
LWPOLYLINE
  5
1073
330
17
100
AcDbEntity
  8
COLUMN
100
AcDbPolyline
 90
4
 70
1
 10
540.0
 20
-1990.0
 10
580.0
 20
-1990.0
 10
580.0
 20
-1950.0
 10
540.0
 20
-1950.0
  0
LWPOLYLINE
  5
1074
330
17
100
AcDbEntity
  8
COLUMN
100
AcDbPolyline
 90
4
 70
1
 10
540.0
 20
-1450.0
 10
580.0
 20
-1450.0
 10
580.0
 20
-1410.0
 10
540.0
 20
-1410.0
  0
LWPOLYLINE
  5
1075
330
17
100
AcDbEntity
  8
COLUMN
100
AcDbPolyline
 90
4
 70
1
 10
1080.0
 20
-4150.0
 10
1120.0
 20
-4150.0
 10
1120.0
 20
-4110.0
 10
1080.0
 20
-4110.0
  0
LWPOLYLINE
  5
1076
330
17
100
AcDbEntity
  8
COLUMN
100
AcDbPolyline
 90
4
 70
1
 10
1080.0
 20
-3610.0
 10
1120.0
 20
-3610.0
 10
1120.0
 20
-3570.0
 10
1080.0
 20
-3570.0
  0
LWPOLYLINE
  5
1077
330
17
100
AcDbEntity
  8
COLUMN
100
AcDbPolyline
 90
4
 70
1
 10
1080.0
 20
-1990.0
 10
1120.0
 20
-1990.0
 10
1120.0
 20
-1950.0
 10
1080.0
 20
-1950.0
  0
LWPOLYLINE
  5
1078
330
17
100
AcDbEntity
  8
COLUMN
100
AcDbPolyline
 90
4
 70
1
 10
1080.0
 20
-1450.0
 10
1120.0
 20
-1450.0
 10
1120.0
 20
-1410.0
 10
1080.0
 20
-1410.0
  0
LWPOLYLINE
  5
1079
330
17
100
AcDbEntity
  8
COLUMN
100
AcDbPolyline
 90
4
 70
1
 10
1620.0
 20
-4150.0
 10
1660.0
 20
-4150.0
 10
1660.0
 20
-4110.0
 10
1620.0
 20
-4110.0
  0
LWPOLYLINE
  5
107A
330
17
100
AcDbEntity
  8
COLUMN
100
AcDbPolyline
 90
4
 70
1
 10
1620.0
 20
-3610.0
 10
1660.0
 20
-3610.0
 10
1660.0
 20
-3570.0
 10
1620.0
 20
-3570.0
  0
LWPOLYLINE
  5
107B
330
17
100
AcDbEntity
  8
COLUMN
100
AcDbPolyline
 90
4
 70
1
 10
1620.0
 20
-1990.0
 10
1660.0
 20
-1990.0
 10
1660.0
 20
-1950.0
 10
1620.0
 20
-1950.0
  0
LWPOLYLINE
  5
107C
330
17
100
AcDbEntity
  8
COLUMN
100
AcDbPolyline
 90
4
 70
1
 10
1620.0
 20
-1450.0
 10
1660.0
 20
-1450.0
 10
1660.0
 20
-1410.0
 10
1620.0
 20
-1410.0
  0
LWPOLYLINE
  5
107D
330
17
100
AcDbEntity
  8
COLUMN
100
AcDbPolyline
 90
4
 70
1
 10
2160.0
 20
-4150.0
 10
2200.0
 20
-4150.0
 10
2200.0
 20
-4110.0
 10
2160.0
 20
-4110.0
  0
LWPOLYLINE
  5
107E
330
17
100
AcDbEntity
  8
COLUMN
100
AcDbPolyline
 90
4
 70
1
 10
2160.0
 20
-3610.0
 10
2200.0
 20
-3610.0
 10
2200.0
 20
-3570.0
 10
2160.0
 20
-3570.0
  0
CIRCLE
  5
107F
330
17
100
AcDbEntity
  8
COLUMN
100
AcDbCircle
 10
2180.0
 20
-3050.0
 30
0.0
 40
22.5
  0
LWPOLYLINE
  5
1080
330
17
100
AcDbEntity
  8
COLUMN
100
AcDbPolyline
 90
4
 70
1
 10
2160.0
 20
-2530.0
 10
2200.0
 20
-2530.0
 10
2200.0
 20
-2490.0
 10
2160.0
 20
-2490.0
  0
LWPOLYLINE
  5
1081
330
17
100
AcDbEntity
  8
COLUMN
100
AcDbPolyline
 90
4
 70
1
 10
2160.0
 20
-1990.0
 10
2200.0
 20
-1990.0
 10
2200.0
 20
-1950.0
 10
2160.0
 20
-1950.0
  0
LWPOLYLINE
  5
1082
330
17
100
AcDbEntity
  8
COLUMN
100
AcDbPolyline
 90
4
 70
1
 10
2160.0
 20
-1450.0
 10
2200.0
 20
-1450.0
 10
2200.0
 20
-1410.0
 10
2160.0
 20
-1410.0
  0
LWPOLYLINE
  5
1083
330
17
100
AcDbEntity
  8
COLUMN
100
AcDbPolyline
 90
4
 70
1
 10
2700.0
 20
-4150.0
 10
2740.0
 20
-4150.0
 10
2740.0
 20
-4110.0
 10
2700.0
 20
-4110.0
  0
LWPOLYLINE
  5
1084
330
17
100
AcDbEntity
  8
COLUMN
100
AcDbPolyline
 90
4
 70
1
 10
2700.0
 20
-3610.0
 10
2740.0
 20
-3610.0
 10
2740.0
 20
-3570.0
 10
2700.0
 20
-3570.0
  0
LWPOLYLINE
  5
1085
330
17
100
AcDbEntity
  8
COLUMN
100
AcDbPolyline
 90
4
 70
1
 10
2700.0
 20
-3070.0
 10
2740.0
 20
-3070.0
 10
2740.0
 20
-3030.0
 10
2700.0
 20
-3030.0
  0
LWPOLYLINE
  5
1086
330
17
100
AcDbEntity
  8
COLUMN
100
AcDbPolyline
 90
4
 70
1
 10
2700.0
 20
-2530.0
 10
2740.0
 20
-2530.0
 10
2740.0
 20
-2490.0
 10
2700.0
 20
-2490.0
  0
LWPOLYLINE
  5
1087
330
17
100
AcDbEntity
  8
COLUMN
100
AcDbPolyline
 90
4
 70
1
 10
2700.0
 20
-1990.0
 10
2740.0
 20
-1990.0
 10
2740.0
 20
-1950.0
 10
2700.0
 20
-1950.0
  0
LWPOLYLINE
  5
1088
330
17
100
AcDbEntity
  8
COLUMN
100
AcDbPolyline
 90
4
 70
1
 10
2700.0
 20
-1450.0
 10
2740.0
 20
-1450.0
 10
2740.0
 20
-1410.0
 10
2700.0
 20
-1410.0
  0
DIMENSION
  5
108A
330
17
100
AcDbEntity
  8
REB_TOP_MESH_X
100
AcDbDimension
280
0
  2
*D244
  3
REBAR M-200
 10
5.0
 20
-2245.0
 30
0.0
 11
201.25
 21
-2227.5
 31
0.0
 70
32
 71
5
  1
<>
100
AcDbAlignedDimension
 13
5.0
 23
-2245.0
 33
0.0
 14
397.5
 24
-2245.0
 34
0.0
 50
0.0
100
AcDbRotatedDimension
  0
DIMENSION
  5
1097
330
17
100
AcDbEntity
  8
REB_TOP_MESH_X
100
AcDbDimension
280
0
  2
*D245
  3
REBAR M-200
 10
312.5
 20
-2238.25
 30
0.0
 11
612.5
 21
-2220.75
 31
0.0
 70
32
 71
5
  1
<>
100
AcDbAlignedDimension
 13
312.5
 23
-2238.25
 33
0.0
 14
912.5
 24
-2238.25
 34
0.0
 50
0.0
100
AcDbRotatedDimension
  0
DIMENSION
  5
10A4
330
17
100
AcDbEntity
  8
REB_TOP_MESH_X
100
AcDbDimension
280
0
  2
*D246
  3
REBAR M-200
 10
827.5
 20
-2245.0
 30
0.0
 11
1127.5
 21
-2227.5
 31
0.0
 70
32
 71
5
  1
<>
100
AcDbAlignedDimension
 13
827.5
 23
-2245.0
 33
0.0
 14
1427.5
 24
-2245.0
 34
0.0
 50
0.0
100
AcDbRotatedDimension
  0
DIMENSION
  5
10B1
330
17
100
AcDbEntity
  8
REB_TOP_MESH_X
100
AcDbDimension
280
0
  2
*D247
  3
REBAR M-200
 10
1342.5
 20
-2238.25
 30
0.0
 11
1642.5
 21
-2220.75
 31
0.0
 70
32
 71
5
  1
<>
100
AcDbAlignedDimension
 13
1342.5
 23
-2238.25
 33
0.0
 14
1942.5
 24
-2238.25
 34
0.0
 50
0.0
100
AcDbRotatedDimension
  0
DIMENSION
  5
10BE
330
17
100
AcDbEntity
  8
REB_TOP_MESH_X
100
AcDbDimension
280
0
  2
*D248
  3
REBAR M-200
 10
1857.5
 20
-2245.0
 30
0.0
 11
2157.5
 21
-2227.5
 31
0.0
 70
32
 71
5
  1
<>
100
AcDbAlignedDimension
 13
1857.5
 23
-2245.0
 33
0.0
 14
2457.5
 24
-2245.0
 34
0.0
 50
0.0
100
AcDbRotatedDimension
  0
DIMENSION
  5
10CB
330
17
100
AcDbEntity
  8
REB_TOP_MESH_X
100
AcDbDimension
280
0
  2
*D249
  3
REBAR M-200
 10
2372.5
 20
-2238.25
 30
0.0
 11
2553.75
 21
-2220.75
 31
0.0
 70
32
 71
5
  1
<>
100
AcDbAlignedDimension
 13
2372.5
 23
-2238.25
 33
0.0
 14
2735.0
 24
-2238.25
 34
0.0
 50
0.0
100
AcDbRotatedDimension
  0
DIMENSION
  5
10D8
330
17
100
AcDbEntity
  8
REB_TOP_MESH_X
100
AcDbDimension
280
0
  2
*D250
  3
REBAR M-200
 10
5.0
 20
-3865.0
 30
0.0
 11
201.25
 21
-3847.5
 31
0.0
 70
32
 71
5
  1
<>
100
AcDbAlignedDimension
 13
5.0
 23
-3865.0
 33
0.0
 14
397.5
 24
-3865.0
 34
0.0
 50
0.0
100
AcDbRotatedDimension
  0
DIMENSION
  5
10E5
330
17
100
AcDbEntity
  8
REB_TOP_MESH_X
100
AcDbDimension
280
0
  2
*D251
  3
REBAR M-200
 10
312.5
 20
-3858.25
 30
0.0
 11
612.5
 21
-3840.75
 31
0.0
 70
32
 71
5
  1
<>
100
AcDbAlignedDimension
 13
312.5
 23
-3858.25
 33
0.0
 14
912.5
 24
-3858.25
 34
0.0
 50
0.0
100
AcDbRotatedDimension
  0
DIMENSION
  5
10F2
330
17
100
AcDbEntity
  8
REB_TOP_MESH_X
100
AcDbDimension
280
0
  2
*D252
  3
REBAR M-200
 10
827.5
 20
-3865.0
 30
0.0
 11
1127.5
 21
-3847.5
 31
0.0
 70
32
 71
5
  1
<>
100
AcDbAlignedDimension
 13
827.5
 23
-3865.0
 33
0.0
 14
1427.5
 24
-3865.0
 34
0.0
 50
0.0
100
AcDbRotatedDimension
  0
DIMENSION
  5
10FF
330
17
100
AcDbEntity
  8
REB_TOP_MESH_X
100
AcDbDimension
280
0
  2
*D253
  3
REBAR M-200
 10
1342.5
 20
-3858.25
 30
0.0
 11
1642.5
 21
-3840.75
 31
0.0
 70
32
 71
5
  1
<>
100
AcDbAlignedDimension
 13
1342.5
 23
-3858.25
 33
0.0
 14
1942.5
 24
-3858.25
 34
0.0
 50
0.0
100
AcDbRotatedDimension
  0
DIMENSION
  5
110C
330
17
100
AcDbEntity
  8
REB_TOP_MESH_X
100
AcDbDimension
280
0
  2
*D254
  3
REBAR M-200
 10
1857.5
 20
-3865.0
 30
0.0
 11
2157.5
 21
-3847.5
 31
0.0
 70
32
 71
5
  1
<>
100
AcDbAlignedDimension
 13
1857.5
 23
-3865.0
 33
0.0
 14
2457.5
 24
-3865.0
 34
0.0
 50
0.0
100
AcDbRotatedDimension
  0
DIMENSION
  5
1119
330
17
100
AcDbEntity
  8
REB_TOP_MESH_X
100
AcDbDimension
280
0
  2
*D255
  3
REBAR M-200
 10
2372.5
 20
-3858.25
 30
0.0
 11
2553.75
 21
-3840.75
 31
0.0
 70
32
 71
5
  1
<>
100
AcDbAlignedDimension
 13
2372.5
 23
-3858.25
 33
0.0
 14
2735.0
 24
-3858.25
 34
0.0
 50
0.0
100
AcDbRotatedDimension
  0
DIMENSION
  5
1126
330
17
100
AcDbEntity
  8
REB_TOP_MESH_X
100
AcDbDimension
280
0
  2
*D256
  3
REBAR M-200
 10
5.0
 20
-2785.0
 30
0.0
 11
201.25
 21
-2767.5
 31
0.0
 70
32
 71
5
  1
<>
100
AcDbAlignedDimension
 13
5.0
 23
-2785.0
 33
0.0
 14
397.5
 24
-2785.0
 34
0.0
 50
0.0
100
AcDbRotatedDimension
  0
DIMENSION
  5
1133
330
17
100
AcDbEntity
  8
REB_TOP_MESH_X
100
AcDbDimension
280
0
  2
*D257
  3
REBAR M-200
 10
312.5
 20
-2778.25
 30
0.0
 11
612.5
 21
-2760.75
 31
0.0
 70
32
 71
5
  1
<>
100
AcDbAlignedDimension
 13
312.5
 23
-2778.25
 33
0.0
 14
912.5
 24
-2778.25
 34
0.0
 50
0.0
100
AcDbRotatedDimension
  0
DIMENSION
  5
1140
330
17
100
AcDbEntity
  8
REB_TOP_MESH_X
100
AcDbDimension
280
0
  2
*D258
  3
REBAR M-200
 10
827.5
 20
-2785.0
 30
0.0
 11
976.25
 21
-2767.5
 31
0.0
 70
32
 71
5
  1
<>
100
AcDbAlignedDimension
 13
827.5
 23
-2785.0
 33
0.0
 14
1125.0
 24
-2785.0
 34
0.0
 50
0.0
100
AcDbRotatedDimension
  0
DIMENSION
  5
114D
330
17
100
AcDbEntity
  8
REB_TOP_MESH_X
100
AcDbDimension
280
0
  2
*D259
  3
REBAR M-200
 10
1405.0
 20
-2785.0
 30
0.0
 11
1704.75
 21
-2767.5
 31
0.0
 70
32
 71
5
  1
<>
100
AcDbAlignedDimension
 13
1405.0
 23
-2785.0
 33
0.0
 14
2004.5
 24
-2785.0
 34
0.0
 50
0.0
100
AcDbRotatedDimension
  0
DIMENSION
  5
115A
330
17
100
AcDbEntity
  8
REB_TOP_MESH_X
100
AcDbDimension
280
0
  2
*D260
  3
REBAR M-200
 10
1919.5
 20
-2778.25
 30
0.0
 11
2219.5
 21
-2760.75
 31
0.0
 70
32
 71
5
  1
<>
100
AcDbAlignedDimension
 13
1919.5
 23
-2778.25
 33
0.0
 14
2519.5
 24
-2778.25
 34
0.0
 50
0.0
100
AcDbRotatedDimension
  0
DIMENSION
  5
1167
330
17
100
AcDbEntity
  8
REB_TOP_MESH_X
100
AcDbDimension
280
0
  2
*D261
  3
REBAR M-200
 10
2434.5
 20
-2785.0
 30
0.0
 11
2584.75
 21
-2767.5
 31
0.0
 70
32
 71
5
  1
<>
100
AcDbAlignedDimension
 13
2434.5
 23
-2785.0
 33
0.0
 14
2735.0
 24
-2785.0
 34
0.0
 50
0.0
100
AcDbRotatedDimension
  0
DIMENSION
  5
1174
330
17
100
AcDbEntity
  8
REB_TOP_MESH_X
100
AcDbDimension
280
0
  2
*D262
  3
REBAR M-200
 10
5.0
 20
-3325.0
 30
0.0
 11
201.25
 21
-3307.5
 31
0.0
 70
32
 71
5
  1
<>
100
AcDbAlignedDimension
 13
5.0
 23
-3325.0
 33
0.0
 14
397.5
 24
-3325.0
 34
0.0
 50
0.0
100
AcDbRotatedDimension
  0
DIMENSION
  5
1181
330
17
100
AcDbEntity
  8
REB_TOP_MESH_X
100
AcDbDimension
280
0
  2
*D263
  3
REBAR M-200
 10
312.5
 20
-3318.25
 30
0.0
 11
612.5
 21
-3300.75
 31
0.0
 70
32
 71
5
  1
<>
100
AcDbAlignedDimension
 13
312.5
 23
-3318.25
 33
0.0
 14
912.5
 24
-3318.25
 34
0.0
 50
0.0
100
AcDbRotatedDimension
  0
DIMENSION
  5
118E
330
17
100
AcDbEntity
  8
REB_TOP_MESH_X
100
AcDbDimension
280
0
  2
*D264
  3
REBAR M-200
 10
827.5
 20
-3325.0
 30
0.0
 11
1127.5
 21
-3307.5
 31
0.0
 70
32
 71
5
  1
<>
100
AcDbAlignedDimension
 13
827.5
 23
-3325.0
 33
0.0
 14
1427.5
 24
-3325.0
 34
0.0
 50
0.0
100
AcDbRotatedDimension
  0
DIMENSION
  5
119B
330
17
100
AcDbEntity
  8
REB_TOP_MESH_X
100
AcDbDimension
280
0
  2
*D265
  3
REBAR M-200
 10
1342.5
 20
-3318.25
 30
0.0
 11
1642.5
 21
-3300.75
 31
0.0
 70
32
 71
5
  1
<>
100
AcDbAlignedDimension
 13
1342.5
 23
-3318.25
 33
0.0
 14
1942.5
 24
-3318.25
 34
0.0
 50
0.0
100
AcDbRotatedDimension
  0
DIMENSION
  5
11A8
330
17
100
AcDbEntity
  8
REB_TOP_MESH_X
100
AcDbDimension
280
0
  2
*D266
  3
REBAR M-200
 10
1857.5
 20
-3325.0
 30
0.0
 11
2157.5
 21
-3307.5
 31
0.0
 70
32
 71
5
  1
<>
100
AcDbAlignedDimension
 13
1857.5
 23
-3325.0
 33
0.0
 14
2457.5
 24
-3325.0
 34
0.0
 50
0.0
100
AcDbRotatedDimension
  0
DIMENSION
  5
11B5
330
17
100
AcDbEntity
  8
REB_TOP_MESH_X
100
AcDbDimension
280
0
  2
*D267
  3
REBAR M-200
 10
2372.5
 20
-3318.25
 30
0.0
 11
2553.75
 21
-3300.75
 31
0.0
 70
32
 71
5
  1
<>
100
AcDbAlignedDimension
 13
2372.5
 23
-3318.25
 33
0.0
 14
2735.0
 24
-3318.25
 34
0.0
 50
0.0
100
AcDbRotatedDimension
  0
DIMENSION
  5
11C2
330
17
100
AcDbEntity
  8
REB_TOP_MESH_X
100
AcDbDimension
280
0
  2
*D268
  3
REBAR M-200
 10
5.0
 20
-3425.0
 30
0.0
 11
201.25
 21
-3407.5
 31
0.0
 70
32
 71
5
  1
<>
100
AcDbAlignedDimension
 13
5.0
 23
-3425.0
 33
0.0
 14
397.5
 24
-3425.0
 34
0.0
 50
0.0
100
AcDbRotatedDimension
  0
DIMENSION
  5
11CF
330
17
100
AcDbEntity
  8
REB_TOP_MESH_X
100
AcDbDimension
280
0
  2
*D269
  3
REBAR M-200
 10
312.5
 20
-3418.25
 30
0.0
 11
612.5
 21
-3400.75
 31
0.0
 70
32
 71
5
  1
<>
100
AcDbAlignedDimension
 13
312.5
 23
-3418.25
 33
0.0
 14
912.5
 24
-3418.25
 34
0.0
 50
0.0
100
AcDbRotatedDimension
  0
DIMENSION
  5
11DC
330
17
100
AcDbEntity
  8
REB_TOP_MESH_X
100
AcDbDimension
280
0
  2
*D270
  3
REBAR M-200
 10
827.5
 20
-3425.0
 30
0.0
 11
1127.5
 21
-3407.5
 31
0.0
 70
32
 71
5
  1
<>
100
AcDbAlignedDimension
 13
827.5
 23
-3425.0
 33
0.0
 14
1427.5
 24
-3425.0
 34
0.0
 50
0.0
100
AcDbRotatedDimension
  0
DIMENSION
  5
11E9
330
17
100
AcDbEntity
  8
REB_TOP_MESH_X
100
AcDbDimension
280
0
  2
*D271
  3
REBAR M-200
 10
1342.5
 20
-3418.25
 30
0.0
 11
1642.5
 21
-3400.75
 31
0.0
 70
32
 71
5
  1
<>
100
AcDbAlignedDimension
 13
1342.5
 23
-3418.25
 33
0.0
 14
1942.5
 24
-3418.25
 34
0.0
 50
0.0
100
AcDbRotatedDimension
  0
DIMENSION
  5
11F6
330
17
100
AcDbEntity
  8
REB_TOP_MESH_X
100
AcDbDimension
280
0
  2
*D272
  3
REBAR M-200
 10
1857.5
 20
-3425.0
 30
0.0
 11
2041.25
 21
-3407.5
 31
0.0
 70
32
 71
5
  1
<>
100
AcDbAlignedDimension
 13
1857.5
 23
-3425.0
 33
0.0
 14
2225.0
 24
-3425.0
 34
0.0
 50
0.0
100
AcDbRotatedDimension
  0
DIMENSION
  5
1203
330
17
100
AcDbEntity
  8
REB_TOP_MESH_X
100
AcDbDimension
280
0
  2
*D273
  3
REBAR M-200
 10
2335.0
 20
-3465.0
 30
0.0
 11
2535.0
 21
-3447.5
 31
0.0
 70
32
 71
5
  1
<>
100
AcDbAlignedDimension
 13
2335.0
 23
-3465.0
 33
0.0
 14
2735.0
 24
-3465.0
 34
0.0
 50
0.0
100
AcDbRotatedDimension
  0
TEXT
  5
1210
330
17
100
AcDbEntity
  8
REB_NOTES
 62
7
100
AcDbText
 10
1370.0
 20
-4330.0
 30
0.0
 40
37.5
  1
TOP REINFORCEMENT - DIRECTION X
  7
REBAR_TXT
 72
1
 11
1370.0
 21
-4330.0
 31
0.0
100
AcDbText
 73
3
  0
LWPOLYLINE
  5
1211
330
17
100
AcDbEntity
  8
SLAB
100
AcDbPolyline
 90
4
 70
1
 10
4460.0
 20
-4150.0
 10
7200.0
 20
-4150.0
 10
7200.0
 20
-1410.0
 10
4460.0
 20
-1410.0
  0
LINE
  5
1212
330
17
100
AcDbEntity
  8
AXIS
100
AcDbLine
 10
4480.0
 20
-4300.0
 30
0.0
 11
4480.0
 21
-1260.0
 31
0.0
  0
LINE
  5
1213
330
17
100
AcDbEntity
  8
AXIS
100
AcDbLine
 10
4310.0
 20
-4130.0
 30
0.0
 11
7350.0
 21
-4130.0
 31
0.0
  0
TEXT
  5
1214
330
17
100
AcDbEntity
  8
AXIS
100
AcDbText
 10
4480.0
 20
-1240.0
 30
0.0
 40
40.0
  1
1
 11
4480.0
 21
-1240.0
 31
0.0
100
AcDbText
  0
TEXT
  5
1215
330
17
100
AcDbEntity
  8
AXIS
100
AcDbText
 10
4240.0
 20
-4130.0
 30
0.0
 40
40.0
  1
A
 11
4240.0
 21
-4130.0
 31
0.0
100
AcDbText
  0
LINE
  5
1216
330
17
100
AcDbEntity
  8
AXIS
100
AcDbLine
 10
5020.0
 20
-4300.0
 30
0.0
 11
5020.0
 21
-1260.0
 31
0.0
  0
LINE
  5
1217
330
17
100
AcDbEntity
  8
AXIS
100
AcDbLine
 10
4310.0
 20
-3590.0
 30
0.0
 11
7350.0
 21
-3590.0
 31
0.0
  0
TEXT
  5
1218
330
17
100
AcDbEntity
  8
AXIS
100
AcDbText
 10
5020.0
 20
-1240.0
 30
0.0
 40
40.0
  1
2
 11
5020.0
 21
-1240.0
 31
0.0
100
AcDbText
  0
TEXT
  5
1219
330
17
100
AcDbEntity
  8
AXIS
100
AcDbText
 10
4240.0
 20
-3590.0
 30
0.0
 40
40.0
  1
B
 11
4240.0
 21
-3590.0
 31
0.0
100
AcDbText
  0
LINE
  5
121A
330
17
100
AcDbEntity
  8
AXIS
100
AcDbLine
 10
5560.0
 20
-4300.0
 30
0.0
 11
5560.0
 21
-1260.0
 31
0.0
  0
LINE
  5
121B
330
17
100
AcDbEntity
  8
AXIS
100
AcDbLine
 10
4310.0
 20
-3050.0
 30
0.0
 11
7350.0
 21
-3050.0
 31
0.0
  0
TEXT
  5
121C
330
17
100
AcDbEntity
  8
AXIS
100
AcDbText
 10
5560.0
 20
-1240.0
 30
0.0
 40
40.0
  1
3
 11
5560.0
 21
-1240.0
 31
0.0
100
AcDbText
  0
TEXT
  5
121D
330
17
100
AcDbEntity
  8
AXIS
100
AcDbText
 10
4240.0
 20
-3050.0
 30
0.0
 40
40.0
  1
C
 11
4240.0
 21
-3050.0
 31
0.0
100
AcDbText
  0
LINE
  5
121E
330
17
100
AcDbEntity
  8
AXIS
100
AcDbLine
 10
6100.0
 20
-4300.0
 30
0.0
 11
6100.0
 21
-1260.0
 31
0.0
  0
LINE
  5
121F
330
17
100
AcDbEntity
  8
AXIS
100
AcDbLine
 10
4310.0
 20
-2510.0
 30
0.0
 11
7350.0
 21
-2510.0
 31
0.0
  0
TEXT
  5
1220
330
17
100
AcDbEntity
  8
AXIS
100
AcDbText
 10
6100.0
 20
-1240.0
 30
0.0
 40
40.0
  1
4
 11
6100.0
 21
-1240.0
 31
0.0
100
AcDbText
  0
TEXT
  5
1221
330
17
100
AcDbEntity
  8
AXIS
100
AcDbText
 10
4240.0
 20
-2510.0
 30
0.0
 40
40.0
  1
D
 11
4240.0
 21
-2510.0
 31
0.0
100
AcDbText
  0
LINE
  5
1222
330
17
100
AcDbEntity
  8
AXIS
100
AcDbLine
 10
6640.0
 20
-4300.0
 30
0.0
 11
6640.0
 21
-1260.0
 31
0.0
  0
LINE
  5
1223
330
17
100
AcDbEntity
  8
AXIS
100
AcDbLine
 10
4310.0
 20
-1970.0
 30
0.0
 11
7350.0
 21
-1970.0
 31
0.0
  0
TEXT
  5
1224
330
17
100
AcDbEntity
  8
AXIS
100
AcDbText
 10
6640.0
 20
-1240.0
 30
0.0
 40
40.0
  1
5
 11
6640.0
 21
-1240.0
 31
0.0
100
AcDbText
  0
TEXT
  5
1225
330
17
100
AcDbEntity
  8
AXIS
100
AcDbText
 10
4240.0
 20
-1970.0
 30
0.0
 40
40.0
  1
E
 11
4240.0
 21
-1970.0
 31
0.0
100
AcDbText
  0
LINE
  5
1226
330
17
100
AcDbEntity
  8
AXIS
100
AcDbLine
 10
7180.0
 20
-4300.0
 30
0.0
 11
7180.0
 21
-1260.0
 31
0.0
  0
LINE
  5
1227
330
17
100
AcDbEntity
  8
AXIS
100
AcDbLine
 10
4310.0
 20
-1430.0
 30
0.0
 11
7350.0
 21
-1430.0
 31
0.0
  0
TEXT
  5
1228
330
17
100
AcDbEntity
  8
AXIS
100
AcDbText
 10
7180.0
 20
-1240.0
 30
0.0
 40
40.0
  1
6
 11
7180.0
 21
-1240.0
 31
0.0
100
AcDbText
  0
TEXT
  5
1229
330
17
100
AcDbEntity
  8
AXIS
100
AcDbText
 10
4240.0
 20
-1430.0
 30
0.0
 40
40.0
  1
F
 11
4240.0
 21
-1430.0
 31
0.0
100
AcDbText
  0
LWPOLYLINE
  5
122A
330
17
100
AcDbEntity
  8
WALL
100
AcDbPolyline
 90
4
 70
1
 10
5547.5
 20
-3062.5
 10
6112.5
 20
-3062.5
 10
6112.5
 20
-2497.5
 10
5547.5
 20
-2497.5
  0
LWPOLYLINE
  5
122B
330
17
100
AcDbEntity
  8
WALL
100
AcDbPolyline
 90
4
 70
1
 10
5572.5
 20
-3037.5
 10
6087.5
 20
-3037.5
 10
6087.5
 20
-2522.5
 10
5572.5
 20
-2522.5
  0
LWPOLYLINE
  5
122C
330
17
100
AcDbEntity
  8
OPENING
100
AcDbPolyline
 90
4
 70
1
 10
5590.0
 20
-3020.0
 10
5860.0
 20
-3020.0
 10
5860.0
 20
-2540.0
 10
5590.0
 20
-2540.0
  0
LWPOLYLINE
  5
122D
330
17
100
AcDbEntity
  8
WALL
100
AcDbPolyline
 90
4
 70
1
 10
4460.0
 20
-3050.0
 10
4495.0
 20
-3050.0
 10
4495.0
 20
-2510.0
 10
4460.0
 20
-2510.0
  0
LWPOLYLINE
  5
122E
330
17
100
AcDbEntity
  8
WALL
100
AcDbPolyline
 90
4
 70
1
 10
5560.0
 20
-4150.0
 10
6100.0
 20
-4150.0
 10
6100.0
 20
-4115.0
 10
5560.0
 20
-4115.0
  0
LWPOLYLINE
  5
122F
330
17
100
AcDbEntity
  8
WALL
100
AcDbPolyline
 90
4
 70
1
 10
6622.5
 20
-3470.0
 10
6657.5
 20
-3470.0
 10
6657.5
 20
-3220.0
 10
6622.5
 20
-3220.0
  0
LWPOLYLINE
  5
1230
330
17
100
AcDbEntity
  8
OPENING
100
AcDbPolyline
 90
4
 70
1
 10
6690.0
 20
-3540.0
 10
6790.0
 20
-3540.0
 10
6790.0
 20
-3420.0
 10
6690.0
 20
-3420.0
  0
LWPOLYLINE
  5
1231
330
17
100
AcDbEntity
  8
COLUMN
100
AcDbPolyline
 90
4
 70
1
 10
4460.0
 20
-4150.0
 10
4500.0
 20
-4150.0
 10
4500.0
 20
-4110.0
 10
4460.0
 20
-4110.0
  0
LWPOLYLINE
  5
1232
330
17
100
AcDbEntity
  8
COLUMN
100
AcDbPolyline
 90
4
 70
1
 10
4460.0
 20
-3610.0
 10
4500.0
 20
-3610.0
 10
4500.0
 20
-3570.0
 10
4460.0
 20
-3570.0
  0
LWPOLYLINE
  5
1233
330
17
100
AcDbEntity
  8
COLUMN
100
AcDbPolyline
 90
4
 70
1
 10
4460.0
 20
-3070.0
 10
4500.0
 20
-3070.0
 10
4500.0
 20
-3030.0
 10
4460.0
 20
-3030.0
  0
LWPOLYLINE
  5
1234
330
17
100
AcDbEntity
  8
COLUMN
100
AcDbPolyline
 90
4
 70
1
 10
4460.0
 20
-2530.0
 10
4500.0
 20
-2530.0
 10
4500.0
 20
-2490.0
 10
4460.0
 20
-2490.0
  0
LWPOLYLINE
  5
1235
330
17
100
AcDbEntity
  8
COLUMN
100
AcDbPolyline
 90
4
 70
1
 10
4460.0
 20
-1990.0
 10
4500.0
 20
-1990.0
 10
4500.0
 20
-1950.0
 10
4460.0
 20
-1950.0
  0
LWPOLYLINE
  5
1236
330
17
100
AcDbEntity
  8
COLUMN
100
AcDbPolyline
 90
4
 70
1
 10
4460.0
 20
-1450.0
 10
4500.0
 20
-1450.0
 10
4500.0
 20
-1410.0
 10
4460.0
 20
-1410.0
  0
LWPOLYLINE
  5
1237
330
17
100
AcDbEntity
  8
COLUMN
100
AcDbPolyline
 90
4
 70
1
 10
5000.0
 20
-4150.0
 10
5040.0
 20
-4150.0
 10
5040.0
 20
-4110.0
 10
5000.0
 20
-4110.0
  0
LWPOLYLINE
  5
1238
330
17
100
AcDbEntity
  8
COLUMN
100
AcDbPolyline
 90
4
 70
1
 10
5000.0
 20
-3610.0
 10
5040.0
 20
-3610.0
 10
5040.0
 20
-3570.0
 10
5000.0
 20
-3570.0
  0
LWPOLYLINE
  5
1239
330
17
100
AcDbEntity
  8
COLUMN
100
AcDbPolyline
 90
4
 70
1
 10
5000.0
 20
-3070.0
 10
5040.0
 20
-3070.0
 10
5040.0
 20
-3030.0
 10
5000.0
 20
-3030.0
  0
CIRCLE
  5
123A
330
17
100
AcDbEntity
  8
COLUMN
100
AcDbCircle
 10
5020.0
 20
-2510.0
 30
0.0
 40
22.5
  0
LWPOLYLINE
  5
123B
330
17
100
AcDbEntity
  8
COLUMN
100
AcDbPolyline
 90
4
 70
1
 10
5000.0
 20
-1990.0
 10
5040.0
 20
-1990.0
 10
5040.0
 20
-1950.0
 10
5000.0
 20
-1950.0
  0
LWPOLYLINE
  5
123C
330
17
100
AcDbEntity
  8
COLUMN
100
AcDbPolyline
 90
4
 70
1
 10
5000.0
 20
-1450.0
 10
5040.0
 20
-1450.0
 10
5040.0
 20
-1410.0
 10
5000.0
 20
-1410.0
  0
LWPOLYLINE
  5
123D
330
17
100
AcDbEntity
  8
COLUMN
100
AcDbPolyline
 90
4
 70
1
 10
5540.0
 20
-4150.0
 10
5580.0
 20
-4150.0
 10
5580.0
 20
-4110.0
 10
5540.0
 20
-4110.0
  0
LWPOLYLINE
  5
123E
330
17
100
AcDbEntity
  8
COLUMN
100
AcDbPolyline
 90
4
 70
1
 10
5540.0
 20
-3610.0
 10
5580.0
 20
-3610.0
 10
5580.0
 20
-3570.0
 10
5540.0
 20
-3570.0
  0
LWPOLYLINE
  5
123F
330
17
100
AcDbEntity
  8
COLUMN
100
AcDbPolyline
 90
4
 70
1
 10
5540.0
 20
-1990.0
 10
5580.0
 20
-1990.0
 10
5580.0
 20
-1950.0
 10
5540.0
 20
-1950.0
  0
LWPOLYLINE
  5
1240
330
17
100
AcDbEntity
  8
COLUMN
100
AcDbPolyline
 90
4
 70
1
 10
5540.0
 20
-1450.0
 10
5580.0
 20
-1450.0
 10
5580.0
 20
-1410.0
 10
5540.0
 20
-1410.0
  0
LWPOLYLINE
  5
1241
330
17
100
AcDbEntity
  8
COLUMN
100
AcDbPolyline
 90
4
 70
1
 10
6080.0
 20
-4150.0
 10
6120.0
 20
-4150.0
 10
6120.0
 20
-4110.0
 10
6080.0
 20
-4110.0
  0
LWPOLYLINE
  5
1242
330
17
100
AcDbEntity
  8
COLUMN
100
AcDbPolyline
 90
4
 70
1
 10
6080.0
 20
-3610.0
 10
6120.0
 20
-3610.0
 10
6120.0
 20
-3570.0
 10
6080.0
 20
-3570.0
  0
LWPOLYLINE
  5
1243
330
17
100
AcDbEntity
  8
COLUMN
100
AcDbPolyline
 90
4
 70
1
 10
6080.0
 20
-1990.0
 10
6120.0
 20
-1990.0
 10
6120.0
 20
-1950.0
 10
6080.0
 20
-1950.0
  0
LWPOLYLINE
  5
1244
330
17
100
AcDbEntity
  8
COLUMN
100
AcDbPolyline
 90
4
 70
1
 10
6080.0
 20
-1450.0
 10
6120.0
 20
-1450.0
 10
6120.0
 20
-1410.0
 10
6080.0
 20
-1410.0
  0
LWPOLYLINE
  5
1245
330
17
100
AcDbEntity
  8
COLUMN
100
AcDbPolyline
 90
4
 70
1
 10
6620.0
 20
-4150.0
 10
6660.0
 20
-4150.0
 10
6660.0
 20
-4110.0
 10
6620.0
 20
-4110.0
  0
LWPOLYLINE
  5
1246
330
17
100
AcDbEntity
  8
COLUMN
100
AcDbPolyline
 90
4
 70
1
 10
6620.0
 20
-3610.0
 10
6660.0
 20
-3610.0
 10
6660.0
 20
-3570.0
 10
6620.0
 20
-3570.0
  0
CIRCLE
  5
1247
330
17
100
AcDbEntity
  8
COLUMN
100
AcDbCircle
 10
6640.0
 20
-3050.0
 30
0.0
 40
22.5
  0
LWPOLYLINE
  5
1248
330
17
100
AcDbEntity
  8
COLUMN
100
AcDbPolyline
 90
4
 70
1
 10
6620.0
 20
-2530.0
 10
6660.0
 20
-2530.0
 10
6660.0
 20
-2490.0
 10
6620.0
 20
-2490.0
  0
LWPOLYLINE
  5
1249
330
17
100
AcDbEntity
  8
COLUMN
100
AcDbPolyline
 90
4
 70
1
 10
6620.0
 20
-1990.0
 10
6660.0
 20
-1990.0
 10
6660.0
 20
-1950.0
 10
6620.0
 20
-1950.0
  0
LWPOLYLINE
  5
124A
330
17
100
AcDbEntity
  8
COLUMN
100
AcDbPolyline
 90
4
 70
1
 10
6620.0
 20
-1450.0
 10
6660.0
 20
-1450.0
 10
6660.0
 20
-1410.0
 10
6620.0
 20
-1410.0
  0
LWPOLYLINE
  5
124B
330
17
100
AcDbEntity
  8
COLUMN
100
AcDbPolyline
 90
4
 70
1
 10
7160.0
 20
-4150.0
 10
7200.0
 20
-4150.0
 10
7200.0
 20
-4110.0
 10
7160.0
 20
-4110.0
  0
LWPOLYLINE
  5
124C
330
17
100
AcDbEntity
  8
COLUMN
100
AcDbPolyline
 90
4
 70
1
 10
7160.0
 20
-3610.0
 10
7200.0
 20
-3610.0
 10
7200.0
 20
-3570.0
 10
7160.0
 20
-3570.0
  0
LWPOLYLINE
  5
124D
330
17
100
AcDbEntity
  8
COLUMN
100
AcDbPolyline
 90
4
 70
1
 10
7160.0
 20
-3070.0
 10
7200.0
 20
-3070.0
 10
7200.0
 20
-3030.0
 10
7160.0
 20
-3030.0
  0
LWPOLYLINE
  5
124E
330
17
100
AcDbEntity
  8
COLUMN
100
AcDbPolyline
 90
4
 70
1
 10
7160.0
 20
-2530.0
 10
7200.0
 20
-2530.0
 10
7200.0
 20
-2490.0
 10
7160.0
 20
-2490.0
  0
LWPOLYLINE
  5
124F
330
17
100
AcDbEntity
  8
COLUMN
100
AcDbPolyline
 90
4
 70
1
 10
7160.0
 20
-1990.0
 10
7200.0
 20
-1990.0
 10
7200.0
 20
-1950.0
 10
7160.0
 20
-1950.0
  0
LWPOLYLINE
  5
1250
330
17
100
AcDbEntity
  8
COLUMN
100
AcDbPolyline
 90
4
 70
1
 10
7160.0
 20
-1450.0
 10
7200.0
 20
-1450.0
 10
7200.0
 20
-1410.0
 10
7160.0
 20
-1410.0
  0
DIMENSION
  5
1252
330
17
100
AcDbEntity
  8
REB_TOP_MESH_Y
100
AcDbDimension
280
0
  2
*D274
  3
REBAR M-200
 10
4745.0
 20
-4145.0
 30
0.0
 11
4727.5
 21
-3948.75
 31
0.0
 70
32
 71
5
  1
<>
100
AcDbAlignedDimension
 13
4745.0
 23
-4145.0
 33
0.0
 14
4745.0
 24
-3752.5
 34
0.0
 50
90.0
100
AcDbRotatedDimension
  0
DIMENSION
  5
125F
330
17
100
AcDbEntity
  8
REB_TOP_MESH_Y
100
AcDbDimension
280
0
  2
*D275
  3
REBAR M-200
 10
4751.75
 20
-3837.5
 30
0.0
 11
4734.25
 21
-3537.5
 31
0.0
 70
32
 71
5
  1
<>
100
AcDbAlignedDimension
 13
4751.75
 23
-3837.5
 33
0.0
 14
4751.75
 24
-3237.5
 34
0.0
 50
90.0
100
AcDbRotatedDimension
  0
DIMENSION
  5
126C
330
17
100
AcDbEntity
  8
REB_TOP_MESH_Y
100
AcDbDimension
280
0
  2
*D276
  3
REBAR M-200
 10
4745.0
 20
-3322.5
 30
0.0
 11
4727.5
 21
-3022.5
 31
0.0
 70
32
 71
5
  1
<>
100
AcDbAlignedDimension
 13
4745.0
 23
-3322.5
 33
0.0
 14
4745.0
 24
-2722.5
 34
0.0
 50
90.0
100
AcDbRotatedDimension
  0
DIMENSION
  5
1279
330
17
100
AcDbEntity
  8
REB_TOP_MESH_Y
100
AcDbDimension
280
0
  2
*D277
  3
REBAR M-200
 10
4751.75
 20
-2807.5
 30
0.0
 11
4734.25
 21
-2507.5
 31
0.0
 70
32
 71
5
  1
<>
100
AcDbAlignedDimension
 13
4751.75
 23
-2807.5
 33
0.0
 14
4751.75
 24
-2207.5
 34
0.0
 50
90.0
100
AcDbRotatedDimension
  0
DIMENSION
  5
1286
330
17
100
AcDbEntity
  8
REB_TOP_MESH_Y
100
AcDbDimension
280
0
  2
*D278
  3
REBAR M-200
 10
4745.0
 20
-2292.5
 30
0.0
 11
4727.5
 21
-1992.5
 31
0.0
 70
32
 71
5
  1
<>
100
AcDbAlignedDimension
 13
4745.0
 23
-2292.5
 33
0.0
 14
4745.0
 24
-1692.5
 34
0.0
 50
90.0
100
AcDbRotatedDimension
  0
DIMENSION
  5
1293
330
17
100
AcDbEntity
  8
REB_TOP_MESH_Y
100
AcDbDimension
280
0
  2
*D279
  3
REBAR M-200
 10
4751.75
 20
-1777.5
 30
0.0
 11
4734.25
 21
-1596.25
 31
0.0
 70
32
 71
5
  1
<>
100
AcDbAlignedDimension
 13
4751.75
 23
-1777.5
 33
0.0
 14
4751.75
 24
-1415.0
 34
0.0
 50
90.0
100
AcDbRotatedDimension
  0
DIMENSION
  5
12A0
330
17
100
AcDbEntity
  8
REB_TOP_MESH_Y
100
AcDbDimension
280
0
  2
*D280
  3
REBAR M-200
 10
6365.0
 20
-4145.0
 30
0.0
 11
6347.5
 21
-3948.75
 31
0.0
 70
32
 71
5
  1
<>
100
AcDbAlignedDimension
 13
6365.0
 23
-4145.0
 33
0.0
 14
6365.0
 24
-3752.5
 34
0.0
 50
90.0
100
AcDbRotatedDimension
  0
DIMENSION
  5
12AD
330
17
100
AcDbEntity
  8
REB_TOP_MESH_Y
100
AcDbDimension
280
0
  2
*D281
  3
REBAR M-200
 10
6371.75
 20
-3837.5
 30
0.0
 11
6354.25
 21
-3537.5
 31
0.0
 70
32
 71
5
  1
<>
100
AcDbAlignedDimension
 13
6371.75
 23
-3837.5
 33
0.0
 14
6371.75
 24
-3237.5
 34
0.0
 50
90.0
100
AcDbRotatedDimension
  0
DIMENSION
  5
12BA
330
17
100
AcDbEntity
  8
REB_TOP_MESH_Y
100
AcDbDimension
280
0
  2
*D282
  3
REBAR M-200
 10
6365.0
 20
-3322.5
 30
0.0
 11
6347.5
 21
-3022.5
 31
0.0
 70
32
 71
5
  1
<>
100
AcDbAlignedDimension
 13
6365.0
 23
-3322.5
 33
0.0
 14
6365.0
 24
-2722.5
 34
0.0
 50
90.0
100
AcDbRotatedDimension
  0
DIMENSION
  5
12C7
330
17
100
AcDbEntity
  8
REB_TOP_MESH_Y
100
AcDbDimension
280
0
  2
*D283
  3
REBAR M-200
 10
6371.75
 20
-2807.5
 30
0.0
 11
6354.25
 21
-2507.5
 31
0.0
 70
32
 71
5
  1
<>
100
AcDbAlignedDimension
 13
6371.75
 23
-2807.5
 33
0.0
 14
6371.75
 24
-2207.5
 34
0.0
 50
90.0
100
AcDbRotatedDimension
  0
DIMENSION
  5
12D4
330
17
100
AcDbEntity
  8
REB_TOP_MESH_Y
100
AcDbDimension
280
0
  2
*D284
  3
REBAR M-200
 10
6365.0
 20
-2292.5
 30
0.0
 11
6347.5
 21
-1992.5
 31
0.0
 70
32
 71
5
  1
<>
100
AcDbAlignedDimension
 13
6365.0
 23
-2292.5
 33
0.0
 14
6365.0
 24
-1692.5
 34
0.0
 50
90.0
100
AcDbRotatedDimension
  0
DIMENSION
  5
12E1
330
17
100
AcDbEntity
  8
REB_TOP_MESH_Y
100
AcDbDimension
280
0
  2
*D285
  3
REBAR M-200
 10
6371.75
 20
-1777.5
 30
0.0
 11
6354.25
 21
-1596.25
 31
0.0
 70
32
 71
5
  1
<>
100
AcDbAlignedDimension
 13
6371.75
 23
-1777.5
 33
0.0
 14
6371.75
 24
-1415.0
 34
0.0
 50
90.0
100
AcDbRotatedDimension
  0
DIMENSION
  5
12EE
330
17
100
AcDbEntity
  8
REB_TOP_MESH_Y
100
AcDbDimension
280
0
  2
*D286
  3
REBAR M-200
 10
6905.0
 20
-4145.0
 30
0.0
 11
6887.5
 21
-3948.75
 31
0.0
 70
32
 71
5
  1
<>
100
AcDbAlignedDimension
 13
6905.0
 23
-4145.0
 33
0.0
 14
6905.0
 24
-3752.5
 34
0.0
 50
90.0
100
AcDbRotatedDimension
  0
DIMENSION
  5
12FB
330
17
100
AcDbEntity
  8
REB_TOP_MESH_Y
100
AcDbDimension
280
0
  2
*D287
  3
REBAR M-200
 10
6911.75
 20
-3837.5
 30
0.0
 11
6894.25
 21
-3537.5
 31
0.0
 70
32
 71
5
  1
<>
100
AcDbAlignedDimension
 13
6911.75
 23
-3837.5
 33
0.0
 14
6911.75
 24
-3237.5
 34
0.0
 50
90.0
100
AcDbRotatedDimension
  0
DIMENSION
  5
1308
330
17
100
AcDbEntity
  8
REB_TOP_MESH_Y
100
AcDbDimension
280
0
  2
*D288
  3
REBAR M-200
 10
6905.0
 20
-3322.5
 30
0.0
 11
6887.5
 21
-3022.5
 31
0.0
 70
32
 71
5
  1
<>
100
AcDbAlignedDimension
 13
6905.0
 23
-3322.5
 33
0.0
 14
6905.0
 24
-2722.5
 34
0.0
 50
90.0
100
AcDbRotatedDimension
  0
DIMENSION
  5
1315
330
17
100
AcDbEntity
  8
REB_TOP_MESH_Y
100
AcDbDimension
280
0
  2
*D289
  3
REBAR M-200
 10
6911.75
 20
-2807.5
 30
0.0
 11
6894.25
 21
-2507.5
 31
0.0
 70
32
 71
5
  1
<>
100
AcDbAlignedDimension
 13
6911.75
 23
-2807.5
 33
0.0
 14
6911.75
 24
-2207.5
 34
0.0
 50
90.0
100
AcDbRotatedDimension
  0
DIMENSION
  5
1322
330
17
100
AcDbEntity
  8
REB_TOP_MESH_Y
100
AcDbDimension
280
0
  2
*D290
  3
REBAR M-200
 10
6905.0
 20
-2292.5
 30
0.0
 11
6887.5
 21
-1992.5
 31
0.0
 70
32
 71
5
  1
<>
100
AcDbAlignedDimension
 13
6905.0
 23
-2292.5
 33
0.0
 14
6905.0
 24
-1692.5
 34
0.0
 50
90.0
100
AcDbRotatedDimension
  0
DIMENSION
  5
132F
330
17
100
AcDbEntity
  8
REB_TOP_MESH_Y
100
AcDbDimension
280
0
  2
*D291
  3
REBAR M-200
 10
6911.75
 20
-1777.5
 30
0.0
 11
6894.25
 21
-1596.25
 31
0.0
 70
32
 71
5
  1
<>
100
AcDbAlignedDimension
 13
6911.75
 23
-1777.5
 33
0.0
 14
6911.75
 24
-1415.0
 34
0.0
 50
90.0
100
AcDbRotatedDimension
  0
DIMENSION
  5
133C
330
17
100
AcDbEntity
  8
REB_TOP_MESH_Y
100
AcDbDimension
280
0
  2
*D292
  3
REBAR M-200
 10
5825.0
 20
-4145.0
 30
0.0
 11
5807.5
 21
-3948.75
 31
0.0
 70
32
 71
5
  1
<>
100
AcDbAlignedDimension
 13
5825.0
 23
-4145.0
 33
0.0
 14
5825.0
 24
-3752.5
 34
0.0
 50
90.0
100
AcDbRotatedDimension
  0
DIMENSION
  5
1349
330
17
100
AcDbEntity
  8
REB_TOP_MESH_Y
100
AcDbDimension
280
0
  2
*D293
  3
REBAR M-200
 10
5831.75
 20
-3837.5
 30
0.0
 11
5814.25
 21
-3537.5
 31
0.0
 70
32
 71
5
  1
<>
100
AcDbAlignedDimension
 13
5831.75
 23
-3837.5
 33
0.0
 14
5831.75
 24
-3237.5
 34
0.0
 50
90.0
100
AcDbRotatedDimension
  0
DIMENSION
  5
1356
330
17
100
AcDbEntity
  8
REB_TOP_MESH_Y
100
AcDbDimension
280
0
  2
*D294
  3
REBAR M-200
 10
5825.0
 20
-3322.5
 30
0.0
 11
5807.5
 21
-3173.75
 31
0.0
 70
32
 71
5
  1
<>
100
AcDbAlignedDimension
 13
5825.0
 23
-3322.5
 33
0.0
 14
5825.0
 24
-3025.0
 34
0.0
 50
90.0
100
AcDbRotatedDimension
  0
DIMENSION
  5
1363
330
17
100
AcDbEntity
  8
REB_TOP_MESH_Y
100
AcDbDimension
280
0
  2
*D295
  3
REBAR M-200
 10
5825.0
 20
-2535.0
 30
0.0
 11
5807.5
 21
-2333.75
 31
0.0
 70
32
 71
5
  1
<>
100
AcDbAlignedDimension
 13
5825.0
 23
-2535.0
 33
0.0
 14
5825.0
 24
-2132.5
 34
0.0
 50
90.0
100
AcDbRotatedDimension
  0
DIMENSION
  5
1370
330
17
100
AcDbEntity
  8
REB_TOP_MESH_Y
100
AcDbDimension
280
0
  2
*D296
  3
REBAR M-200
 10
5831.75
 20
-2217.5
 30
0.0
 11
5814.25
 21
-1917.5
 31
0.0
 70
32
 71
5
  1
<>
100
AcDbAlignedDimension
 13
5831.75
 23
-2217.5
 33
0.0
 14
5831.75
 24
-1617.5
 34
0.0
 50
90.0
100
AcDbRotatedDimension
  0
DIMENSION
  5
137D
330
17
100
AcDbEntity
  8
REB_TOP_MESH_Y
100
AcDbDimension
280
0
  2
*D297
  3
REBAR M-200
 10
5825.0
 20
-1702.5
 30
0.0
 11
5807.5
 21
-1558.75
 31
0.0
 70
32
 71
5
  1
<>
100
AcDbAlignedDimension
 13
5825.0
 23
-1702.5
 33
0.0
 14
5825.0
 24
-1415.0
 34
0.0
 50
90.0
100
AcDbRotatedDimension
  0
DIMENSION
  5
138A
330
17
100
AcDbEntity
  8
REB_TOP_MESH_Y
100
AcDbDimension
280
0
  2
*D298
  3
REBAR M-200
 10
6785.0
 20
-3415.0
 30
0.0
 11
6767.5
 21
-3313.75
 31
0.0
 70
32
 71
5
  1
<>
100
AcDbAlignedDimension
 13
6785.0
 23
-3415.0
 33
0.0
 14
6785.0
 24
-3212.5
 34
0.0
 50
90.0
100
AcDbRotatedDimension
  0
DIMENSION
  5
1397
330
17
100
AcDbEntity
  8
REB_TOP_MESH_Y
100
AcDbDimension
280
0
  2
*D299
  3
REBAR M-200
 10
6791.75
 20
-3297.5
 30
0.0
 11
6774.25
 21
-2997.5
 31
0.0
 70
32
 71
5
  1
<>
100
AcDbAlignedDimension
 13
6791.75
 23
-3297.5
 33
0.0
 14
6791.75
 24
-2697.5
 34
0.0
 50
90.0
100
AcDbRotatedDimension
  0
DIMENSION
  5
13A4
330
17
100
AcDbEntity
  8
REB_TOP_MESH_Y
100
AcDbDimension
280
0
  2
*D300
  3
REBAR M-200
 10
6785.0
 20
-2782.5
 30
0.0
 11
6767.5
 21
-2482.5
 31
0.0
 70
32
 71
5
  1
<>
100
AcDbAlignedDimension
 13
6785.0
 23
-2782.5
 33
0.0
 14
6785.0
 24
-2182.5
 34
0.0
 50
90.0
100
AcDbRotatedDimension
  0
DIMENSION
  5
13B1
330
17
100
AcDbEntity
  8
REB_TOP_MESH_Y
100
AcDbDimension
280
0
  2
*D301
  3
REBAR M-200
 10
6791.75
 20
-2267.5
 30
0.0
 11
6774.25
 21
-1967.5
 31
0.0
 70
32
 71
5
  1
<>
100
AcDbAlignedDimension
 13
6791.75
 23
-2267.5
 33
0.0
 14
6791.75
 24
-1667.5
 34
0.0
 50
90.0
100
AcDbRotatedDimension
  0
DIMENSION
  5
13BE
330
17
100
AcDbEntity
  8
REB_TOP_MESH_Y
100
AcDbDimension
280
0
  2
*D302
  3
REBAR M-200
 10
6785.0
 20
-1752.5
 30
0.0
 11
6767.5
 21
-1583.75
 31
0.0
 70
32
 71
5
  1
<>
100
AcDbAlignedDimension
 13
6785.0
 23
-1752.5
 33
0.0
 14
6785.0
 24
-1415.0
 34
0.0
 50
90.0
100
AcDbRotatedDimension
  0
DIMENSION
  5
13CB
330
17
100
AcDbEntity
  8
REB_TOP_MESH_Y
100
AcDbDimension
280
0
  2
*D303
  3
REBAR M-200
 10
6745.0
 20
-4145.0
 30
0.0
 11
6727.5
 21
-3845.0
 31
0.0
 70
32
 71
5
  1
<>
100
AcDbAlignedDimension
 13
6745.0
 23
-4145.0
 33
0.0
 14
6745.0
 24
-3545.0
 34
0.0
 50
90.0
100
AcDbRotatedDimension
  0
TEXT
  5
13D8
330
17
100
AcDbEntity
  8
REB_NOTES
 62
7
100
AcDbText
 10
5830.0
 20
-4330.0
 30
0.0
 40
37.5
  1
TOP REINFORCEMENT - DIRECTION Y
  7
REBAR_TXT
 72
1
 11
5830.0
 21
-4330.0
 31
0.0
100
AcDbText
 73
3
  0
ENDSEC
  0
SECTION
  2
OBJECTS
  0
DICTIONARY
  5
A
330
0
100
AcDbDictionary
281
1
  3
ACAD_COLOR
350
B
  3
ACAD_GROUP
350
C
  3
ACAD_LAYOUT
350
D
  3
ACAD_MATERIAL
350
E
  3
ACAD_MLEADERSTYLE
350
F
  3
ACAD_MLINESTYLE
350
10
  3
ACAD_PLOTSETTINGS
350
11
  3
ACAD_PLOTSTYLENAME
350
12
  3
ACAD_SCALELIST
350
14
  3
ACAD_TABLESTYLE
350
15
  3
ACAD_VISUALSTYLE
350
16
  3
EZDXF_META
350
2D
  0
DICTIONARY
  5
B
330
A
100
AcDbDictionary
281
1
  0
DICTIONARY
  5
C
330
A
100
AcDbDictionary
281
1
  0
DICTIONARY
  5
D
330
A
100
AcDbDictionary
281
1
  3
Model
350
1A
  3
Layout1
350
1E
  0
DICTIONARY
  5
E
330
A
100
AcDbDictionary
281
1
  3
ByBlock
350
1F
  3
ByLayer
350
20
  3
Global
350
21
  0
DICTIONARY
  5
F
330
A
100
AcDbDictionary
281
1
  3
Standard
350
2C
  0
DICTIONARY
  5
10
330
A
100
AcDbDictionary
281
1
  3
Standard
350
22
  0
DICTIONARY
  5
11
330
A
100
AcDbDictionary
281
1
  0
ACDBDICTIONARYWDFLT
  5
12
330
A
100
AcDbDictionary
281
1
  3
Normal
350
13
100
AcDbDictionaryWithDefault
340
13
  0
ACDBPLACEHOLDER
  5
13
330
12
  0
DICTIONARY
  5
14
330
A
100
AcDbDictionary
281
1
  0
DICTIONARY
  5
15
330
A
100
AcDbDictionary
281
1
  0
DICTIONARY
  5
16
330
A
100
AcDbDictionary
281
1
  3
2dWireframe
350
5A
  3
Basic
350
5B
  3
Brighten
350
5C
  3
ColorChange
350
5D
  3
Conceptual
350
5E
  3
Dim
350
5F
  3
EdgeColorOff
350
60
  3
Facepattern
350
61
  3
Flat
350
62
  3
FlatWithEdges
350
63
  3
Gouraud
350
64
  3
GouraudWithEdges
350
65
  3
Hidden
350
66
  3
JitterOff
350
67
  3
Linepattern
350
68
  3
Modeling
350
69
  3
OverhangOff
350
6A
  3
Realistic
350
6B
  3
Shaded
350
6C
  3
Shaded with edges
350
6D
  3
Shades of Gray
350
6E
  3
Sketchy
350
6F
  3
Thicken
350
70
  3
Wireframe
350
71
  3
X-Ray
350
72
  0
LAYOUT
  5
1A
330
D
100
AcDbPlotSettings
  1

  4
A3
  6

 40
7.5
 41
20.0
 42
7.5
 43
20.0
 44
420.0
 45
297.0
 46
0.0
 47
0.0
 48
0.0
 49
0.0
140
0.0
141
0.0
142
1.0
143
1.0
 70
1024
 72
1
 73
0
 74
5
  7

 75
16
 76
0
 77
2
 78
300
147
1.0
148
0.0
149
0.0
100
AcDbLayout
  1
Model
 70
1
 71
0
 10
0.0
 20
0.0
 11
420.0
 21
297.0
 12
0.0
 22
0.0
 32
0.0
 14
1e+20
 24
1e+20
 34
1e+20
 15
-1e+20
 25
-1e+20
 35
-1e+20
146
0.0
 13
0.0
 23
0.0
 33
0.0
 16
1.0
 26
0.0
 36
0.0
 17
0.0
 27
1.0
 37
0.0
 76
1
330
17
  0
LAYOUT
  5
1E
330
D
100
AcDbPlotSettings
  1

  4
A3
  6

 40
7.5
 41
20.0
 42
7.5
 43
20.0
 44
420.0
 45
297.0
 46
0.0
 47
0.0
 48
0.0
 49
0.0
140
0.0
141
0.0
142
1.0
143
1.0
 70
0
 72
1
 73
0
 74
5
  7

 75
16
 76
0
 77
2
 78
300
147
1.0
148
0.0
149
0.0
100
AcDbLayout
  1
Layout1
 70
1
 71
1
 10
0.0
 20
0.0
 11
420.0
 21
297.0
 12
0.0
 22
0.0
 32
0.0
 14
1e+20
 24
1e+20
 34
1e+20
 15
-1e+20
 25
-1e+20
 35
-1e+20
146
0.0
 13
0.0
 23
0.0
 33
0.0
 16
1.0
 26
0.0
 36
0.0
 17
0.0
 27
1.0
 37
0.0
 76
1
330
1B
  0
MATERIAL
  5
1F
102
{ACAD_REACTORS
330
E
102
}
330
E
100
AcDbMaterial
  1
ByBlock
  2

 70
0
 40
1.0
 71
1
 41
1.0
 91
-1023410177
 42
1.0
 72
1
  3

 73
1
 74
1
 75
1
 44
0.5
 73
0
 45
1.0
 46
1.0
 77
1
  4

 78
1
 79
1
170
1
 48
1.0
171
1
  6

172
1
173
1
174
1
140
1.0
141
1.0
175
1
  7

176
1
177
1
178
1
143
1.0
179
1
  8

270
1
271
1
272
1
145
1.0
146
1.0
273
1
  9

274
1
275
1
276
1
 42
1.0
 72
1
  3

 73
1
 74
1
 75
1
 94
63
  0
MATERIAL
  5
20
102
{ACAD_REACTORS
330
E
102
}
330
E
100
AcDbMaterial
  1
ByLayer
  2

 70
0
 40
1.0
 71
1
 41
1.0
 91
-1023410177
 42
1.0
 72
1
  3

 73
1
 74
1
 75
1
 44
0.5
 73
0
 45
1.0
 46
1.0
 77
1
  4

 78
1
 79
1
170
1
 48
1.0
171
1
  6

172
1
173
1
174
1
140
1.0
141
1.0
175
1
  7

176
1
177
1
178
1
143
1.0
179
1
  8

270
1
271
1
272
1
145
1.0
146
1.0
273
1
  9

274
1
275
1
276
1
 42
1.0
 72
1
  3

 73
1
 74
1
 75
1
 94
63
  0
MATERIAL
  5
21
102
{ACAD_REACTORS
330
E
102
}
330
E
100
AcDbMaterial
  1
Global
  2

 70
0
 40
1.0
 71
1
 41
1.0
 91
-1023410177
 42
1.0
 72
1
  3

 73
1
 74
1
 75
1
 44
0.5
 73
0
 45
1.0
 46
1.0
 77
1
  4

 78
1
 79
1
170
1
 48
1.0
171
1
  6

172
1
173
1
174
1
140
1.0
141
1.0
175
1
  7

176
1
177
1
178
1
143
1.0
179
1
  8

270
1
271
1
272
1
145
1.0
146
1.0
273
1
  9

274
1
275
1
276
1
 42
1.0
 72
1
  3

 73
1
 74
1
 75
1
 94
63
  0
MLINESTYLE
  5
22
102
{ACAD_REACTORS
330
10
102
}
330
10
100
AcDbMlineStyle
  2
Standard
 70
0
  3

 62
256
 51
90.0
 52
90.0
 71
2
 49
0.5
 62
256
  6
BYLAYER
 49
-0.5
 62
256
  6
BYLAYER
  0
MLEADERSTYLE
  5
2C
102
{ACAD_REACTORS
330
F
102
}
330
F
100
AcDbMLeaderStyle
179
2
170
2
171
1
172
0
 90
2
 40
0.0
 41
0.0
173
1
 91
-1056964608
 92
-2
290
1
 42
2.0
291
1
 43
8.0
  3
Standard
 44
4.0
300

342
29
174
1
175
1
176
0
178
1
 93
-1056964608
 45
4.0
292
0
297
0
 46
4.0
 94
-1056964608
 47
1.0
 49
1.0
140
1.0
294
1
141
0.0
177
0
142
1.0
295
0
296
0
143
3.75
271
0
272
9
273
9
  0
DICTIONARY
  5
2D
330
A
100
AcDbDictionary
280
1
281
1
  3
CREATED_BY_EZDXF
350
2E
  3
WRITTEN_BY_EZDXF
350
D1
  0
DICTIONARYVAR
  5
2E
330
2D
100
DictionaryVariables
280
0
  1
1.4.4 @ 2026-10-03T17:57:20.626646+00:00
  0
VISUALSTYLE
  5
5A
102
{ACAD_REACTORS
330
16
102
}
330
16
100
AcDbVisualStyle
  2
2dWireframe
 70
4
 90
0
 40
0.6
 62
7
290
0
291
0
  0
VISUALSTYLE
  5
5B
102
{ACAD_REACTORS
330
16
102
}
330
16
100
AcDbVisualStyle
  2
Basic
 70
7
 90
1
 40
0.6
 62
7
290
0
291
1
  0
VISUALSTYLE
  5
5C
102
{ACAD_REACTORS
330
16
102
}
330
16
100
AcDbVisualStyle
  2
Brighten
 70
12
 90
2
 40
0.6
 62
7
290
0
291
1
  0
VISUALSTYLE
  5
5D
102
{ACAD_REACTORS
330
16
102
}
330
16
100
AcDbVisualStyle
  2
ColorChange
 70
16
 90
2
 40
0.6
 62
8
290
0
291
1
  0
VISUALSTYLE
  5
5E
102
{ACAD_REACTORS
330
16
102
}
330
16
100
AcDbVisualStyle
  2
Conceptual
 70
9
 90
3
 40
0.6
 62
7
290
0
291
0
  0
VISUALSTYLE
  5
5F
102
{ACAD_REACTORS
330
16
102
}
330
16
100
AcDbVisualStyle
  2
Dim
 70
11
 90
2
 40
0.6
 62
7
290
0
291
1
  0
VISUALSTYLE
  5
60
102
{ACAD_REACTORS
330
16
102
}
330
16
100
AcDbVisualStyle
  2
EdgeColorOff
 70
22
 90
2
 40
0.6
 62
7
290
0
291
1
  0
VISUALSTYLE
  5
61
102
{ACAD_REACTORS
330
16
102
}
330
16
100
AcDbVisualStyle
  2
Facepattern
 70
15
 90
2
 40
0.6
 62
7
290
0
291
1
  0
VISUALSTYLE
  5
62
102
{ACAD_REACTORS
330
16
102
}
330
16
100
AcDbVisualStyle
  2
Flat
 70
0
 90
2
 40
0.6
 62
7
290
0
291
1
  0
VISUALSTYLE
  5
63
102
{ACAD_REACTORS
330
16
102
}
330
16
100
AcDbVisualStyle
  2
FlatWithEdges
 70
1
 90
2
 40
0.6
 62
7
290
0
291
1
  0
VISUALSTYLE
  5
64
102
{ACAD_REACTORS
330
16
102
}
330
16
100
AcDbVisualStyle
  2
Gouraud
 70
2
 90
2
 40
0.6
 62
7
290
0
291
1
  0
VISUALSTYLE
  5
65
102
{ACAD_REACTORS
330
16
102
}
330
16
100
AcDbVisualStyle
  2
GouraudWithEdges
 70
3
 90
2
 40
0.6
 62
7
290
0
291
1
  0
VISUALSTYLE
  5
66
102
{ACAD_REACTORS
330
16
102
}
330
16
100
AcDbVisualStyle
  2
Hidden
 70
6
 90
1
 40
0.6
 62
7
290
0
291
0
  0
VISUALSTYLE
  5
67
102
{ACAD_REACTORS
330
16
102
}
330
16
100
AcDbVisualStyle
  2
JitterOff
 70
20
 90
2
 40
0.6
 62
7
290
0
291
1
  0
VISUALSTYLE
  5
68
102
{ACAD_REACTORS
330
16
102
}
330
16
100
AcDbVisualStyle
  2
Linepattern
 70
14
 90
2
 40
0.6
 62
7
290
0
291
1
  0
VISUALSTYLE
  5
69
102
{ACAD_REACTORS
330
16
102
}
330
16
100
AcDbVisualStyle
  2
Modeling
 70
10
 90
2
 40
0.6
 62
7
290
0
291
0
  0
VISUALSTYLE
  5
6A
102
{ACAD_REACTORS
330
16
102
}
330
16
100
AcDbVisualStyle
  2
OverhangOff
 70
21
 90
2
 40
0.6
 62
7
290
0
291
1
  0
VISUALSTYLE
  5
6B
102
{ACAD_REACTORS
330
16
102
}
330
16
100
AcDbVisualStyle
  2
Realistic
 70
8
 90
2
 40
0.6
 62
7
290
0
291
0
  0
VISUALSTYLE
  5
6C
102
{ACAD_REACTORS
330
16
102
}
330
16
100
AcDbVisualStyle
  2
Shaded
 70
27
 90
2
 40
0.6
 62
7
290
0
291
0
  0
VISUALSTYLE
  5
6D
102
{ACAD_REACTORS
330
16
102
}
330
16
100
AcDbVisualStyle
  2
Shaded with edges
 70
26
 90
2
 40
0.6
 62
7
290
0
291
0
  0
VISUALSTYLE
  5
6E
102
{ACAD_REACTORS
330
16
102
}
330
16
100
AcDbVisualStyle
  2
Shades of Gray
 70
23
 90
2
 40
0.6
 62
7
290
0
291
0
  0
VISUALSTYLE
  5
6F
102
{ACAD_REACTORS
330
16
102
}
330
16
100
AcDbVisualStyle
  2
Sketchy
 70
24
 90
1
 40
0.6
 62
7
290
0
291
0
  0
VISUALSTYLE
  5
70
102
{ACAD_REACTORS
330
16
102
}
330
16
100
AcDbVisualStyle
  2
Thicken
 70
13
 90
2
 40
0.6
 62
7
290
0
291
1
  0
VISUALSTYLE
  5
71
102
{ACAD_REACTORS
330
16
102
}
330
16
100
AcDbVisualStyle
  2
Wireframe
 70
5
 90
0
 40
0.6
 62
7
290
0
291
0
  0
VISUALSTYLE
  5
72
102
{ACAD_REACTORS
330
16
102
}
330
16
100
AcDbVisualStyle
  2
X-Ray
 70
25
 90
2
 40
0.5
 62
7
290
0
291
0
  0
DICTIONARYVAR
  5
D1
330
2D
100
DictionaryVariables
280
0
  1
1.4.4 @ 2026-10-04T08:13:34.014359+00:00
  0
ENDSEC
  0
EOF
